                                                                                                                                                                                         28 Sep 2025 15:13:46
Facility-Raisting-Receiver-DLRx-To-Satellite-CommSat-Transmitter-DLTx:  Link Budget


      Time (UTCG)          EIRP (dBW)    Rcvd. Frequency (GHz)    Rcvd. Iso. Power (dBW)    Flux Density (dBW/m^2)    g/T (dB/K)    C/No (dB*Hz)    Bandwidth (kHz)    C/N (dB)    Eb/No (dB)         BER    
-----------------------    ----------    ---------------------    ----------------------    ----------------------    ----------    ------------    ---------------    --------    ----------    ------------
1 May 2024 06:27:40.066        23.010                 1.500031                  -141.809               -116.831885     17.000000      103.789744          32000.000     28.7382       31.7485    1.000000e-30
1 May 2024 06:28:40.000        23.010                 1.500031                  -140.558               -115.580931     17.000000      105.040698          32000.000     29.9892       32.9995    1.000000e-30
1 May 2024 06:29:40.000        23.010                 1.500029                  -139.150               -114.172838     17.000000      106.448791          32000.000     31.3973       34.4076    1.000000e-30
1 May 2024 06:30:40.000        23.010                 1.500027                  -137.588               -112.610086     17.000000      108.011543          32000.000     32.9600       35.9703    1.000000e-30
1 May 2024 06:31:40.000        23.010                 1.500022                  -135.940               -110.962705     17.000000      109.658924          32000.000     34.6074       37.6177    1.000000e-30
1 May 2024 06:32:40.000        23.010                 1.500014                  -134.466               -109.488094     17.000000      111.133536          32000.000     36.0820       39.0923    1.000000e-30
1 May 2024 06:33:40.000        23.010                 1.500002                  -133.712               -108.734859     17.000000      111.886770          32000.000     36.8353       39.8456    1.000000e-30
1 May 2024 06:34:40.000        23.010                 1.499989                  -134.137               -109.159907     17.000000      111.461722          32000.000     36.4102       39.4205    1.000000e-30
1 May 2024 06:35:40.000        23.010                 1.499980                  -135.466               -110.488280     17.000000      110.133349          32000.000     35.0818       38.0921    1.000000e-30
1 May 2024 06:36:40.000        23.010                 1.499974                  -137.101               -112.123796     17.000000      108.497833          32000.000     33.4463       36.4566    1.000000e-30
1 May 2024 06:37:40.000        23.010                 1.499971                  -138.702               -113.724062     17.000000      106.897567          32000.000     31.8461       34.8564    1.000000e-30
1 May 2024 06:38:40.000        23.010                 1.499970                  -140.157               -115.179468     17.000000      105.442161          32000.000     30.3907       33.4010    1.000000e-30
1 May 2024 06:39:40.000        23.010                 1.499969                  -141.454               -116.476077     17.000000      104.145552          32000.000     29.0941       32.1044    1.000000e-30
1 May 2024 06:39:44.909        23.010                 1.499969                  -141.553               -116.575525     17.000000      104.046104          32000.000     28.9946       32.0049    1.000000e-30

      Time (UTCG)          EIRP (dBW)    Rcvd. Frequency (GHz)    Rcvd. Iso. Power (dBW)    Flux Density (dBW/m^2)    g/T (dB/K)    C/No (dB*Hz)    Bandwidth (kHz)    C/N (dB)    Eb/No (dB)         BER    
-----------------------    ----------    ---------------------    ----------------------    ----------------------    ----------    ------------    ---------------    --------    ----------    ------------
1 May 2024 08:01:48.824        23.010                 1.500001                  -151.494               -126.516906     17.000000       94.104724          32000.000     19.0532       22.0635    1.000000e-30
1 May 2024 08:02:48.000        23.010                 1.500000                  -151.483               -126.505278     17.000000       94.116351          32000.000     19.0649       22.0752    1.000000e-30
1 May 2024 08:03:48.000        23.010                 1.499999                  -151.483               -126.505912     17.000000       94.115717          32000.000     19.0642       22.0745    1.000000e-30
1 May 2024 08:04:48.000        23.010                 1.499998                  -151.496               -126.518682     17.000000       94.102948          32000.000     19.0514       22.0617    1.000000e-30
1 May 2024 08:05:48.000        23.010                 1.499998                  -151.521               -126.543110     17.000000       94.078519          32000.000     19.0270       22.0373    1.000000e-30
1 May 2024 08:06:48.000        23.010                 1.499997                  -151.556               -126.578636     17.000000       94.042993          32000.000     18.9915       22.0018    1.000000e-30
1 May 2024 08:07:48.000        23.010                 1.499996                  -151.602               -126.624628     17.000000       93.997001          32000.000     18.9455       21.9558    1.000000e-30
1 May 2024 08:08:48.000        23.010                 1.499995                  -151.658               -126.680403     17.000000       93.941226          32000.000     18.8897       21.9000    1.000000e-30
1 May 2024 08:09:48.000        23.010                 1.499994                  -151.723               -126.745241     17.000000       93.876388          32000.000     18.8249       21.8352    1.000000e-30
1 May 2024 08:10:48.000        23.010                 1.499994                  -151.796               -126.818403     17.000000       93.803226          32000.000     18.7517       21.7620    1.000000e-30
1 May 2024 08:11:48.000        23.010                 1.499993                  -151.877               -126.899142     17.000000       93.722487          32000.000     18.6710       21.6813    1.000000e-30
1 May 2024 08:12:48.000        23.010                 1.499992                  -151.964               -126.986716     17.000000       93.634913          32000.000     18.5834       21.5937    1.000000e-30
1 May 2024 08:13:48.000        23.010                 1.499992                  -152.058               -127.080400     17.000000       93.541229          32000.000     18.4897       21.5000    1.000000e-30
1 May 2024 08:14:48.000        23.010                 1.499991                  -152.157               -127.179492     17.000000       93.442137          32000.000     18.3906       21.4009    1.000000e-30
1 May 2024 08:15:48.000        23.010                 1.499991                  -152.261               -127.283324     17.000000       93.338306          32000.000     18.2868       21.2971    1.000000e-30
1 May 2024 08:16:48.000        23.010                 1.499990                  -152.369               -127.391259     17.000000       93.230370          32000.000     18.1789       21.1892    1.000000e-30
1 May 2024 08:17:48.000        23.010                 1.499990                  -152.480               -127.502705     17.000000       93.118924          32000.000     18.0674       21.0777    1.000000e-30
1 May 2024 08:18:48.000        23.010                 1.499989                  -152.595               -127.617107     17.000000       93.004522          32000.000     17.9530       20.9633    1.000000e-30
1 May 2024 08:19:48.000        23.010                 1.499989                  -152.711               -127.733953     17.000000       92.887676          32000.000     17.8362       20.8465    1.000000e-30
1 May 2024 08:20:48.000        23.010                 1.499989                  -152.830               -127.852773     17.000000       92.768856          32000.000     17.7174       20.7277    1.000000e-30
1 May 2024 08:21:48.000        23.010                 1.499988                  -152.951               -127.973140     17.000000       92.648489          32000.000     17.5970       20.6073    1.000000e-30
1 May 2024 08:22:48.000        23.010                 1.499988                  -153.072               -128.094664     17.000000       92.526965          32000.000     17.4755       20.4858    1.000000e-30
1 May 2024 08:23:48.000        23.010                 1.499988                  -153.195               -128.216994     17.000000       92.404635          32000.000     17.3531       20.3634    1.000000e-30
1 May 2024 08:24:48.000        23.010                 1.499988                  -153.317               -128.339814     17.000000       92.281815          32000.000     17.2303       20.2406    1.000000e-30
1 May 2024 08:25:48.000        23.010                 1.499988                  -153.440               -128.462843     17.000000       92.158787          32000.000     17.1073       20.1176    1.000000e-30
1 May 2024 08:26:48.000        23.010                 1.499987                  -153.563               -128.585828     17.000000       92.035801          32000.000     16.9843       19.9946    1.000000e-30
1 May 2024 08:27:48.000        23.010                 1.499987                  -153.686               -128.708549     17.000000       91.913080          32000.000     16.8616       19.8719    1.000000e-30
1 May 2024 08:28:48.000        23.010                 1.499987                  -153.808               -128.830808     17.000000       91.790821          32000.000     16.7393       19.7496    1.000000e-30
1 May 2024 08:29:48.000        23.010                 1.499987                  -153.930               -128.952434     17.000000       91.669195          32000.000     16.6177       19.6280    1.000000e-30
1 May 2024 08:30:48.000        23.010                 1.499987                  -154.051               -129.073276     17.000000       91.548354          32000.000     16.4969       19.5072    1.000000e-30
1 May 2024 08:31:48.000        23.010                 1.499987                  -154.171               -129.193202     17.000000       91.428427          32000.000     16.3769       19.3872    1.000000e-30
1 May 2024 08:32:48.000        23.010                 1.499987                  -154.290               -129.312101     17.000000       91.309528          32000.000     16.2580       19.2683    1.000000e-30
1 May 2024 08:33:48.000        23.010                 1.499987                  -154.407               -129.429876     17.000000       91.191753          32000.000     16.1403       19.1506    1.000000e-30
1 May 2024 08:34:48.000        23.010                 1.499987                  -154.524               -129.546443     17.000000       91.075186          32000.000     16.0237       19.0340    1.000000e-30
1 May 2024 08:35:48.000        23.010                 1.499987                  -154.639               -129.661733     17.000000       90.959896          32000.000     15.9084       18.9187    1.000000e-30
1 May 2024 08:36:48.000        23.010                 1.499987                  -154.753               -129.775689     17.000000       90.845940          32000.000     15.7944       18.8047    1.000000e-30
1 May 2024 08:37:48.000        23.010                 1.499987                  -154.866               -129.888261     17.000000       90.733368          32000.000     15.6819       18.6922    1.000000e-30
1 May 2024 08:38:48.000        23.010                 1.499987                  -154.977               -129.999411     17.000000       90.622218          32000.000     15.5707       18.5810    1.000000e-30
1 May 2024 08:39:48.000        23.010                 1.499987                  -155.087               -130.109107     17.000000       90.512522          32000.000     15.4610       18.4713    1.000000e-30
1 May 2024 08:40:48.000        23.010                 1.499987                  -155.195               -130.217327     17.000000       90.404302          32000.000     15.3528       18.3631    1.000000e-30
1 May 2024 08:41:48.000        23.010                 1.499987                  -155.302               -130.324052     17.000000       90.297577          32000.000     15.2461       18.2564    1.000000e-30
1 May 2024 08:42:48.000        23.010                 1.499987                  -155.407               -130.429271     17.000000       90.192359          32000.000     15.1409       18.1512    1.468608e-30
1 May 2024 08:43:48.000        23.010                 1.499987                  -155.510               -130.532975     17.000000       90.088654          32000.000     15.0372       18.0475    6.942157e-30
1 May 2024 08:44:48.000        23.010                 1.499987                  -155.613               -130.635162     17.000000       89.986467          32000.000     14.9350       17.9453    3.095704e-29
1 May 2024 08:45:48.000        23.010                 1.499987                  -155.713               -130.735833     17.000000       89.885796          32000.000     14.8343       17.8446    1.305380e-28
1 May 2024 08:46:48.000        23.010                 1.499987                  -155.813               -130.834992     17.000000       89.786637          32000.000     14.7351       17.7454    5.217153e-28
1 May 2024 08:47:48.000        23.010                 1.499987                  -155.910               -130.932645     17.000000       89.688984          32000.000     14.6375       17.6478    1.980720e-27
1 May 2024 08:48:48.000        23.010                 1.499987                  -156.006               -131.028801     17.000000       89.592828          32000.000     14.5413       17.5516    7.158902e-27
1 May 2024 08:49:48.000        23.010                 1.499987                  -156.101               -131.123472     17.000000       89.498157          32000.000     14.4467       17.4570    2.468367e-26
1 May 2024 08:50:48.000        23.010                 1.499987                  -156.194               -131.216670     17.000000       89.404959          32000.000     14.3535       17.3638    8.135509e-26
1 May 2024 08:51:48.000        23.010                 1.499987                  -156.286               -131.308411     17.000000       89.313218          32000.000     14.2617       17.2720    2.568077e-25
1 May 2024 08:52:48.000        23.010                 1.499987                  -156.376               -131.398709     17.000000       89.222920          32000.000     14.1714       17.1817    7.778248e-25
1 May 2024 08:53:48.000        23.010                 1.499987                  -156.465               -131.487582     17.000000       89.134048          32000.000     14.0825       17.0928    2.264512e-24
1 May 2024 08:54:48.000        23.010                 1.499987                  -156.553               -131.575046     17.000000       89.046583          32000.000     13.9951       17.0054    6.347770e-24
1 May 2024 08:55:48.000        23.010                 1.499987                  -156.639               -131.661122     17.000000       88.960507          32000.000     13.9090       16.9193    1.716028e-23
1 May 2024 08:56:48.000        23.010                 1.499988                  -156.723               -131.745827     17.000000       88.875802          32000.000     13.8243       16.8346    4.480797e-23
1 May 2024 08:57:48.000        23.010                 1.499988                  -156.807               -131.829181     17.000000       88.792448          32000.000     13.7409       16.7512    1.131760e-22
1 May 2024 08:58:48.000        23.010                 1.499988                  -156.889               -131.911204     17.000000       88.710425          32000.000     13.6589       16.6692    2.769067e-22
1 May 2024 08:59:48.000        23.010                 1.499988                  -156.969               -131.991916     17.000000       88.629714          32000.000     13.5782       16.5885    6.571665e-22
1 May 2024 09:00:48.000        23.010                 1.499988                  -157.049               -132.071336     17.000000       88.550293          32000.000     13.4988       16.5091    1.514734e-21
1 May 2024 09:01:48.000        23.010                 1.499988                  -157.127               -132.149486     17.000000       88.472143          32000.000     13.4206       16.4309    3.395049e-21
1 May 2024 09:02:48.000        23.010                 1.499988                  -157.204               -132.226386     17.000000       88.395244          32000.000     13.3437       16.3540    7.408156e-21
1 May 2024 09:03:48.000        23.010                 1.499988                  -157.280               -132.302055     17.000000       88.319575          32000.000     13.2681       16.2784    1.575469e-20
1 May 2024 09:04:48.000        23.010                 1.499988                  -157.354               -132.376513     17.000000       88.245116          32000.000     13.1936       16.2039    3.268916e-20
1 May 2024 09:05:48.000        23.010                 1.499988                  -157.427               -132.449782     17.000000       88.171847          32000.000     13.1203       16.1306    6.624139e-20
1 May 2024 09:06:48.000        23.010                 1.499988                  -157.499               -132.521880     17.000000       88.099749          32000.000     13.0482       16.0585    1.312210e-19
1 May 2024 09:07:48.000        23.010                 1.499989                  -157.570               -132.592828     17.000000       88.028801          32000.000     12.9773       15.9876    2.543443e-19
1 May 2024 09:08:48.000        23.010                 1.499989                  -157.640               -132.662644     17.000000       87.958985          32000.000     12.9075       15.9178    4.827966e-19
1 May 2024 09:09:48.000        23.010                 1.499989                  -157.709               -132.731348     17.000000       87.890281          32000.000     12.8388       15.8491    8.982355e-19
1 May 2024 09:10:48.000        23.010                 1.499989                  -157.776               -132.798958     17.000000       87.822671          32000.000     12.7712       15.7815    1.639245e-18
1 May 2024 09:11:48.000        23.010                 1.499989                  -157.843               -132.865494     17.000000       87.756135          32000.000     12.7046       15.7149    2.936652e-18
1 May 2024 09:12:48.000        23.010                 1.499989                  -157.908               -132.930973     17.000000       87.690656          32000.000     12.6392       15.6495    5.168073e-18
1 May 2024 09:13:48.000        23.010                 1.499989                  -157.973               -132.995414     17.000000       87.626215          32000.000     12.5747       15.5850    8.940671e-18
1 May 2024 09:14:48.000        23.010                 1.499989                  -158.036               -133.058834     17.000000       87.562795          32000.000     12.5113       15.5216    1.521462e-17
1 May 2024 09:15:48.000        23.010                 1.499989                  -158.099               -133.121250     17.000000       87.500379          32000.000     12.4489       15.4592    2.548430e-17
1 May 2024 09:16:48.000        23.010                 1.499989                  -158.160               -133.182680     17.000000       87.438950          32000.000     12.3874       15.3977    4.204008e-17
1 May 2024 09:17:48.000        23.010                 1.499989                  -158.221               -133.243139     17.000000       87.378490          32000.000     12.3270       15.3373    6.834084e-17
1 May 2024 09:18:48.000        23.010                 1.499990                  -158.280               -133.302645     17.000000       87.318984          32000.000     12.2675       15.2778    1.095365e-16
1 May 2024 09:19:48.000        23.010                 1.499990                  -158.339               -133.361214     17.000000       87.260415          32000.000     12.2089       15.2192    1.731906e-16
1 May 2024 09:20:48.000        23.010                 1.499990                  -158.396               -133.418861     17.000000       87.202768          32000.000     12.1513       15.1616    2.702660e-16
1 May 2024 09:21:48.000        23.010                 1.499990                  -158.453               -133.475601     17.000000       87.146028          32000.000     12.0945       15.1048    4.164527e-16
1 May 2024 09:22:48.000        23.010                 1.499990                  -158.509               -133.531450     17.000000       87.090179          32000.000     12.0387       15.0490    6.339327e-16
1 May 2024 09:23:48.000        23.010                 1.499990                  -158.564               -133.586422     17.000000       87.035207          32000.000     11.9837       14.9940    9.536997e-16
1 May 2024 09:24:48.000        23.010                 1.499990                  -158.618               -133.640532     17.000000       86.981098          32000.000     11.9296       14.9399    1.418569e-15
1 May 2024 09:25:48.000        23.010                 1.499990                  -158.671               -133.693793     17.000000       86.927836          32000.000     11.8763       14.8866    2.087041e-15
1 May 2024 09:26:48.000        23.010                 1.499990                  -158.724               -133.746219     17.000000       86.875410          32000.000     11.8239       14.8342    3.038208e-15
1 May 2024 09:27:48.000        23.010                 1.499990                  -158.775               -133.797824     17.000000       86.823805          32000.000     11.7723       14.7826    4.377910e-15
1 May 2024 09:28:48.000        23.010                 1.499990                  -158.826               -133.848621     17.000000       86.773008          32000.000     11.7215       14.7318    6.246395e-15
1 May 2024 09:29:48.000        23.010                 1.499991                  -158.876               -133.898623     17.000000       86.723006          32000.000     11.6715       14.6818    8.827732e-15
1 May 2024 09:30:48.000        23.010                 1.499991                  -158.925               -133.947842     17.000000       86.673787          32000.000     11.6223       14.6326    1.236129e-14
1 May 2024 09:31:48.000        23.010                 1.499991                  -158.974               -133.996290     17.000000       86.625339          32000.000     11.5738       14.5841    1.715557e-14
1 May 2024 09:32:48.000        23.010                 1.499991                  -159.021               -134.043980     17.000000       86.577649          32000.000     11.5261       14.5364    2.360479e-14
1 May 2024 09:33:48.000        23.010                 1.499991                  -159.068               -134.090923     17.000000       86.530707          32000.000     11.4792       14.4895    3.220845e-14
1 May 2024 09:34:48.000        23.010                 1.499991                  -159.115               -134.137130     17.000000       86.484499          32000.000     11.4330       14.4433    4.359437e-14
1 May 2024 09:35:48.000        23.010                 1.499991                  -159.160               -134.182612     17.000000       86.439017          32000.000     11.3875       14.3978    5.854547e-14
1 May 2024 09:36:48.000        23.010                 1.499991                  -159.205               -134.227381     17.000000       86.394248          32000.000     11.3427       14.3530    7.803070e-14
1 May 2024 09:37:48.000        23.010                 1.499991                  -159.249               -134.271447     17.000000       86.350182          32000.000     11.2987       14.3090    1.032404e-13
1 May 2024 09:38:48.000        23.010                 1.499991                  -159.292               -134.314820     17.000000       86.306809          32000.000     11.2553       14.2656    1.356264e-13
1 May 2024 09:39:48.000        23.010                 1.499992                  -159.335               -134.357511     17.000000       86.264118          32000.000     11.2126       14.2229    1.769471e-13
1 May 2024 09:40:48.000        23.010                 1.499992                  -159.377               -134.399529     17.000000       86.222100          32000.000     11.1706       14.1809    2.293182e-13
1 May 2024 09:41:48.000        23.010                 1.499992                  -159.418               -134.440884     17.000000       86.180746          32000.000     11.1292       14.1395    2.952680e-13
1 May 2024 09:42:48.000        23.010                 1.499992                  -159.459               -134.481585     17.000000       86.140045          32000.000     11.0885       14.0988    3.777991e-13
1 May 2024 09:43:48.000        23.010                 1.499992                  -159.499               -134.521641     17.000000       86.099988          32000.000     11.0485       14.0588    4.804547e-13
1 May 2024 09:44:48.000        23.010                 1.499992                  -159.539               -134.561062     17.000000       86.060567          32000.000     11.0091       14.0194    6.073911e-13
1 May 2024 09:45:48.000        23.010                 1.499992                  -159.577               -134.599856     17.000000       86.021773          32000.000     10.9703       13.9806    7.634547e-13
1 May 2024 09:46:48.000        23.010                 1.499992                  -159.616               -134.638031     17.000000       85.983598          32000.000     10.9321       13.9424    9.542638e-13
1 May 2024 09:47:48.000        23.010                 1.499992                  -159.653               -134.675597     17.000000       85.946032          32000.000     10.8945       13.9048    1.186295e-12
1 May 2024 09:48:48.000        23.010                 1.499992                  -159.690               -134.712560     17.000000       85.909069          32000.000     10.8576       13.8679    1.466974e-12
1 May 2024 09:49:48.000        23.010                 1.499992                  -159.726               -134.748930     17.000000       85.872699          32000.000     10.8212       13.8315    1.804767e-12
1 May 2024 09:50:48.000        23.010                 1.499993                  -159.762               -134.784713     17.000000       85.836916          32000.000     10.7854       13.7957    2.209277e-12
1 May 2024 09:51:48.000        23.010                 1.499993                  -159.797               -134.819917     17.000000       85.801712          32000.000     10.7502       13.7605    2.691340e-12
1 May 2024 09:52:48.000        23.010                 1.499993                  -159.832               -134.854550     17.000000       85.767079          32000.000     10.7156       13.7259    3.263121e-12
1 May 2024 09:53:48.000        23.010                 1.499993                  -159.866               -134.888619     17.000000       85.733010          32000.000     10.6815       13.6918    3.938209e-12
1 May 2024 09:54:48.000        23.010                 1.499993                  -159.900               -134.922131     17.000000       85.699498          32000.000     10.6480       13.6583    4.731709e-12
1 May 2024 09:55:48.000        23.010                 1.499993                  -159.933               -134.955092     17.000000       85.666537          32000.000     10.6150       13.6253    5.660330e-12
1 May 2024 09:56:48.000        23.010                 1.499993                  -159.965               -134.987509     17.000000       85.634120          32000.000     10.5826       13.5929    6.742468e-12
1 May 2024 09:57:48.000        23.010                 1.499993                  -159.997               -135.019389     17.000000       85.602240          32000.000     10.5507       13.5610    7.998281e-12
1 May 2024 09:58:48.000        23.010                 1.499993                  -160.028               -135.050738     17.000000       85.570891          32000.000     10.5194       13.5297    9.449756e-12
1 May 2024 09:59:48.000        23.010                 1.499993                  -160.059               -135.081563     17.000000       85.540066          32000.000     10.4886       13.4989    1.112076e-11
1 May 2024 10:00:48.000        23.010                 1.499993                  -160.089               -135.111869     17.000000       85.509761          32000.000     10.4583       13.4686    1.303709e-11
1 May 2024 10:01:48.000        23.010                 1.499994                  -160.119               -135.141661     17.000000       85.479968          32000.000     10.4285       13.4388    1.522650e-11
1 May 2024 10:02:48.000        23.010                 1.499994                  -160.148               -135.170947     17.000000       85.450682          32000.000     10.3992       13.4095    1.771871e-11
1 May 2024 10:03:48.000        23.010                 1.499994                  -160.177               -135.199732     17.000000       85.421897          32000.000     10.3704       13.3807    2.054539e-11
1 May 2024 10:04:48.000        23.010                 1.499994                  -160.206               -135.228020     17.000000       85.393609          32000.000     10.3421       13.3524    2.374018e-11
1 May 2024 10:05:48.000        23.010                 1.499994                  -160.233               -135.255818     17.000000       85.365811          32000.000     10.3143       13.3246    2.733858e-11
1 May 2024 10:06:48.000        23.010                 1.499994                  -160.261               -135.283131     17.000000       85.338499          32000.000     10.2870       13.2973    3.137795e-11
1 May 2024 10:07:48.000        23.010                 1.499994                  -160.287               -135.309963     17.000000       85.311667          32000.000     10.2602       13.2705    3.589739e-11
1 May 2024 10:08:48.000        23.010                 1.499994                  -160.314               -135.336319     17.000000       85.285310          32000.000     10.2338       13.2441    4.093762e-11
1 May 2024 10:09:48.000        23.010                 1.499994                  -160.340               -135.362205     17.000000       85.259424          32000.000     10.2079       13.2182    4.654086e-11
1 May 2024 10:10:48.000        23.010                 1.499994                  -160.365               -135.387625     17.000000       85.234004          32000.000     10.1825       13.1928    5.275069e-11
1 May 2024 10:11:48.000        23.010                 1.499994                  -160.390               -135.412583     17.000000       85.209046          32000.000     10.1575       13.1678    5.961182e-11
1 May 2024 10:12:48.000        23.010                 1.499995                  -160.415               -135.437085     17.000000       85.184544          32000.000     10.1330       13.1433    6.716992e-11
1 May 2024 10:13:48.000        23.010                 1.499995                  -160.439               -135.461134     17.000000       85.160495          32000.000     10.1090       13.1193    7.547136e-11
1 May 2024 10:14:48.000        23.010                 1.499995                  -160.462               -135.484735     17.000000       85.136894          32000.000     10.0854       13.0957    8.456299e-11
1 May 2024 10:15:48.000        23.010                 1.499995                  -160.485               -135.507891     17.000000       85.113738          32000.000     10.0622       13.0725    9.449181e-11
1 May 2024 10:16:48.000        23.010                 1.499995                  -160.508               -135.530608     17.000000       85.091022          32000.000     10.0395       13.0498    1.053047e-10
1 May 2024 10:17:48.000        23.010                 1.499995                  -160.530               -135.552888     17.000000       85.068742          32000.000     10.0172       13.0275    1.170482e-10
1 May 2024 10:18:48.000        23.010                 1.499995                  -160.552               -135.574735     17.000000       85.046894          32000.000      9.9954       13.0057    1.297678e-10
1 May 2024 10:19:48.000        23.010                 1.499995                  -160.574               -135.596154     17.000000       85.025475          32000.000      9.9740       12.9843    1.435082e-10
1 May 2024 10:20:48.000        23.010                 1.499995                  -160.595               -135.617148     17.000000       85.004481          32000.000      9.9530       12.9633    1.583124e-10
1 May 2024 10:21:48.000        23.010                 1.499995                  -160.615               -135.637720     17.000000       84.983909          32000.000      9.9324       12.9427    1.742215e-10
1 May 2024 10:22:48.000        23.010                 1.499995                  -160.635               -135.657873     17.000000       84.963756          32000.000      9.9123       12.9226    1.912744e-10
1 May 2024 10:23:48.000        23.010                 1.499995                  -160.655               -135.677612     17.000000       84.944017          32000.000      9.8925       12.9028    2.095074e-10
1 May 2024 10:24:48.000        23.010                 1.499996                  -160.674               -135.696940     17.000000       84.924689          32000.000      9.8732       12.8835    2.289535e-10
1 May 2024 10:25:48.000        23.010                 1.499996                  -160.693               -135.715858     17.000000       84.905771          32000.000      9.8543       12.8646    2.496424e-10
1 May 2024 10:26:48.000        23.010                 1.499996                  -160.712               -135.734372     17.000000       84.887257          32000.000      9.8358       12.8461    2.716001e-10
1 May 2024 10:27:48.000        23.010                 1.499996                  -160.730               -135.752482     17.000000       84.869147          32000.000      9.8176       12.8279    2.948480e-10
1 May 2024 10:28:48.000        23.010                 1.499996                  -160.748               -135.770194     17.000000       84.851435          32000.000      9.7999       12.8102    3.194033e-10
1 May 2024 10:29:48.000        23.010                 1.499996                  -160.765               -135.787508     17.000000       84.834121          32000.000      9.7826       12.7929    3.452778e-10
1 May 2024 10:30:48.000        23.010                 1.499996                  -160.782               -135.804428     17.000000       84.817201          32000.000      9.7657       12.7760    3.724783e-10
1 May 2024 10:31:48.000        23.010                 1.499996                  -160.798               -135.820957     17.000000       84.800672          32000.000      9.7492       12.7595    4.010058e-10
1 May 2024 10:32:48.000        23.010                 1.499996                  -160.815               -135.837097     17.000000       84.784532          32000.000      9.7330       12.7433    4.308555e-10
1 May 2024 10:33:48.000        23.010                 1.499996                  -160.830               -135.852851     17.000000       84.768778          32000.000      9.7173       12.7276    4.620161e-10
1 May 2024 10:34:48.000        23.010                 1.499996                  -160.846               -135.868221     17.000000       84.753408          32000.000      9.7019       12.7122    4.944703e-10
1 May 2024 10:35:48.000        23.010                 1.499996                  -160.861               -135.883209     17.000000       84.738421          32000.000      9.6869       12.6972    5.281936e-10
1 May 2024 10:36:48.000        23.010                 1.499997                  -160.875               -135.897817     17.000000       84.723812          32000.000      9.6723       12.6826    5.631551e-10
1 May 2024 10:37:48.000        23.010                 1.499997                  -160.890               -135.912048     17.000000       84.709581          32000.000      9.6581       12.6684    5.993167e-10
1 May 2024 10:38:48.000        23.010                 1.499997                  -160.903               -135.925905     17.000000       84.695724          32000.000      9.6442       12.6545    6.366333e-10
1 May 2024 10:39:48.000        23.010                 1.499997                  -160.917               -135.939388     17.000000       84.682241          32000.000      9.6307       12.6410    6.750528e-10
1 May 2024 10:40:48.000        23.010                 1.499997                  -160.930               -135.952500     17.000000       84.669129          32000.000      9.6176       12.6279    7.145157e-10
1 May 2024 10:41:48.000        23.010                 1.499997                  -160.943               -135.965242     17.000000       84.656387          32000.000      9.6049       12.6152    7.549556e-10
1 May 2024 10:42:48.000        23.010                 1.499997                  -160.955               -135.977618     17.000000       84.644011          32000.000      9.5925       12.6028    7.962992e-10
1 May 2024 10:43:48.000        23.010                 1.499997                  -160.967               -135.989627     17.000000       84.632002          32000.000      9.5805       12.5908    8.384661e-10
1 May 2024 10:44:48.000        23.010                 1.499997                  -160.979               -136.001273     17.000000       84.620356          32000.000      9.5689       12.5792    8.813694e-10
1 May 2024 10:45:48.000        23.010                 1.499997                  -160.990               -136.012557     17.000000       84.609072          32000.000      9.5576       12.5679    9.249157e-10
1 May 2024 10:46:48.000        23.010                 1.499997                  -161.001               -136.023479     17.000000       84.598150          32000.000      9.5467       12.5570    9.690053e-10
1 May 2024 10:47:48.000        23.010                 1.499997                  -161.012               -136.034043     17.000000       84.587586          32000.000      9.5361       12.5464    1.013533e-09
1 May 2024 10:48:48.000        23.010                 1.499998                  -161.022               -136.044248     17.000000       84.577381          32000.000      9.5259       12.5362    1.058387e-09
1 May 2024 10:49:48.000        23.010                 1.499998                  -161.032               -136.054097     17.000000       84.567532          32000.000      9.5160       12.5263    1.103452e-09
1 May 2024 10:50:48.000        23.010                 1.499998                  -161.041               -136.063591     17.000000       84.558038          32000.000      9.5065       12.5168    1.148608e-09
1 May 2024 10:51:48.000        23.010                 1.499998                  -161.050               -136.072731     17.000000       84.548898          32000.000      9.4974       12.5077    1.193728e-09
1 May 2024 10:52:48.000        23.010                 1.499997                  -161.061               -136.083376     17.000000       84.538253          32000.000      9.4868       12.4971    1.248392e-09
1 May 2024 10:53:48.000        23.010                 1.499997                  -161.073               -136.095114     17.000000       84.526515          32000.000      9.4750       12.4853    1.311416e-09
1 May 2024 10:54:48.000        23.010                 1.499997                  -161.084               -136.106879     17.000000       84.514750          32000.000      9.4633       12.4735    1.377598e-09
1 May 2024 10:55:48.000        23.010                 1.499997                  -161.096               -136.118670     17.000000       84.502959          32000.000      9.4515       12.4618    1.447086e-09
1 May 2024 10:56:48.000        23.010                 1.499997                  -161.108               -136.130485     17.000000       84.491144          32000.000      9.4396       12.4499    1.520034e-09
1 May 2024 10:57:48.000        23.010                 1.499997                  -161.120               -136.142323     17.000000       84.479306          32000.000      9.4278       12.4381    1.596602e-09
1 May 2024 10:58:48.000        23.010                 1.499997                  -161.132               -136.154182     17.000000       84.467447          32000.000      9.4159       12.4262    1.676957e-09
1 May 2024 10:59:48.000        23.010                 1.499997                  -161.144               -136.166061     17.000000       84.455568          32000.000      9.4041       12.4144    1.761271e-09
1 May 2024 11:00:48.000        23.010                 1.499997                  -161.155               -136.177959     17.000000       84.443670          32000.000      9.3922       12.4025    1.849726e-09
1 May 2024 11:01:48.000        23.010                 1.499997                  -161.167               -136.189874     17.000000       84.431755          32000.000      9.3803       12.3906    1.942508e-09
1 May 2024 11:02:48.000        23.010                 1.499997                  -161.179               -136.201806     17.000000       84.419823          32000.000      9.3683       12.3786    2.039810e-09
1 May 2024 11:03:48.000        23.010                 1.499997                  -161.191               -136.213752     17.000000       84.407877          32000.000      9.3564       12.3667    2.141835e-09
1 May 2024 11:04:48.000        23.010                 1.499997                  -161.203               -136.225711     17.000000       84.395918          32000.000      9.3444       12.3547    2.248792e-09
1 May 2024 11:05:48.000        23.010                 1.499997                  -161.215               -136.237682     17.000000       84.383947          32000.000      9.3324       12.3427    2.360897e-09
1 May 2024 11:06:48.000        23.010                 1.499997                  -161.227               -136.249665     17.000000       84.371965          32000.000      9.3205       12.3308    2.478374e-09
1 May 2024 11:07:48.000        23.010                 1.499997                  -161.239               -136.261656     17.000000       84.359973          32000.000      9.3085       12.3188    2.601458e-09
1 May 2024 11:08:48.000        23.010                 1.499997                  -161.251               -136.273656     17.000000       84.347973          32000.000      9.2965       12.3068    2.730388e-09
1 May 2024 11:09:48.000        23.010                 1.499997                  -161.263               -136.285663     17.000000       84.335967          32000.000      9.2845       12.2948    2.865414e-09
1 May 2024 11:10:48.000        23.010                 1.499997                  -161.275               -136.297675     17.000000       84.323954          32000.000      9.2725       12.2828    3.006795e-09
1 May 2024 11:11:48.000        23.010                 1.499997                  -161.287               -136.309691     17.000000       84.311938          32000.000      9.2604       12.2707    3.154798e-09
1 May 2024 11:12:48.000        23.010                 1.499997                  -161.299               -136.321711     17.000000       84.299918          32000.000      9.2484       12.2587    3.309698e-09
1 May 2024 11:13:48.000        23.010                 1.499997                  -161.311               -136.333732     17.000000       84.287897          32000.000      9.2364       12.2467    3.471782e-09
1 May 2024 11:14:48.000        23.010                 1.499997                  -161.323               -136.345754     17.000000       84.275875          32000.000      9.2244       12.2347    3.641342e-09
1 May 2024 11:15:48.000        23.010                 1.499997                  -161.335               -136.357776     17.000000       84.263853          32000.000      9.2124       12.2227    3.818684e-09
1 May 2024 11:16:48.000        23.010                 1.499997                  -161.347               -136.369795     17.000000       84.251834          32000.000      9.2003       12.2106    4.004121e-09
1 May 2024 11:17:48.000        23.010                 1.499997                  -161.359               -136.381812     17.000000       84.239817          32000.000      9.1883       12.1986    4.197977e-09
1 May 2024 11:18:48.000        23.010                 1.499997                  -161.371               -136.393824     17.000000       84.227805          32000.000      9.1763       12.1866    4.400584e-09
1 May 2024 11:19:48.000        23.010                 1.499997                  -161.383               -136.405831     17.000000       84.215798          32000.000      9.1643       12.1746    4.612287e-09
1 May 2024 11:20:48.000        23.010                 1.499997                  -161.395               -136.417831     17.000000       84.203798          32000.000      9.1523       12.1626    4.833439e-09
1 May 2024 11:21:48.000        23.010                 1.499997                  -161.407               -136.429823     17.000000       84.191806          32000.000      9.1403       12.1506    5.064403e-09
1 May 2024 11:22:48.000        23.010                 1.499997                  -161.419               -136.441807     17.000000       84.179822          32000.000      9.1283       12.1386    5.305555e-09
1 May 2024 11:23:48.000        23.010                 1.499997                  -161.431               -136.453780     17.000000       84.167849          32000.000      9.1163       12.1266    5.557278e-09
1 May 2024 11:24:48.000        23.010                 1.499997                  -161.443               -136.465742     17.000000       84.155887          32000.000      9.1044       12.1147    5.819967e-09
1 May 2024 11:25:48.000        23.010                 1.499997                  -161.455               -136.477691     17.000000       84.143938          32000.000      9.0924       12.1027    6.094030e-09
1 May 2024 11:26:48.000        23.010                 1.499997                  -161.467               -136.489627     17.000000       84.132002          32000.000      9.0805       12.0908    6.379881e-09
1 May 2024 11:27:48.000        23.010                 1.499997                  -161.479               -136.501548     17.000000       84.120081          32000.000      9.0686       12.0789    6.677948e-09
1 May 2024 11:28:48.000        23.010                 1.499997                  -161.491               -136.513454     17.000000       84.108175          32000.000      9.0567       12.0670    6.988670e-09
1 May 2024 11:29:48.000        23.010                 1.499997                  -161.503               -136.525342     17.000000       84.096287          32000.000      9.0448       12.0551    7.312493e-09
1 May 2024 11:30:48.000        23.010                 1.499997                  -161.515               -136.537213     17.000000       84.084416          32000.000      9.0329       12.0432    7.649879e-09
1 May 2024 11:31:48.000        23.010                 1.499997                  -161.527               -136.549064     17.000000       84.072565          32000.000      9.0211       12.0314    8.001296e-09
1 May 2024 11:32:48.000        23.010                 1.499997                  -161.538               -136.560896     17.000000       84.060733          32000.000      9.0092       12.0195    8.367225e-09
1 May 2024 11:33:48.000        23.010                 1.499997                  -161.550               -136.572706     17.000000       84.048923          32000.000      8.9974       12.0077    8.748158e-09
1 May 2024 11:34:48.000        23.010                 1.499997                  -161.562               -136.584495     17.000000       84.037135          32000.000      8.9856       11.9959    9.144595e-09
1 May 2024 11:35:48.000        23.010                 1.499997                  -161.574               -136.596259     17.000000       84.025370          32000.000      8.9739       11.9842    9.557049e-09
1 May 2024 11:36:48.000        23.010                 1.499997                  -161.586               -136.608000     17.000000       84.013629          32000.000      8.9621       11.9724    9.986041e-09
1 May 2024 11:37:48.000        23.010                 1.499997                  -161.597               -136.619715     17.000000       84.001914          32000.000      8.9504       11.9607    1.043210e-08
1 May 2024 11:38:48.000        23.010                 1.499997                  -161.609               -136.631404     17.000000       83.990225          32000.000      8.9387       11.9490    1.089578e-08
1 May 2024 11:39:48.000        23.010                 1.499997                  -161.621               -136.643066     17.000000       83.978563          32000.000      8.9271       11.9374    1.137762e-08
1 May 2024 11:40:48.000        23.010                 1.499997                  -161.632               -136.654700     17.000000       83.966929          32000.000      8.9154       11.9257    1.187819e-08
1 May 2024 11:41:48.000        23.010                 1.499997                  -161.644               -136.666304     17.000000       83.955325          32000.000      8.9038       11.9141    1.239806e-08
1 May 2024 11:42:48.000        23.010                 1.499997                  -161.655               -136.677878     17.000000       83.943751          32000.000      8.8923       11.9026    1.293780e-08
1 May 2024 11:43:48.000        23.010                 1.499997                  -161.667               -136.689421     17.000000       83.932208          32000.000      8.8807       11.8910    1.349801e-08
1 May 2024 11:44:48.000        23.010                 1.499997                  -161.678               -136.700932     17.000000       83.920698          32000.000      8.8692       11.8795    1.407928e-08
1 May 2024 11:45:48.000        23.010                 1.499997                  -161.690               -136.712409     17.000000       83.909220          32000.000      8.8577       11.8680    1.468222e-08
1 May 2024 11:46:48.000        23.010                 1.499997                  -161.701               -136.723853     17.000000       83.897776          32000.000      8.8463       11.8566    1.530743e-08
1 May 2024 11:47:48.000        23.010                 1.499997                  -161.713               -136.735262     17.000000       83.886368          32000.000      8.8349       11.8452    1.595555e-08
1 May 2024 11:48:48.000        23.010                 1.499997                  -161.724               -136.746634     17.000000       83.874995          32000.000      8.8235       11.8338    1.662719e-08
1 May 2024 11:49:48.000        23.010                 1.499997                  -161.735               -136.757971     17.000000       83.863658          32000.000      8.8122       11.8225    1.732300e-08
1 May 2024 11:50:44.163        23.010                 1.499997                  -161.746               -136.768548     17.000000       83.853081          32000.000      8.8016       11.8119    1.799676e-08

      Time (UTCG)          EIRP (dBW)    Rcvd. Frequency (GHz)    Rcvd. Iso. Power (dBW)    Flux Density (dBW/m^2)    g/T (dB/K)    C/No (dB*Hz)    Bandwidth (kHz)    C/N (dB)    Eb/No (dB)         BER    
-----------------------    ----------    ---------------------    ----------------------    ----------------------    ----------    ------------    ---------------    --------    ----------    ------------
1 May 2024 16:46:51.241        23.010                 1.500003                  -161.837               -136.859218     17.000000       83.762411          32000.000      8.7109       11.7212    2.486856e-08
1 May 2024 16:47:51.000        23.010                 1.500003                  -161.826               -136.848889     17.000000       83.772740          32000.000      8.7212       11.7315    2.397696e-08
1 May 2024 16:48:51.000        23.010                 1.500003                  -161.816               -136.838487     17.000000       83.783142          32000.000      8.7316       11.7419    2.310933e-08
1 May 2024 16:49:51.000        23.010                 1.500003                  -161.806               -136.828054     17.000000       83.793575          32000.000      8.7421       11.7524    2.226873e-08
1 May 2024 16:50:51.000        23.010                 1.500003                  -161.795               -136.817590     17.000000       83.804039          32000.000      8.7525       11.7628    2.145452e-08
1 May 2024 16:51:51.000        23.010                 1.500003                  -161.785               -136.807097     17.000000       83.814532          32000.000      8.7630       11.7733    2.066612e-08
1 May 2024 16:52:51.000        23.010                 1.500003                  -161.774               -136.796576     17.000000       83.825053          32000.000      8.7736       11.7839    1.990291e-08
1 May 2024 16:53:51.000        23.010                 1.500003                  -161.764               -136.786027     17.000000       83.835602          32000.000      8.7841       11.7944    1.916430e-08
1 May 2024 16:54:51.000        23.010                 1.500003                  -161.753               -136.775451     17.000000       83.846178          32000.000      8.7947       11.8050    1.844968e-08
1 May 2024 16:55:51.000        23.010                 1.500003                  -161.742               -136.764850     17.000000       83.856779          32000.000      8.8053       11.8156    1.775848e-08
1 May 2024 16:56:51.000        23.010                 1.500003                  -161.732               -136.754224     17.000000       83.867405          32000.000      8.8159       11.8262    1.709009e-08
1 May 2024 16:57:51.000        23.010                 1.500003                  -161.721               -136.743575     17.000000       83.878054          32000.000      8.8266       11.8369    1.644394e-08
1 May 2024 16:58:51.000        23.010                 1.500003                  -161.710               -136.732903     17.000000       83.888727          32000.000      8.8372       11.8475    1.581947e-08
1 May 2024 16:59:51.000        23.010                 1.500003                  -161.700               -136.722209     17.000000       83.899421          32000.000      8.8479       11.8582    1.521609e-08
1 May 2024 17:00:51.000        23.010                 1.500003                  -161.689               -136.711494     17.000000       83.910135          32000.000      8.8586       11.8689    1.463325e-08
1 May 2024 17:01:51.000        23.010                 1.500003                  -161.678               -136.700759     17.000000       83.920870          32000.000      8.8694       11.8797    1.407040e-08
1 May 2024 17:02:51.000        23.010                 1.500003                  -161.668               -136.690006     17.000000       83.931624          32000.000      8.8801       11.8904    1.352698e-08
1 May 2024 17:03:51.000        23.010                 1.500003                  -161.657               -136.679234     17.000000       83.942395          32000.000      8.8909       11.9012    1.300247e-08
1 May 2024 17:04:51.000        23.010                 1.500003                  -161.646               -136.668446     17.000000       83.953183          32000.000      8.9017       11.9120    1.249634e-08
1 May 2024 17:05:51.000        23.010                 1.500003                  -161.635               -136.657642     17.000000       83.963987          32000.000      8.9125       11.9228    1.200805e-08
1 May 2024 17:06:51.000        23.010                 1.500003                  -161.624               -136.646824     17.000000       83.974805          32000.000      8.9233       11.9336    1.153710e-08
1 May 2024 17:07:51.000        23.010                 1.500003                  -161.614               -136.635992     17.000000       83.985637          32000.000      8.9341       11.9444    1.108299e-08
1 May 2024 17:08:51.000        23.010                 1.500003                  -161.603               -136.625147     17.000000       83.996482          32000.000      8.9450       11.9553    1.064521e-08
1 May 2024 17:09:51.000        23.010                 1.500003                  -161.592               -136.614291     17.000000       84.007338          32000.000      8.9558       11.9661    1.022328e-08
1 May 2024 17:10:51.000        23.010                 1.500003                  -161.581               -136.603424     17.000000       84.018205          32000.000      8.9667       11.9770    9.816724e-09
1 May 2024 17:11:51.000        23.010                 1.500003                  -161.570               -136.592548     17.000000       84.029081          32000.000      8.9776       11.9879    9.425073e-09
1 May 2024 17:12:51.000        23.010                 1.500003                  -161.559               -136.581663     17.000000       84.039966          32000.000      8.9885       11.9988    9.047865e-09
1 May 2024 17:13:51.000        23.010                 1.500003                  -161.548               -136.570771     17.000000       84.050858          32000.000      8.9994       12.0097    8.684653e-09
1 May 2024 17:14:51.000        23.010                 1.500003                  -161.537               -136.559874     17.000000       84.061755          32000.000      9.0103       12.0206    8.334994e-09
1 May 2024 17:15:51.000        23.010                 1.500003                  -161.526               -136.548971     17.000000       84.072658          32000.000      9.0212       12.0315    7.998459e-09
1 May 2024 17:16:51.000        23.010                 1.500003                  -161.516               -136.538064     17.000000       84.083565          32000.000      9.0321       12.0424    7.674625e-09
1 May 2024 17:17:51.000        23.010                 1.500003                  -161.505               -136.527155     17.000000       84.094475          32000.000      9.0430       12.0533    7.363081e-09
1 May 2024 17:18:51.000        23.010                 1.500003                  -161.494               -136.516243     17.000000       84.105386          32000.000      9.0539       12.0642    7.063423e-09
1 May 2024 17:19:51.000        23.010                 1.500003                  -161.483               -136.505332     17.000000       84.116297          32000.000      9.0648       12.0751    6.775260e-09
1 May 2024 17:20:51.000        23.010                 1.500003                  -161.472               -136.494421     17.000000       84.127208          32000.000      9.0757       12.0860    6.498207e-09
1 May 2024 17:21:51.000        23.010                 1.500003                  -161.461               -136.483512     17.000000       84.138117          32000.000      9.0866       12.0969    6.231890e-09
1 May 2024 17:22:51.000        23.010                 1.500003                  -161.450               -136.472606     17.000000       84.149023          32000.000      9.0975       12.1078    5.975944e-09
1 May 2024 17:23:51.000        23.010                 1.500003                  -161.439               -136.461704     17.000000       84.159925          32000.000      9.1084       12.1187    5.730015e-09
1 May 2024 17:24:51.000        23.010                 1.500003                  -161.428               -136.450807     17.000000       84.170822          32000.000      9.1193       12.1296    5.493756e-09
1 May 2024 17:25:51.000        23.010                 1.500003                  -161.417               -136.439917     17.000000       84.181712          32000.000      9.1302       12.1405    5.266829e-09
1 May 2024 17:26:51.000        23.010                 1.500003                  -161.407               -136.429035     17.000000       84.192594          32000.000      9.1411       12.1514    5.048908e-09
1 May 2024 17:27:51.000        23.010                 1.500003                  -161.396               -136.418162     17.000000       84.203467          32000.000      9.1520       12.1623    4.839673e-09
1 May 2024 17:28:51.000        23.010                 1.500003                  -161.385               -136.407299     17.000000       84.214331          32000.000      9.1628       12.1731    4.638813e-09
1 May 2024 17:29:51.000        23.010                 1.500003                  -161.374               -136.396447     17.000000       84.225182          32000.000      9.1737       12.1840    4.446029e-09
1 May 2024 17:30:51.000        23.010                 1.500003                  -161.363               -136.385608     17.000000       84.236022          32000.000      9.1845       12.1948    4.261026e-09
1 May 2024 17:31:51.000        23.010                 1.500003                  -161.352               -136.374782     17.000000       84.246847          32000.000      9.1953       12.2056    4.083522e-09
1 May 2024 17:32:51.000        23.010                 1.500003                  -161.341               -136.363972     17.000000       84.257657          32000.000      9.2062       12.2165    3.913240e-09
1 May 2024 17:33:51.000        23.010                 1.500003                  -161.331               -136.353178     17.000000       84.268451          32000.000      9.2170       12.2273    3.749913e-09
1 May 2024 17:34:51.000        23.010                 1.500003                  -161.320               -136.342401     17.000000       84.279228          32000.000      9.2277       12.2380    3.593281e-09
1 May 2024 17:35:51.000        23.010                 1.500003                  -161.309               -136.331644     17.000000       84.289985          32000.000      9.2385       12.2488    3.443094e-09
1 May 2024 17:36:51.000        23.010                 1.500003                  -161.298               -136.320906     17.000000       84.300723          32000.000      9.2492       12.2595    3.299108e-09
1 May 2024 17:37:51.000        23.010                 1.500003                  -161.288               -136.310190     17.000000       84.311439          32000.000      9.2599       12.2702    3.161087e-09
1 May 2024 17:38:51.000        23.010                 1.500003                  -161.277               -136.299496     17.000000       84.322133          32000.000      9.2706       12.2809    3.028804e-09
1 May 2024 17:39:51.000        23.010                 1.500003                  -161.266               -136.288827     17.000000       84.332802          32000.000      9.2813       12.2916    2.902036e-09
1 May 2024 17:40:51.000        23.010                 1.500003                  -161.256               -136.278182     17.000000       84.343447          32000.000      9.2919       12.3022    2.780571e-09
1 May 2024 17:41:51.000        23.010                 1.500003                  -161.245               -136.267564     17.000000       84.354065          32000.000      9.3026       12.3129    2.664201e-09
1 May 2024 17:42:51.000        23.010                 1.500003                  -161.234               -136.256974     17.000000       84.364655          32000.000      9.3132       12.3235    2.552728e-09
1 May 2024 17:43:51.000        23.010                 1.500003                  -161.224               -136.246413     17.000000       84.375216          32000.000      9.3237       12.3340    2.445959e-09
1 May 2024 17:44:51.000        23.010                 1.500003                  -161.213               -136.235882     17.000000       84.385747          32000.000      9.3342       12.3445    2.343707e-09
1 May 2024 17:45:51.000        23.010                 1.500003                  -161.203               -136.225383     17.000000       84.396246          32000.000      9.3447       12.3550    2.245792e-09
1 May 2024 17:46:51.000        23.010                 1.500003                  -161.192               -136.214917     17.000000       84.406712          32000.000      9.3552       12.3655    2.152040e-09
1 May 2024 17:47:51.000        23.010                 1.500003                  -161.182               -136.204485     17.000000       84.417144          32000.000      9.3656       12.3759    2.062285e-09
1 May 2024 17:48:51.000        23.010                 1.500003                  -161.172               -136.194089     17.000000       84.427540          32000.000      9.3760       12.3863    1.976365e-09
1 May 2024 17:49:51.000        23.010                 1.500003                  -161.161               -136.183729     17.000000       84.437900          32000.000      9.3864       12.3967    1.894123e-09
1 May 2024 17:50:51.000        23.010                 1.500003                  -161.151               -136.173409     17.000000       84.448221          32000.000      9.3967       12.4070    1.815410e-09
1 May 2024 17:51:51.000        23.010                 1.500003                  -161.141               -136.163127     17.000000       84.458502          32000.000      9.4070       12.4173    1.740082e-09
1 May 2024 17:52:51.000        23.010                 1.500003                  -161.130               -136.152887     17.000000       84.468742          32000.000      9.4172       12.4275    1.667998e-09
1 May 2024 17:53:51.000        23.010                 1.500003                  -161.120               -136.142689     17.000000       84.478940          32000.000      9.4274       12.4377    1.599025e-09
1 May 2024 17:54:51.000        23.010                 1.500002                  -161.110               -136.132534     17.000000       84.489095          32000.000      9.4376       12.4479    1.533034e-09
1 May 2024 17:55:51.000        23.010                 1.500002                  -161.100               -136.122425     17.000000       84.499205          32000.000      9.4477       12.4580    1.469900e-09
1 May 2024 17:56:51.000        23.010                 1.500002                  -161.090               -136.112361     17.000000       84.509268          32000.000      9.4578       12.4681    1.409503e-09
1 May 2024 17:57:51.000        23.010                 1.500002                  -161.080               -136.102346     17.000000       84.519283          32000.000      9.4678       12.4781    1.351730e-09
1 May 2024 17:58:51.000        23.010                 1.500002                  -161.070               -136.092379     17.000000       84.529250          32000.000      9.4778       12.4881    1.296468e-09
1 May 2024 17:59:51.000        23.010                 1.500002                  -161.060               -136.082463     17.000000       84.539166          32000.000      9.4877       12.4980    1.243613e-09
1 May 2024 18:00:51.000        23.010                 1.500002                  -161.050               -136.072598     17.000000       84.549031          32000.000      9.4975       12.5078    1.193061e-09
1 May 2024 18:01:51.000        23.010                 1.500002                  -161.040               -136.062787     17.000000       84.558842          32000.000      9.5073       12.5176    1.144716e-09
1 May 2024 18:02:51.000        23.010                 1.500002                  -161.031               -136.053030     17.000000       84.568599          32000.000      9.5171       12.5274    1.098482e-09
1 May 2024 18:03:51.000        23.010                 1.500002                  -161.021               -136.043328     17.000000       84.578301          32000.000      9.5268       12.5371    1.054268e-09
1 May 2024 18:04:51.000        23.010                 1.500002                  -161.011               -136.033684     17.000000       84.587945          32000.000      9.5364       12.5467    1.011990e-09
1 May 2024 18:05:51.000        23.010                 1.500002                  -161.002               -136.024098     17.000000       84.597531          32000.000      9.5460       12.5563    9.715617e-10
1 May 2024 18:06:51.000        23.010                 1.500002                  -160.992               -136.014572     17.000000       84.607057          32000.000      9.5556       12.5659    9.329048e-10
1 May 2024 18:07:51.000        23.010                 1.500002                  -160.983               -136.005107     17.000000       84.616522          32000.000      9.5650       12.5753    8.959423e-10
1 May 2024 18:08:51.000        23.010                 1.500002                  -160.973               -135.995704     17.000000       84.625925          32000.000      9.5744       12.5847    8.606005e-10
1 May 2024 18:09:51.000        23.010                 1.500002                  -160.964               -135.986366     17.000000       84.635263          32000.000      9.5838       12.5941    8.268090e-10
1 May 2024 18:10:51.000        23.010                 1.500002                  -160.955               -135.977092     17.000000       84.644537          32000.000      9.5930       12.6033    7.945001e-10
1 May 2024 18:11:51.000        23.010                 1.500002                  -160.945               -135.967885     17.000000       84.653744          32000.000      9.6022       12.6125    7.636093e-10
1 May 2024 18:12:51.000        23.010                 1.500002                  -160.936               -135.958746     17.000000       84.662883          32000.000      9.6114       12.6217    7.340742e-10
1 May 2024 18:13:51.000        23.010                 1.500002                  -160.927               -135.949676     17.000000       84.671953          32000.000      9.6205       12.6308    7.058357e-10
1 May 2024 18:14:51.000        23.010                 1.500002                  -160.918               -135.940676     17.000000       84.680953          32000.000      9.6295       12.6398    6.788366e-10
1 May 2024 18:15:51.000        23.010                 1.500002                  -160.909               -135.931748     17.000000       84.689881          32000.000      9.6384       12.6487    6.530226e-10
1 May 2024 18:16:51.000        23.010                 1.500002                  -160.900               -135.922894     17.000000       84.698736          32000.000      9.6472       12.6575    6.283414e-10
1 May 2024 18:17:51.000        23.010                 1.500002                  -160.892               -135.914113     17.000000       84.707516          32000.000      9.6560       12.6663    6.047430e-10
1 May 2024 18:18:51.000        23.010                 1.500002                  -160.883               -135.905409     17.000000       84.716220          32000.000      9.6647       12.6750    5.821798e-10
1 May 2024 18:19:51.000        23.010                 1.500002                  -160.874               -135.896781     17.000000       84.724848          32000.000      9.6733       12.6836    5.606059e-10
1 May 2024 18:20:51.000        23.010                 1.500002                  -160.866               -135.888232     17.000000       84.733397          32000.000      9.6819       12.6922    5.399777e-10
1 May 2024 18:21:51.000        23.010                 1.500002                  -160.857               -135.879763     17.000000       84.741866          32000.000      9.6904       12.7007    5.202532e-10
1 May 2024 18:22:51.000        23.010                 1.500002                  -160.849               -135.871375     17.000000       84.750254          32000.000      9.6988       12.7091    5.013925e-10
1 May 2024 18:23:51.000        23.010                 1.500002                  -160.841               -135.863068     17.000000       84.758561          32000.000      9.7071       12.7174    4.833573e-10
1 May 2024 18:24:51.000        23.010                 1.500002                  -160.832               -135.854846     17.000000       84.766783          32000.000      9.7153       12.7256    4.661110e-10
1 May 2024 18:25:51.000        23.010                 1.500002                  -160.824               -135.846708     17.000000       84.774921          32000.000      9.7234       12.7337    4.496187e-10
1 May 2024 18:26:51.000        23.010                 1.500002                  -160.816               -135.838656     17.000000       84.782973          32000.000      9.7315       12.7418    4.338471e-10
1 May 2024 18:27:51.000        23.010                 1.500002                  -160.808               -135.830691     17.000000       84.790938          32000.000      9.7394       12.7497    4.187640e-10
1 May 2024 18:28:51.000        23.010                 1.500002                  -160.800               -135.822815     17.000000       84.798814          32000.000      9.7473       12.7576    4.043392e-10
1 May 2024 18:29:51.000        23.010                 1.500002                  -160.793               -135.815029     17.000000       84.806600          32000.000      9.7551       12.7654    3.905434e-10
1 May 2024 18:30:51.000        23.010                 1.500002                  -160.785               -135.807334     17.000000       84.814295          32000.000      9.7628       12.7731    3.773488e-10
1 May 2024 18:31:51.000        23.010                 1.500002                  -160.777               -135.799731     17.000000       84.821898          32000.000      9.7704       12.7807    3.647288e-10
1 May 2024 18:32:51.000        23.010                 1.500002                  -160.770               -135.792221     17.000000       84.829408          32000.000      9.7779       12.7882    3.526582e-10
1 May 2024 18:33:51.000        23.010                 1.500002                  -160.762               -135.784806     17.000000       84.836823          32000.000      9.7853       12.7956    3.411125e-10
1 May 2024 18:34:51.000        23.010                 1.500002                  -160.755               -135.777487     17.000000       84.844142          32000.000      9.7926       12.8029    3.300689e-10
1 May 2024 18:35:51.000        23.010                 1.500002                  -160.748               -135.770264     17.000000       84.851365          32000.000      9.7999       12.8102    3.195050e-10
1 May 2024 18:36:51.000        23.010                 1.500002                  -160.741               -135.763140     17.000000       84.858489          32000.000      9.8070       12.8173    3.094000e-10
1 May 2024 18:37:51.000        23.010                 1.500002                  -160.734               -135.756115     17.000000       84.865514          32000.000      9.8140       12.8243    2.997337e-10
1 May 2024 18:38:51.000        23.010                 1.500002                  -160.727               -135.749191     17.000000       84.872438          32000.000      9.8209       12.8312    2.904868e-10
1 May 2024 18:39:51.000        23.010                 1.500002                  -160.720               -135.742368     17.000000       84.879261          32000.000      9.8278       12.8381    2.816412e-10
1 May 2024 18:40:51.000        23.010                 1.500002                  -160.713               -135.735648     17.000000       84.885981          32000.000      9.8345       12.8448    2.731794e-10
1 May 2024 18:41:51.000        23.010                 1.500002                  -160.707               -135.729031     17.000000       84.892598          32000.000      9.8411       12.8514    2.650847e-10
1 May 2024 18:42:51.000        23.010                 1.500002                  -160.700               -135.722520     17.000000       84.899109          32000.000      9.8476       12.8579    2.573413e-10
1 May 2024 18:43:51.000        23.010                 1.500001                  -160.694               -135.716114     17.000000       84.905515          32000.000      9.8540       12.8643    2.499339e-10
1 May 2024 18:44:51.000        23.010                 1.500001                  -160.687               -135.709815     17.000000       84.911814          32000.000      9.8603       12.8706    2.428482e-10
1 May 2024 18:45:51.000        23.010                 1.500001                  -160.681               -135.703625     17.000000       84.918004          32000.000      9.8665       12.8768    2.360705e-10
1 May 2024 18:46:51.000        23.010                 1.500001                  -160.675               -135.697543     17.000000       84.924086          32000.000      9.8726       12.8829    2.295876e-10
1 May 2024 18:47:51.000        23.010                 1.500001                  -160.669               -135.691572     17.000000       84.930057          32000.000      9.8786       12.8889    2.233869e-10
1 May 2024 18:48:51.000        23.010                 1.500001                  -160.663               -135.685711     17.000000       84.935918          32000.000      9.8844       12.8947    2.174567e-10
1 May 2024 18:49:51.000        23.010                 1.500001                  -160.657               -135.679963     17.000000       84.941666          32000.000      9.8902       12.9005    2.117855e-10
1 May 2024 18:50:51.000        23.010                 1.500001                  -160.652               -135.674327     17.000000       84.947302          32000.000      9.8958       12.9061    2.063626e-10
1 May 2024 18:51:51.000        23.010                 1.500001                  -160.646               -135.668806     17.000000       84.952823          32000.000      9.9013       12.9116    2.011776e-10
1 May 2024 18:52:51.000        23.010                 1.500001                  -160.641               -135.663400     17.000000       84.958230          32000.000      9.9067       12.9170    1.962208e-10
1 May 2024 18:53:51.000        23.010                 1.500001                  -160.636               -135.658109     17.000000       84.963520          32000.000      9.9120       12.9223    1.914827e-10
1 May 2024 18:54:51.000        23.010                 1.500001                  -160.630               -135.652935     17.000000       84.968694          32000.000      9.9172       12.9275    1.869546e-10
1 May 2024 18:55:51.000        23.010                 1.500001                  -160.625               -135.647878     17.000000       84.973751          32000.000      9.9223       12.9326    1.826279e-10
1 May 2024 18:56:51.000        23.010                 1.500001                  -160.620               -135.642941     17.000000       84.978689          32000.000      9.9272       12.9375    1.784947e-10
1 May 2024 18:57:51.000        23.010                 1.500001                  -160.616               -135.638122     17.000000       84.983507          32000.000      9.9320       12.9423    1.745472e-10
1 May 2024 18:58:51.000        23.010                 1.500001                  -160.611               -135.633423     17.000000       84.988206          32000.000      9.9367       12.9470    1.707782e-10
1 May 2024 18:59:51.000        23.010                 1.500001                  -160.606               -135.628846     17.000000       84.992784          32000.000      9.9413       12.9516    1.671807e-10
1 May 2024 19:00:51.000        23.010                 1.500001                  -160.602               -135.624390     17.000000       84.997240          32000.000      9.9457       12.9560    1.637483e-10
1 May 2024 19:01:51.000        23.010                 1.500001                  -160.598               -135.620056     17.000000       85.001573          32000.000      9.9501       12.9604    1.604745e-10
1 May 2024 19:02:51.000        23.010                 1.500001                  -160.593               -135.615846     17.000000       85.005783          32000.000      9.9543       12.9646    1.573536e-10
1 May 2024 19:03:51.000        23.010                 1.500001                  -160.589               -135.611759     17.000000       85.009870          32000.000      9.9584       12.9687    1.543798e-10
1 May 2024 19:04:51.000        23.010                 1.500001                  -160.585               -135.607797     17.000000       85.013832          32000.000      9.9623       12.9726    1.515478e-10
1 May 2024 19:05:51.000        23.010                 1.500001                  -160.581               -135.603961     17.000000       85.017668          32000.000      9.9662       12.9765    1.488525e-10
1 May 2024 19:06:51.000        23.010                 1.500001                  -160.578               -135.600250     17.000000       85.021379          32000.000      9.9699       12.9802    1.462892e-10
1 May 2024 19:07:51.000        23.010                 1.500001                  -160.574               -135.596666     17.000000       85.024963          32000.000      9.9735       12.9838    1.438533e-10
1 May 2024 19:08:51.000        23.010                 1.500001                  -160.571               -135.593209     17.000000       85.028420          32000.000      9.9769       12.9872    1.415404e-10
1 May 2024 19:09:51.000        23.010                 1.500001                  -160.567               -135.589880     17.000000       85.031749          32000.000      9.9802       12.9905    1.393465e-10
1 May 2024 19:10:51.000        23.010                 1.500001                  -160.564               -135.586680     17.000000       85.034949          32000.000      9.9834       12.9937    1.372678e-10
1 May 2024 19:11:51.000        23.010                 1.500001                  -160.561               -135.583608     17.000000       85.038021          32000.000      9.9865       12.9968    1.353006e-10
1 May 2024 19:12:51.000        23.010                 1.500001                  -160.558               -135.580666     17.000000       85.040963          32000.000      9.9895       12.9998    1.334415e-10
1 May 2024 19:13:51.000        23.010                 1.500001                  -160.555               -135.577853     17.000000       85.043776          32000.000      9.9923       13.0026    1.316872e-10
1 May 2024 19:14:51.000        23.010                 1.500001                  -160.553               -135.575172     17.000000       85.046458          32000.000      9.9950       13.0053    1.300348e-10
1 May 2024 19:15:51.000        23.010                 1.500001                  -160.550               -135.572620     17.000000       85.049009          32000.000      9.9975       13.0078    1.284813e-10
1 May 2024 19:16:51.000        23.010                 1.500001                  -160.548               -135.570201     17.000000       85.051428          32000.000      9.9999       13.0102    1.270242e-10
1 May 2024 19:17:51.000        23.010                 1.500001                  -160.545               -135.567913     17.000000       85.053716          32000.000     10.0022       13.0125    1.256608e-10
1 May 2024 19:18:51.000        23.010                 1.500000                  -160.543               -135.565757     17.000000       85.055872          32000.000     10.0044       13.0147    1.243890e-10
1 May 2024 19:19:51.000        23.010                 1.500000                  -160.541               -135.563733     17.000000       85.057896          32000.000     10.0064       13.0167    1.232064e-10
1 May 2024 19:20:51.000        23.010                 1.500000                  -160.539               -135.561843     17.000000       85.059786          32000.000     10.0083       13.0186    1.221111e-10
1 May 2024 19:21:51.000        23.010                 1.500000                  -160.538               -135.560085     17.000000       85.061544          32000.000     10.0100       13.0203    1.211013e-10
1 May 2024 19:22:51.000        23.010                 1.500000                  -160.536               -135.558461     17.000000       85.063168          32000.000     10.0117       13.0220    1.201752e-10
1 May 2024 19:23:51.000        23.010                 1.500000                  -160.534               -135.556970     17.000000       85.064659          32000.000     10.0132       13.0235    1.193312e-10
1 May 2024 19:24:51.000        23.010                 1.500000                  -160.533               -135.555614     17.000000       85.066015          32000.000     10.0145       13.0248    1.185680e-10
1 May 2024 19:25:51.000        23.010                 1.500000                  -160.532               -135.554391     17.000000       85.067238          32000.000     10.0157       13.0260    1.178842e-10
1 May 2024 19:26:51.000        23.010                 1.500000                  -160.531               -135.553303     17.000000       85.068326          32000.000     10.0168       13.0271    1.172787e-10
1 May 2024 19:27:51.000        23.010                 1.500000                  -160.530               -135.552350     17.000000       85.069279          32000.000     10.0178       13.0281    1.167505e-10
1 May 2024 19:28:51.000        23.010                 1.500000                  -160.529               -135.551531     17.000000       85.070098          32000.000     10.0186       13.0289    1.162987e-10
1 May 2024 19:29:51.000        23.010                 1.500000                  -160.528               -135.550847     17.000000       85.070783          32000.000     10.0193       13.0296    1.159225e-10
1 May 2024 19:30:51.000        23.010                 1.500000                  -160.528               -135.550297     17.000000       85.071332          32000.000     10.0198       13.0301    1.156213e-10
1 May 2024 19:31:51.000        23.010                 1.500000                  -160.527               -135.549883     17.000000       85.071746          32000.000     10.0202       13.0305    1.153945e-10
1 May 2024 19:32:51.000        23.010                 1.500000                  -160.527               -135.549603     17.000000       85.072026          32000.000     10.0205       13.0308    1.152419e-10
1 May 2024 19:33:51.000        23.010                 1.500000                  -160.527               -135.549459     17.000000       85.072170          32000.000     10.0207       13.0310    1.151630e-10
1 May 2024 19:34:51.000        23.010                 1.500000                  -160.527               -135.549449     17.000000       85.072180          32000.000     10.0207       13.0310    1.151578e-10
1 May 2024 19:35:51.000        23.010                 1.500000                  -160.527               -135.549575     17.000000       85.072055          32000.000     10.0206       13.0309    1.152262e-10
1 May 2024 19:36:51.000        23.010                 1.500000                  -160.527               -135.549835     17.000000       85.071794          32000.000     10.0203       13.0306    1.153684e-10
1 May 2024 19:37:51.000        23.010                 1.500000                  -160.528               -135.550230     17.000000       85.071399          32000.000     10.0199       13.0302    1.155845e-10
1 May 2024 19:38:51.000        23.010                 1.500000                  -160.528               -135.550760     17.000000       85.070869          32000.000     10.0194       13.0297    1.158749e-10
1 May 2024 19:39:51.000        23.010                 1.500000                  -160.529               -135.551424     17.000000       85.070205          32000.000     10.0187       13.0290    1.162400e-10
1 May 2024 19:40:51.000        23.010                 1.500000                  -160.530               -135.552223     17.000000       85.069406          32000.000     10.0179       13.0282    1.166805e-10
1 May 2024 19:41:51.000        23.010                 1.500000                  -160.531               -135.553156     17.000000       85.068473          32000.000     10.0170       13.0273    1.171971e-10
1 May 2024 19:42:51.000        23.010                 1.500000                  -160.532               -135.554223     17.000000       85.067406          32000.000     10.0159       13.0262    1.177905e-10
1 May 2024 19:43:51.000        23.010                 1.500000                  -160.533               -135.555424     17.000000       85.066205          32000.000     10.0147       13.0250    1.184617e-10
1 May 2024 19:44:51.000        23.010                 1.500000                  -160.534               -135.556759     17.000000       85.064870          32000.000     10.0134       13.0237    1.192119e-10
1 May 2024 19:45:51.000        23.010                 1.500000                  -160.536               -135.558227     17.000000       85.063402          32000.000     10.0119       13.0222    1.200423e-10
1 May 2024 19:46:51.000        23.010                 1.500000                  -160.537               -135.559828     17.000000       85.061801          32000.000     10.0103       13.0206    1.209542e-10
1 May 2024 19:47:51.000        23.010                 1.500000                  -160.539               -135.561562     17.000000       85.060067          32000.000     10.0086       13.0189    1.219491e-10
1 May 2024 19:48:51.000        23.010                 1.500000                  -160.541               -135.563428     17.000000       85.058201          32000.000     10.0067       13.0170    1.230287e-10
1 May 2024 19:49:51.000        23.010                 1.500000                  -160.543               -135.565426     17.000000       85.056203          32000.000     10.0047       13.0150    1.241948e-10
1 May 2024 19:50:51.000        23.010                 1.499999                  -160.545               -135.567555     17.000000       85.054074          32000.000     10.0026       13.0129    1.254493e-10
1 May 2024 19:51:51.000        23.010                 1.499999                  -160.547               -135.569816     17.000000       85.051813          32000.000     10.0003       13.0106    1.267942e-10
1 May 2024 19:52:51.000        23.010                 1.499999                  -160.550               -135.572208     17.000000       85.049421          32000.000      9.9979       13.0082    1.282319e-10
1 May 2024 19:53:51.000        23.010                 1.499999                  -160.552               -135.574730     17.000000       85.046899          32000.000      9.9954       13.0057    1.297648e-10
1 May 2024 19:54:51.000        23.010                 1.499999                  -160.555               -135.577382     17.000000       85.044247          32000.000      9.9927       13.0030    1.313954e-10
1 May 2024 19:55:51.000        23.010                 1.499999                  -160.558               -135.580163     17.000000       85.041466          32000.000      9.9900       13.0003    1.331265e-10
1 May 2024 19:56:51.000        23.010                 1.499999                  -160.561               -135.583074     17.000000       85.038555          32000.000      9.9871       12.9974    1.349611e-10
1 May 2024 19:57:51.000        23.010                 1.499999                  -160.564               -135.586112     17.000000       85.035517          32000.000      9.9840       12.9943    1.369022e-10
1 May 2024 19:58:51.000        23.010                 1.499999                  -160.567               -135.589278     17.000000       85.032351          32000.000      9.9809       12.9912    1.389531e-10
1 May 2024 19:59:51.000        23.010                 1.499999                  -160.570               -135.592572     17.000000       85.029057          32000.000      9.9776       12.9879    1.411175e-10
1 May 2024 20:00:51.000        23.010                 1.499999                  -160.574               -135.595992     17.000000       85.025637          32000.000      9.9741       12.9844    1.433990e-10
1 May 2024 20:01:51.000        23.010                 1.499999                  -160.577               -135.599538     17.000000       85.022092          32000.000      9.9706       12.9809    1.458016e-10
1 May 2024 20:02:51.000        23.010                 1.499999                  -160.581               -135.603209     17.000000       85.018420          32000.000      9.9669       12.9772    1.483295e-10
1 May 2024 20:03:51.000        23.010                 1.499999                  -160.585               -135.607005     17.000000       85.014625          32000.000      9.9631       12.9734    1.509870e-10
1 May 2024 20:04:51.000        23.010                 1.499999                  -160.588               -135.610924     17.000000       85.010705          32000.000      9.9592       12.9695    1.537789e-10
1 May 2024 20:05:51.000        23.010                 1.499999                  -160.592               -135.614968     17.000000       85.006662          32000.000      9.9552       12.9655    1.567099e-10
1 May 2024 20:06:51.000        23.010                 1.499999                  -160.597               -135.619133     17.000000       85.002496          32000.000      9.9510       12.9613    1.597855e-10
1 May 2024 20:07:51.000        23.010                 1.499999                  -160.601               -135.623421     17.000000       84.998208          32000.000      9.9467       12.9570    1.630108e-10
1 May 2024 20:08:51.000        23.010                 1.499999                  -160.605               -135.627829     17.000000       84.993800          32000.000      9.9423       12.9526    1.663919e-10
1 May 2024 20:09:51.000        23.010                 1.499999                  -160.610               -135.632358     17.000000       84.989271          32000.000      9.9378       12.9481    1.699346e-10
1 May 2024 20:10:51.000        23.010                 1.499999                  -160.615               -135.637006     17.000000       84.984623          32000.000      9.9331       12.9434    1.736454e-10
1 May 2024 20:11:51.000        23.010                 1.499999                  -160.619               -135.641773     17.000000       84.979856          32000.000      9.9284       12.9387    1.775309e-10
1 May 2024 20:12:51.000        23.010                 1.499999                  -160.624               -135.646658     17.000000       84.974971          32000.000      9.9235       12.9338    1.815983e-10
1 May 2024 20:13:51.000        23.010                 1.499999                  -160.629               -135.651660     17.000000       84.969969          32000.000      9.9185       12.9288    1.858550e-10
1 May 2024 20:14:51.000        23.010                 1.499999                  -160.634               -135.656779     17.000000       84.964851          32000.000      9.9134       12.9237    1.903086e-10
1 May 2024 20:15:51.000        23.010                 1.499999                  -160.640               -135.662012     17.000000       84.959617          32000.000      9.9081       12.9184    1.949675e-10
1 May 2024 20:16:51.000        23.010                 1.499999                  -160.645               -135.667360     17.000000       84.954269          32000.000      9.9028       12.9131    1.998403e-10
1 May 2024 20:17:51.000        23.010                 1.499999                  -160.650               -135.672821     17.000000       84.948808          32000.000      9.8973       12.9076    2.049359e-10
1 May 2024 20:18:51.000        23.010                 1.499999                  -160.656               -135.678396     17.000000       84.943234          32000.000      9.8917       12.9020    2.102639e-10
1 May 2024 20:19:51.000        23.010                 1.499999                  -160.662               -135.684081     17.000000       84.937548          32000.000      9.8860       12.8963    2.158342e-10
1 May 2024 20:20:51.000        23.010                 1.499999                  -160.667               -135.689878     17.000000       84.931751          32000.000      9.8803       12.8906    2.216573e-10
1 May 2024 20:21:51.000        23.010                 1.499999                  -160.673               -135.695784     17.000000       84.925845          32000.000      9.8743       12.8846    2.277443e-10
1 May 2024 20:22:51.000        23.010                 1.499999                  -160.679               -135.701799     17.000000       84.919830          32000.000      9.8683       12.8786    2.341065e-10
1 May 2024 20:23:51.000        23.010                 1.499999                  -160.685               -135.707922     17.000000       84.913707          32000.000      9.8622       12.8725    2.407562e-10
1 May 2024 20:24:51.000        23.010                 1.499999                  -160.692               -135.714152     17.000000       84.907477          32000.000      9.8560       12.8663    2.477061e-10
1 May 2024 20:25:51.000        23.010                 1.499999                  -160.698               -135.720488     17.000000       84.901141          32000.000      9.8496       12.8599    2.549693e-10
1 May 2024 20:26:51.000        23.010                 1.499998                  -160.704               -135.726928     17.000000       84.894701          32000.000      9.8432       12.8535    2.625600e-10
1 May 2024 20:27:51.000        23.010                 1.499998                  -160.711               -135.733473     17.000000       84.888156          32000.000      9.8367       12.8470    2.704928e-10
1 May 2024 20:28:51.000        23.010                 1.499998                  -160.718               -135.740120     17.000000       84.881509          32000.000      9.8300       12.8403    2.787831e-10
1 May 2024 20:29:51.000        23.010                 1.499998                  -160.724               -135.746869     17.000000       84.874760          32000.000      9.8233       12.8336    2.874469e-10
1 May 2024 20:30:51.000        23.010                 1.499998                  -160.731               -135.753718     17.000000       84.867911          32000.000      9.8164       12.8267    2.965013e-10
1 May 2024 20:31:51.000        23.010                 1.499998                  -160.738               -135.760667     17.000000       84.860962          32000.000      9.8095       12.8198    3.059638e-10
1 May 2024 20:32:51.000        23.010                 1.499998                  -160.745               -135.767715     17.000000       84.853914          32000.000      9.8024       12.8127    3.158531e-10
1 May 2024 20:33:51.000        23.010                 1.499998                  -160.752               -135.774860     17.000000       84.846769          32000.000      9.7953       12.8056    3.261888e-10
1 May 2024 20:34:51.000        23.010                 1.499998                  -160.760               -135.782101     17.000000       84.839528          32000.000      9.7880       12.7983    3.369911e-10
1 May 2024 20:35:51.000        23.010                 1.499998                  -160.767               -135.789438     17.000000       84.832191          32000.000      9.7807       12.7910    3.482815e-10
1 May 2024 20:36:51.000        23.010                 1.499998                  -160.774               -135.796868     17.000000       84.824761          32000.000      9.7733       12.7836    3.600825e-10
1 May 2024 20:37:51.000        23.010                 1.499998                  -160.782               -135.804392     17.000000       84.817237          32000.000      9.7657       12.7760    3.724175e-10
1 May 2024 20:38:51.000        23.010                 1.499998                  -160.790               -135.812007     17.000000       84.809622          32000.000      9.7581       12.7684    3.853111e-10
1 May 2024 20:39:51.000        23.010                 1.499998                  -160.797               -135.819714     17.000000       84.801915          32000.000      9.7504       12.7607    3.987892e-10
1 May 2024 20:40:51.000        23.010                 1.499998                  -160.805               -135.827510     17.000000       84.794120          32000.000      9.7426       12.7529    4.128788e-10
1 May 2024 20:41:51.000        23.010                 1.499998                  -160.813               -135.835394     17.000000       84.786235          32000.000      9.7347       12.7450    4.276082e-10
1 May 2024 20:42:51.000        23.010                 1.499998                  -160.821               -135.843366     17.000000       84.778264          32000.000      9.7268       12.7371    4.430070e-10
1 May 2024 20:43:51.000        23.010                 1.499998                  -160.829               -135.851423     17.000000       84.770206          32000.000      9.7187       12.7290    4.591063e-10
1 May 2024 20:44:51.000        23.010                 1.499998                  -160.837               -135.859566     17.000000       84.762063          32000.000      9.7106       12.7209    4.759386e-10
1 May 2024 20:45:51.000        23.010                 1.499998                  -160.845               -135.867793     17.000000       84.753836          32000.000      9.7023       12.7126    4.935379e-10
1 May 2024 20:46:51.000        23.010                 1.499998                  -160.854               -135.876102     17.000000       84.745527          32000.000      9.6940       12.7043    5.119400e-10
1 May 2024 20:47:51.000        23.010                 1.499998                  -160.862               -135.884493     17.000000       84.737136          32000.000      9.6856       12.6959    5.311820e-10
1 May 2024 20:48:51.000        23.010                 1.499998                  -160.870               -135.892964     17.000000       84.728665          32000.000      9.6772       12.6875    5.513031e-10
1 May 2024 20:49:51.000        23.010                 1.499998                  -160.879               -135.901514     17.000000       84.720115          32000.000      9.6686       12.6789    5.723440e-10
1 May 2024 20:50:51.000        23.010                 1.499998                  -160.888               -135.910142     17.000000       84.711487          32000.000      9.6600       12.6703    5.943477e-10
1 May 2024 20:51:51.000        23.010                 1.499998                  -160.896               -135.918847     17.000000       84.702782          32000.000      9.6513       12.6616    6.173587e-10
1 May 2024 20:52:51.000        23.010                 1.499998                  -160.905               -135.927627     17.000000       84.694002          32000.000      9.6425       12.6528    6.414239e-10
1 May 2024 20:53:51.000        23.010                 1.499998                  -160.914               -135.936482     17.000000       84.685147          32000.000      9.6336       12.6439    6.665923e-10
1 May 2024 20:54:51.000        23.010                 1.499998                  -160.923               -135.945410     17.000000       84.676219          32000.000      9.6247       12.6350    6.929150e-10
1 May 2024 20:55:51.000        23.010                 1.499998                  -160.932               -135.954410     17.000000       84.667219          32000.000      9.6157       12.6260    7.204456e-10
1 May 2024 20:56:51.000        23.010                 1.499998                  -160.941               -135.963481     17.000000       84.658148          32000.000      9.6066       12.6169    7.492401e-10
1 May 2024 20:57:51.000        23.010                 1.499998                  -160.950               -135.972622     17.000000       84.649007          32000.000      9.5975       12.6078    7.793570e-10
1 May 2024 20:58:51.000        23.010                 1.499998                  -160.959               -135.981831     17.000000       84.639798          32000.000      9.5883       12.5986    8.108574e-10
1 May 2024 20:59:51.000        23.010                 1.499998                  -160.969               -135.991107     17.000000       84.630522          32000.000      9.5790       12.5893    8.438053e-10
1 May 2024 21:00:51.000        23.010                 1.499998                  -160.978               -136.000449     17.000000       84.621180          32000.000      9.5697       12.5800    8.782675e-10
1 May 2024 21:01:51.000        23.010                 1.499998                  -160.987               -136.009857     17.000000       84.611772          32000.000      9.5603       12.5706    9.143138e-10
1 May 2024 21:02:51.000        23.010                 1.499998                  -160.997               -136.019327     17.000000       84.602302          32000.000      9.5508       12.5611    9.520170e-10
1 May 2024 21:03:51.000        23.010                 1.499998                  -161.006               -136.028861     17.000000       84.592768          32000.000      9.5413       12.5516    9.914534e-10
1 May 2024 21:04:51.000        23.010                 1.499998                  -161.016               -136.038456     17.000000       84.583174          32000.000      9.5317       12.5420    1.032702e-09
1 May 2024 21:05:51.000        23.010                 1.499998                  -161.026               -136.048110     17.000000       84.573519          32000.000      9.5220       12.5323    1.075847e-09
1 May 2024 21:06:51.000        23.010                 1.499998                  -161.035               -136.057824     17.000000       84.563805          32000.000      9.5123       12.5226    1.120974e-09
1 May 2024 21:07:51.000        23.010                 1.499998                  -161.045               -136.067595     17.000000       84.554034          32000.000      9.5025       12.5128    1.168174e-09
1 May 2024 21:08:51.000        23.010                 1.499998                  -161.055               -136.077424     17.000000       84.544206          32000.000      9.4927       12.5030    1.217540e-09
1 May 2024 21:09:51.000        23.010                 1.499998                  -161.065               -136.087307     17.000000       84.534322          32000.000      9.4828       12.4931    1.269173e-09
1 May 2024 21:10:51.000        23.010                 1.499998                  -161.075               -136.097245     17.000000       84.524384          32000.000      9.4729       12.4832    1.323173e-09
1 May 2024 21:11:51.000        23.010                 1.499998                  -161.085               -136.107235     17.000000       84.514394          32000.000      9.4629       12.4732    1.379650e-09
1 May 2024 21:12:51.000        23.010                 1.499998                  -161.095               -136.117278     17.000000       84.504351          32000.000      9.4529       12.4632    1.438713e-09
1 May 2024 21:13:51.000        23.010                 1.499998                  -161.105               -136.127372     17.000000       84.494258          32000.000      9.4428       12.4531    1.500480e-09
1 May 2024 21:14:51.000        23.010                 1.499998                  -161.115               -136.137515     17.000000       84.484115          32000.000      9.4326       12.4429    1.565071e-09
1 May 2024 21:15:51.000        23.010                 1.499997                  -161.125               -136.147706     17.000000       84.473923          32000.000      9.4224       12.4327    1.632614e-09
1 May 2024 21:16:51.000        23.010                 1.499997                  -161.135               -136.157945     17.000000       84.463684          32000.000      9.4122       12.4225    1.703241e-09
1 May 2024 21:17:51.000        23.010                 1.499997                  -161.146               -136.168229     17.000000       84.453400          32000.000      9.4019       12.4122    1.777088e-09
1 May 2024 21:18:51.000        23.010                 1.499997                  -161.156               -136.178559     17.000000       84.443070          32000.000      9.3916       12.4019    1.854298e-09
1 May 2024 21:19:51.000        23.010                 1.499997                  -161.166               -136.188933     17.000000       84.432696          32000.000      9.3812       12.3915    1.935020e-09
1 May 2024 21:20:51.000        23.010                 1.499997                  -161.177               -136.199349     17.000000       84.422280          32000.000      9.3708       12.3811    2.019410e-09
1 May 2024 21:21:51.000        23.010                 1.499997                  -161.187               -136.209807     17.000000       84.411822          32000.000      9.3603       12.3706    2.107628e-09
1 May 2024 21:22:51.000        23.010                 1.499997                  -161.198               -136.220306     17.000000       84.401323          32000.000      9.3498       12.3601    2.199842e-09
1 May 2024 21:23:51.000        23.010                 1.499997                  -161.208               -136.230844     17.000000       84.390785          32000.000      9.3393       12.3496    2.296228e-09
1 May 2024 21:24:51.000        23.010                 1.499997                  -161.219               -136.241420     17.000000       84.380209          32000.000      9.3287       12.3390    2.396965e-09
1 May 2024 21:25:51.000        23.010                 1.499997                  -161.230               -136.252033     17.000000       84.369596          32000.000      9.3181       12.3284    2.502244e-09
1 May 2024 21:26:51.000        23.010                 1.499997                  -161.240               -136.262683     17.000000       84.358946          32000.000      9.3074       12.3177    2.612260e-09
1 May 2024 21:27:51.000        23.010                 1.499997                  -161.251               -136.273367     17.000000       84.348262          32000.000      9.2968       12.3071    2.727217e-09
1 May 2024 21:28:51.000        23.010                 1.499997                  -161.262               -136.284086     17.000000       84.337543          32000.000      9.2860       12.2963    2.847328e-09
1 May 2024 21:29:51.000        23.010                 1.499997                  -161.272               -136.294837     17.000000       84.326792          32000.000      9.2753       12.2856    2.972812e-09
1 May 2024 21:30:51.000        23.010                 1.499997                  -161.283               -136.305620     17.000000       84.316009          32000.000      9.2645       12.2748    3.103897e-09
1 May 2024 21:31:51.000        23.010                 1.499997                  -161.294               -136.316433     17.000000       84.305196          32000.000      9.2537       12.2640    3.240822e-09
1 May 2024 21:32:51.000        23.010                 1.499997                  -161.305               -136.327277     17.000000       84.294352          32000.000      9.2429       12.2532    3.383833e-09
1 May 2024 21:33:51.000        23.010                 1.499997                  -161.316               -136.338149     17.000000       84.283480          32000.000      9.2320       12.2423    3.533185e-09
1 May 2024 21:34:51.000        23.010                 1.499997                  -161.327               -136.349048     17.000000       84.272581          32000.000      9.2211       12.2314    3.689143e-09
1 May 2024 21:35:51.000        23.010                 1.499997                  -161.337               -136.359974     17.000000       84.261655          32000.000      9.2102       12.2205    3.851984e-09
1 May 2024 21:36:51.000        23.010                 1.499997                  -161.348               -136.370926     17.000000       84.250703          32000.000      9.1992       12.2095    4.021991e-09
1 May 2024 21:37:51.000        23.010                 1.499997                  -161.359               -136.381902     17.000000       84.239727          32000.000      9.1882       12.1985    4.199461e-09
1 May 2024 21:38:51.000        23.010                 1.499997                  -161.370               -136.392901     17.000000       84.228728          32000.000      9.1772       12.1875    4.384701e-09
1 May 2024 21:39:51.000        23.010                 1.499997                  -161.381               -136.403924     17.000000       84.217706          32000.000      9.1662       12.1765    4.578027e-09
1 May 2024 21:40:51.000        23.010                 1.499997                  -161.392               -136.414967     17.000000       84.206662          32000.000      9.1552       12.1655    4.779769e-09
1 May 2024 21:41:51.000        23.010                 1.499997                  -161.404               -136.426031     17.000000       84.195598          32000.000      9.1441       12.1544    4.990268e-09
1 May 2024 21:42:51.000        23.010                 1.499997                  -161.415               -136.437115     17.000000       84.184514          32000.000      9.1330       12.1433    5.209877e-09
1 May 2024 21:43:51.000        23.010                 1.499997                  -161.426               -136.448217     17.000000       84.173412          32000.000      9.1219       12.1322    5.438959e-09
1 May 2024 21:44:51.000        23.010                 1.499997                  -161.437               -136.459337     17.000000       84.162292          32000.000      9.1108       12.1211    5.677894e-09
1 May 2024 21:45:51.000        23.010                 1.499997                  -161.448               -136.470473     17.000000       84.151156          32000.000      9.0997       12.1100    5.927072e-09
1 May 2024 21:46:51.000        23.010                 1.499997                  -161.459               -136.481626     17.000000       84.140004          32000.000      9.0885       12.0988    6.186896e-09
1 May 2024 21:47:51.000        23.010                 1.499997                  -161.470               -136.492793     17.000000       84.128837          32000.000      9.0773       12.0876    6.457785e-09
1 May 2024 21:48:51.000        23.010                 1.499997                  -161.481               -136.503973     17.000000       84.117656          32000.000      9.0662       12.0765    6.740170e-09
1 May 2024 21:49:51.000        23.010                 1.499997                  -161.493               -136.515167     17.000000       84.106462          32000.000      9.0550       12.0653    7.034497e-09
1 May 2024 21:50:51.000        23.010                 1.499997                  -161.504               -136.526373     17.000000       84.095256          32000.000      9.0438       12.0541    7.341227e-09
1 May 2024 21:51:51.000        23.010                 1.499997                  -161.515               -136.537590     17.000000       84.084039          32000.000      9.0325       12.0428    7.660836e-09
1 May 2024 21:52:51.000        23.010                 1.499997                  -161.526               -136.548817     17.000000       84.072812          32000.000      9.0213       12.0316    7.993815e-09
1 May 2024 21:53:51.000        23.010                 1.499997                  -161.538               -136.560054     17.000000       84.061575          32000.000      9.0101       12.0204    8.340671e-09
1 May 2024 21:54:51.000        23.010                 1.499997                  -161.549               -136.571299     17.000000       84.050330          32000.000      8.9988       12.0091    8.701926e-09
1 May 2024 21:55:51.000        23.010                 1.499997                  -161.560               -136.582552     17.000000       84.039077          32000.000      8.9876       11.9979    9.078120e-09
1 May 2024 21:56:51.000        23.010                 1.499997                  -161.571               -136.593811     17.000000       84.027818          32000.000      8.9763       11.9866    9.469810e-09
1 May 2024 21:57:51.000        23.010                 1.499997                  -161.583               -136.605077     17.000000       84.016552          32000.000      8.9651       11.9754    9.877568e-09
1 May 2024 21:58:51.000        23.010                 1.499997                  -161.594               -136.616347     17.000000       84.005282          32000.000      8.9538       11.9641    1.030199e-08
1 May 2024 21:59:51.000        23.010                 1.499997                  -161.605               -136.627622     17.000000       83.994007          32000.000      8.9425       11.9528    1.074367e-08
1 May 2024 22:00:51.000        23.010                 1.499997                  -161.616               -136.638901     17.000000       83.982729          32000.000      8.9312       11.9415    1.120325e-08
1 May 2024 22:01:51.000        23.010                 1.499997                  -161.628               -136.650181     17.000000       83.971448          32000.000      8.9199       11.9302    1.168137e-08
1 May 2024 22:02:51.000        23.010                 1.499997                  -161.639               -136.661464     17.000000       83.960165          32000.000      8.9087       11.9190    1.217869e-08
1 May 2024 22:03:51.000        23.010                 1.499997                  -161.650               -136.672748     17.000000       83.948881          32000.000      8.8974       11.9077    1.269590e-08
1 May 2024 22:04:51.000        23.010                 1.499997                  -161.662               -136.684032     17.000000       83.937597          32000.000      8.8861       11.8964    1.323370e-08
1 May 2024 22:05:51.000        23.010                 1.499997                  -161.673               -136.695316     17.000000       83.926313          32000.000      8.8748       11.8851    1.379281e-08
1 May 2024 22:06:51.000        23.010                 1.499997                  -161.684               -136.706598     17.000000       83.915031          32000.000      8.8635       11.8738    1.437398e-08
1 May 2024 22:07:51.000        23.010                 1.499997                  -161.695               -136.717878     17.000000       83.903751          32000.000      8.8523       11.8626    1.497797e-08
1 May 2024 22:08:51.000        23.010                 1.499997                  -161.707               -136.729156     17.000000       83.892473          32000.000      8.8410       11.8513    1.560556e-08
1 May 2024 22:09:51.000        23.010                 1.499997                  -161.718               -136.740430     17.000000       83.881199          32000.000      8.8297       11.8400    1.625755e-08
1 May 2024 22:10:51.000        23.010                 1.499997                  -161.729               -136.751700     17.000000       83.869929          32000.000      8.8184       11.8287    1.693479e-08
1 May 2024 22:11:51.000        23.010                 1.499997                  -161.740               -136.762965     17.000000       83.858665          32000.000      8.8072       11.8175    1.763810e-08
1 May 2024 22:12:51.000        23.010                 1.499997                  -161.752               -136.774224     17.000000       83.847405          32000.000      8.7959       11.8062    1.836837e-08
1 May 2024 22:13:51.000        23.010                 1.499997                  -161.763               -136.785477     17.000000       83.836153          32000.000      8.7847       11.7950    1.912649e-08
1 May 2024 22:14:51.000        23.010                 1.499997                  -161.774               -136.796722     17.000000       83.824907          32000.000      8.7734       11.7837    1.991337e-08
1 May 2024 22:15:13.559        23.010                 1.499997                  -161.778               -136.800949     17.000000       83.820681          32000.000      8.7692       11.7795    2.021685e-08

      Time (UTCG)          EIRP (dBW)    Rcvd. Frequency (GHz)    Rcvd. Iso. Power (dBW)    Flux Density (dBW/m^2)    g/T (dB/K)    C/No (dB*Hz)    Bandwidth (kHz)    C/N (dB)    Eb/No (dB)         BER    
-----------------------    ----------    ---------------------    ----------------------    ----------------------    ----------    ------------    ---------------    --------    ----------    ------------
2 May 2024 09:19:42.263        23.010                 1.500003                  -161.845               -136.867908     17.000000       83.753721          32000.000      8.7022       11.7125    2.564270e-08
2 May 2024 09:20:42.000        23.010                 1.500003                  -161.835               -136.857197     17.000000       83.764432          32000.000      8.7129       11.7232    2.469175e-08
2 May 2024 09:21:42.000        23.010                 1.500003                  -161.824               -136.846467     17.000000       83.775162          32000.000      8.7237       11.7340    2.377223e-08
2 May 2024 09:22:42.000        23.010                 1.500003                  -161.813               -136.835764     17.000000       83.785865          32000.000      8.7344       11.7447    2.288716e-08
2 May 2024 09:23:42.000        23.010                 1.500003                  -161.803               -136.825092     17.000000       83.796538          32000.000      8.7450       11.7553    2.203534e-08
2 May 2024 09:24:42.000        23.010                 1.500003                  -161.792               -136.814449     17.000000       83.807180          32000.000      8.7557       11.7660    2.121562e-08
2 May 2024 09:25:42.000        23.010                 1.500003                  -161.781               -136.803838     17.000000       83.817791          32000.000      8.7663       11.7766    2.042686e-08
2 May 2024 09:26:42.000        23.010                 1.500003                  -161.771               -136.793260     17.000000       83.828369          32000.000      8.7769       11.7872    1.966796e-08
2 May 2024 09:27:42.000        23.010                 1.500003                  -161.760               -136.782716     17.000000       83.838913          32000.000      8.7874       11.7977    1.893786e-08
2 May 2024 09:28:42.000        23.010                 1.500003                  -161.750               -136.772207     17.000000       83.849422          32000.000      8.7979       11.8082    1.823553e-08
2 May 2024 09:29:42.000        23.010                 1.500003                  -161.739               -136.761734     17.000000       83.859895          32000.000      8.8084       11.8187    1.755998e-08
2 May 2024 09:30:42.000        23.010                 1.500003                  -161.729               -136.751299     17.000000       83.870330          32000.000      8.8188       11.8291    1.691024e-08
2 May 2024 09:31:42.000        23.010                 1.500003                  -161.718               -136.740902     17.000000       83.880728          32000.000      8.8292       11.8395    1.628538e-08
2 May 2024 09:32:42.000        23.010                 1.500003                  -161.708               -136.730544     17.000000       83.891085          32000.000      8.8396       11.8499    1.568449e-08
2 May 2024 09:33:42.000        23.010                 1.500003                  -161.698               -136.720227     17.000000       83.901402          32000.000      8.8499       11.8602    1.510670e-08
2 May 2024 09:34:42.000        23.010                 1.500003                  -161.687               -136.709952     17.000000       83.911677          32000.000      8.8602       11.8705    1.455115e-08
2 May 2024 09:35:42.000        23.010                 1.500003                  -161.677               -136.699721     17.000000       83.921908          32000.000      8.8704       11.8807    1.401704e-08
2 May 2024 09:36:42.000        23.010                 1.500003                  -161.667               -136.689533     17.000000       83.932096          32000.000      8.8806       11.8909    1.350357e-08
2 May 2024 09:37:42.000        23.010                 1.500003                  -161.657               -136.679391     17.000000       83.942238          32000.000      8.8907       11.9010    1.300997e-08
2 May 2024 09:38:42.000        23.010                 1.500003                  -161.647               -136.669296     17.000000       83.952334          32000.000      8.9008       11.9111    1.253550e-08
2 May 2024 09:39:42.000        23.010                 1.500003                  -161.637               -136.659248     17.000000       83.962381          32000.000      8.9109       11.9212    1.207946e-08
2 May 2024 09:40:42.000        23.010                 1.500003                  -161.627               -136.649249     17.000000       83.972380          32000.000      8.9209       11.9312    1.164114e-08
2 May 2024 09:41:42.000        23.010                 1.500003                  -161.617               -136.639301     17.000000       83.982328          32000.000      8.9308       11.9411    1.121989e-08
2 May 2024 09:42:42.000        23.010                 1.500003                  -161.607               -136.629403     17.000000       83.992226          32000.000      8.9407       11.9510    1.081505e-08
2 May 2024 09:43:42.000        23.010                 1.500003                  -161.597               -136.619559     17.000000       84.002070          32000.000      8.9506       11.9609    1.042602e-08
2 May 2024 09:44:42.000        23.010                 1.500003                  -161.587               -136.609768     17.000000       84.011861          32000.000      8.9604       11.9707    1.005218e-08
2 May 2024 09:45:42.000        23.010                 1.500003                  -161.578               -136.600032     17.000000       84.021597          32000.000      8.9701       11.9804    9.692962e-09
2 May 2024 09:46:42.000        23.010                 1.500002                  -161.568               -136.590352     17.000000       84.031277          32000.000      8.9798       11.9901    9.347805e-09
2 May 2024 09:47:42.000        23.010                 1.500002                  -161.558               -136.580729     17.000000       84.040900          32000.000      8.9894       11.9997    9.016171e-09
2 May 2024 09:48:42.000        23.010                 1.500002                  -161.549               -136.571165     17.000000       84.050464          32000.000      8.9990       12.0093    8.697541e-09
2 May 2024 09:49:42.000        23.010                 1.500002                  -161.539               -136.561661     17.000000       84.059968          32000.000      9.0085       12.0188    8.391415e-09
2 May 2024 09:50:42.000        23.010                 1.500002                  -161.530               -136.552217     17.000000       84.069412          32000.000      9.0179       12.0282    8.097311e-09
2 May 2024 09:51:42.000        23.010                 1.500002                  -161.520               -136.542836     17.000000       84.078793          32000.000      9.0273       12.0376    7.814763e-09
2 May 2024 09:52:42.000        23.010                 1.500002                  -161.511               -136.533518     17.000000       84.088111          32000.000      9.0366       12.0469    7.543325e-09
2 May 2024 09:53:42.000        23.010                 1.500002                  -161.502               -136.524264     17.000000       84.097365          32000.000      9.0459       12.0562    7.282565e-09
2 May 2024 09:54:42.000        23.010                 1.500002                  -161.493               -136.515077     17.000000       84.106552          32000.000      9.0551       12.0654    7.032067e-09
2 May 2024 09:55:42.000        23.010                 1.500002                  -161.483               -136.505956     17.000000       84.115673          32000.000      9.0642       12.0745    6.791432e-09
2 May 2024 09:56:42.000        23.010                 1.500002                  -161.474               -136.496903     17.000000       84.124726          32000.000      9.0732       12.0835    6.560275e-09
2 May 2024 09:57:42.000        23.010                 1.500002                  -161.465               -136.487919     17.000000       84.133710          32000.000      9.0822       12.0925    6.338224e-09
2 May 2024 09:58:42.000        23.010                 1.500002                  -161.457               -136.479006     17.000000       84.142623          32000.000      9.0911       12.1014    6.124924e-09
2 May 2024 09:59:42.000        23.010                 1.500002                  -161.448               -136.470165     17.000000       84.151464          32000.000      9.1000       12.1103    5.920032e-09
2 May 2024 10:00:42.000        23.010                 1.500002                  -161.439               -136.461396     17.000000       84.160233          32000.000      9.1087       12.1190    5.723216e-09
2 May 2024 10:01:42.000        23.010                 1.500002                  -161.430               -136.452702     17.000000       84.168927          32000.000      9.1174       12.1277    5.534160e-09
2 May 2024 10:02:42.000        23.010                 1.500002                  -161.422               -136.444082     17.000000       84.177547          32000.000      9.1260       12.1363    5.352559e-09
2 May 2024 10:03:42.000        23.010                 1.500002                  -161.413               -136.435540     17.000000       84.186090          32000.000      9.1346       12.1449    5.178118e-09
2 May 2024 10:04:42.000        23.010                 1.500002                  -161.405               -136.427074     17.000000       84.194555          32000.000      9.1431       12.1534    5.010556e-09
2 May 2024 10:05:42.000        23.010                 1.500002                  -161.396               -136.418688     17.000000       84.202942          32000.000      9.1514       12.1617    4.849601e-09
2 May 2024 10:06:42.000        23.010                 1.500002                  -161.388               -136.410381     17.000000       84.211248          32000.000      9.1597       12.1700    4.694992e-09
2 May 2024 10:07:42.000        23.010                 1.500002                  -161.380               -136.402155     17.000000       84.219474          32000.000      9.1680       12.1783    4.546479e-09
2 May 2024 10:08:42.000        23.010                 1.500002                  -161.372               -136.394012     17.000000       84.227617          32000.000      9.1761       12.1864    4.403821e-09
2 May 2024 10:09:42.000        23.010                 1.500002                  -161.363               -136.385952     17.000000       84.235677          32000.000      9.1842       12.1945    4.266786e-09
2 May 2024 10:10:42.000        23.010                 1.500002                  -161.355               -136.377976     17.000000       84.243653          32000.000      9.1922       12.2025    4.135154e-09
2 May 2024 10:11:42.000        23.010                 1.500002                  -161.348               -136.370086     17.000000       84.251543          32000.000      9.2000       12.2103    4.008710e-09
2 May 2024 10:12:42.000        23.010                 1.500002                  -161.340               -136.362283     17.000000       84.259346          32000.000      9.2078       12.2181    3.887249e-09
2 May 2024 10:13:42.000        23.010                 1.500002                  -161.332               -136.354568     17.000000       84.267061          32000.000      9.2156       12.2259    3.770575e-09
2 May 2024 10:14:42.000        23.010                 1.500002                  -161.324               -136.346941     17.000000       84.274688          32000.000      9.2232       12.2335    3.658499e-09
2 May 2024 10:15:42.000        23.010                 1.500002                  -161.317               -136.339405     17.000000       84.282224          32000.000      9.2307       12.2410    3.550841e-09
2 May 2024 10:16:42.000        23.010                 1.500002                  -161.309               -136.331960     17.000000       84.289669          32000.000      9.2382       12.2485    3.447425e-09
2 May 2024 10:17:42.000        23.010                 1.500002                  -161.302               -136.324607     17.000000       84.297022          32000.000      9.2455       12.2558    3.348085e-09
2 May 2024 10:18:42.000        23.010                 1.500002                  -161.295               -136.317348     17.000000       84.304281          32000.000      9.2528       12.2631    3.252662e-09
2 May 2024 10:19:42.000        23.010                 1.500002                  -161.288               -136.310183     17.000000       84.311446          32000.000      9.2599       12.2702    3.161001e-09
2 May 2024 10:20:42.000        23.010                 1.500002                  -161.281               -136.303114     17.000000       84.318515          32000.000      9.2670       12.2773    3.072955e-09
2 May 2024 10:21:42.000        23.010                 1.500002                  -161.274               -136.296141     17.000000       84.325488          32000.000      9.2740       12.2843    2.988384e-09
2 May 2024 10:22:42.000        23.010                 1.500002                  -161.267               -136.289266     17.000000       84.332363          32000.000      9.2809       12.2912    2.907150e-09
2 May 2024 10:23:42.000        23.010                 1.500002                  -161.260               -136.282489     17.000000       84.339140          32000.000      9.2876       12.2979    2.829126e-09
2 May 2024 10:24:42.000        23.010                 1.500002                  -161.253               -136.275812     17.000000       84.345817          32000.000      9.2943       12.3046    2.754186e-09
2 May 2024 10:25:42.000        23.010                 1.500002                  -161.247               -136.269236     17.000000       84.352393          32000.000      9.3009       12.3112    2.682210e-09
2 May 2024 10:26:42.000        23.010                 1.500002                  -161.240               -136.262761     17.000000       84.358868          32000.000      9.3074       12.3177    2.613085e-09
2 May 2024 10:27:42.000        23.010                 1.500002                  -161.234               -136.256389     17.000000       84.365240          32000.000      9.3137       12.3240    2.546701e-09
2 May 2024 10:28:42.000        23.010                 1.500002                  -161.228               -136.250121     17.000000       84.371508          32000.000      9.3200       12.3303    2.482953e-09
2 May 2024 10:29:42.000        23.010                 1.500002                  -161.221               -136.243957     17.000000       84.377672          32000.000      9.3262       12.3365    2.421740e-09
2 May 2024 10:30:42.000        23.010                 1.500001                  -161.215               -136.237898     17.000000       84.383731          32000.000      9.3322       12.3425    2.362966e-09
2 May 2024 10:31:42.000        23.010                 1.500001                  -161.209               -136.231946     17.000000       84.389683          32000.000      9.3382       12.3485    2.306539e-09
2 May 2024 10:32:42.000        23.010                 1.500001                  -161.204               -136.226102     17.000000       84.395527          32000.000      9.3440       12.3543    2.252370e-09
2 May 2024 10:33:42.000        23.010                 1.500001                  -161.198               -136.220365     17.000000       84.401264          32000.000      9.3498       12.3601    2.200375e-09
2 May 2024 10:34:42.000        23.010                 1.500001                  -161.192               -136.214738     17.000000       84.406891          32000.000      9.3554       12.3657    2.150473e-09
2 May 2024 10:35:42.000        23.010                 1.500001                  -161.187               -136.209221     17.000000       84.412408          32000.000      9.3609       12.3712    2.102586e-09
2 May 2024 10:36:42.000        23.010                 1.500001                  -161.181               -136.203815     17.000000       84.417815          32000.000      9.3663       12.3766    2.056640e-09
2 May 2024 10:37:42.000        23.010                 1.500001                  -161.176               -136.198520     17.000000       84.423109          32000.000      9.3716       12.3819    2.012564e-09
2 May 2024 10:38:42.000        23.010                 1.500001                  -161.171               -136.193338     17.000000       84.428291          32000.000      9.3768       12.3871    1.970291e-09
2 May 2024 10:39:42.000        23.010                 1.500001                  -161.166               -136.188269     17.000000       84.433360          32000.000      9.3819       12.3922    1.929755e-09
2 May 2024 10:40:42.000        23.010                 1.500001                  -161.161               -136.183314     17.000000       84.438315          32000.000      9.3868       12.3971    1.890895e-09
2 May 2024 10:41:42.000        23.010                 1.500001                  -161.156               -136.178474     17.000000       84.443155          32000.000      9.3917       12.4020    1.853651e-09
2 May 2024 10:42:42.000        23.010                 1.500001                  -161.151               -136.173750     17.000000       84.447879          32000.000      9.3964       12.4067    1.817967e-09
2 May 2024 10:43:42.000        23.010                 1.500001                  -161.147               -136.169143     17.000000       84.452487          32000.000      9.4010       12.4113    1.783788e-09
2 May 2024 10:44:42.000        23.010                 1.500001                  -161.142               -136.164652     17.000000       84.456977          32000.000      9.4055       12.4158    1.751064e-09
2 May 2024 10:45:42.000        23.010                 1.500001                  -161.138               -136.160279     17.000000       84.461350          32000.000      9.4099       12.4202    1.719744e-09
2 May 2024 10:46:42.000        23.010                 1.500001                  -161.134               -136.156025     17.000000       84.465604          32000.000      9.4141       12.4244    1.689782e-09
2 May 2024 10:47:42.000        23.010                 1.500001                  -161.129               -136.151890     17.000000       84.469739          32000.000      9.4182       12.4285    1.661132e-09
2 May 2024 10:48:42.000        23.010                 1.500001                  -161.125               -136.147874     17.000000       84.473755          32000.000      9.4223       12.4326    1.633753e-09
2 May 2024 10:49:42.000        23.010                 1.500001                  -161.121               -136.143979     17.000000       84.477650          32000.000      9.4261       12.4364    1.607603e-09
2 May 2024 10:50:42.000        23.010                 1.500001                  -161.118               -136.140205     17.000000       84.481424          32000.000      9.4299       12.4402    1.582644e-09
2 May 2024 10:51:42.000        23.010                 1.500001                  -161.114               -136.136553     17.000000       84.485076          32000.000      9.4336       12.4439    1.558838e-09
2 May 2024 10:52:42.000        23.010                 1.500001                  -161.111               -136.133023     17.000000       84.488606          32000.000      9.4371       12.4474    1.536151e-09
2 May 2024 10:53:42.000        23.010                 1.500001                  -161.107               -136.129616     17.000000       84.492013          32000.000      9.4405       12.4508    1.514550e-09
2 May 2024 10:54:42.000        23.010                 1.500001                  -161.104               -136.126332     17.000000       84.495298          32000.000      9.4438       12.4541    1.494002e-09
2 May 2024 10:55:42.000        23.010                 1.500001                  -161.101               -136.123171     17.000000       84.498458          32000.000      9.4470       12.4573    1.474477e-09
2 May 2024 10:56:42.000        23.010                 1.500001                  -161.098               -136.120135     17.000000       84.501494          32000.000      9.4500       12.4603    1.455947e-09
2 May 2024 10:57:42.000        23.010                 1.500001                  -161.095               -136.117224     17.000000       84.504405          32000.000      9.4529       12.4632    1.438386e-09
2 May 2024 10:58:42.000        23.010                 1.500001                  -161.092               -136.114437     17.000000       84.507192          32000.000      9.4557       12.4660    1.421767e-09
2 May 2024 10:59:42.000        23.010                 1.500001                  -161.089               -136.111776     17.000000       84.509853          32000.000      9.4584       12.4687    1.406066e-09
2 May 2024 11:00:42.000        23.010                 1.500001                  -161.087               -136.109242     17.000000       84.512387          32000.000      9.4609       12.4712    1.391262e-09
2 May 2024 11:01:42.000        23.010                 1.500001                  -161.084               -136.106833     17.000000       84.514796          32000.000      9.4633       12.4736    1.377331e-09
2 May 2024 11:02:42.000        23.010                 1.500001                  -161.082               -136.104551     17.000000       84.517078          32000.000      9.4656       12.4759    1.364255e-09
2 May 2024 11:03:42.000        23.010                 1.500001                  -161.080               -136.102396     17.000000       84.519233          32000.000      9.4677       12.4780    1.352015e-09
2 May 2024 11:04:42.000        23.010                 1.500000                  -161.078               -136.100368     17.000000       84.521261          32000.000      9.4698       12.4801    1.340592e-09
2 May 2024 11:05:42.000        23.010                 1.500000                  -161.076               -136.098468     17.000000       84.523161          32000.000      9.4717       12.4820    1.329971e-09
2 May 2024 11:06:42.000        23.010                 1.500000                  -161.074               -136.096696     17.000000       84.524933          32000.000      9.4734       12.4837    1.320136e-09
2 May 2024 11:07:42.000        23.010                 1.500000                  -161.073               -136.095052     17.000000       84.526577          32000.000      9.4751       12.4854    1.311073e-09
2 May 2024 11:08:42.000        23.010                 1.500000                  -161.071               -136.093536     17.000000       84.528093          32000.000      9.4766       12.4869    1.302770e-09
2 May 2024 11:09:42.000        23.010                 1.500000                  -161.070               -136.092148     17.000000       84.529481          32000.000      9.4780       12.4883    1.295213e-09
2 May 2024 11:10:42.000        23.010                 1.500000                  -161.068               -136.090889     17.000000       84.530740          32000.000      9.4792       12.4895    1.288392e-09
2 May 2024 11:11:42.000        23.010                 1.500000                  -161.067               -136.089759     17.000000       84.531870          32000.000      9.4804       12.4907    1.282298e-09
2 May 2024 11:12:42.000        23.010                 1.500000                  -161.066               -136.088757     17.000000       84.532872          32000.000      9.4814       12.4917    1.276921e-09
2 May 2024 11:13:42.000        23.010                 1.500000                  -161.065               -136.087885     17.000000       84.533744          32000.000      9.4822       12.4925    1.272254e-09
2 May 2024 11:14:42.000        23.010                 1.500000                  -161.065               -136.087141     17.000000       84.534488          32000.000      9.4830       12.4933    1.268289e-09
2 May 2024 11:15:42.000        23.010                 1.500000                  -161.064               -136.086527     17.000000       84.535103          32000.000      9.4836       12.4939    1.265021e-09
2 May 2024 11:16:42.000        23.010                 1.500000                  -161.064               -136.086041     17.000000       84.535588          32000.000      9.4841       12.4944    1.262445e-09
2 May 2024 11:17:42.000        23.010                 1.500000                  -161.063               -136.085685     17.000000       84.535945          32000.000      9.4844       12.4947    1.260557e-09
2 May 2024 11:18:42.000        23.010                 1.500000                  -161.063               -136.085457     17.000000       84.536172          32000.000      9.4847       12.4950    1.259354e-09
2 May 2024 11:19:42.000        23.010                 1.500000                  -161.063               -136.085359     17.000000       84.536271          32000.000      9.4848       12.4951    1.258833e-09
2 May 2024 11:20:42.000        23.010                 1.500000                  -161.063               -136.085389     17.000000       84.536240          32000.000      9.4847       12.4950    1.258993e-09
2 May 2024 11:21:42.000        23.010                 1.500000                  -161.063               -136.085548     17.000000       84.536081          32000.000      9.4846       12.4949    1.259835e-09
2 May 2024 11:22:42.000        23.010                 1.500000                  -161.063               -136.085836     17.000000       84.535793          32000.000      9.4843       12.4946    1.261358e-09
2 May 2024 11:23:42.000        23.010                 1.500000                  -161.064               -136.086252     17.000000       84.535377          32000.000      9.4839       12.4942    1.263564e-09
2 May 2024 11:24:42.000        23.010                 1.500000                  -161.064               -136.086797     17.000000       84.534833          32000.000      9.4833       12.4936    1.266456e-09
2 May 2024 11:25:42.000        23.010                 1.500000                  -161.065               -136.087469     17.000000       84.534160          32000.000      9.4827       12.4930    1.270037e-09
2 May 2024 11:26:42.000        23.010                 1.500000                  -161.066               -136.088270     17.000000       84.533359          32000.000      9.4819       12.4922    1.274311e-09
2 May 2024 11:27:42.000        23.010                 1.500000                  -161.067               -136.089198     17.000000       84.532431          32000.000      9.4809       12.4912    1.279283e-09
2 May 2024 11:28:42.000        23.010                 1.500000                  -161.068               -136.090253     17.000000       84.531376          32000.000      9.4799       12.4902    1.284960e-09
2 May 2024 11:29:42.000        23.010                 1.500000                  -161.069               -136.091436     17.000000       84.530193          32000.000      9.4787       12.4890    1.291349e-09
2 May 2024 11:30:42.000        23.010                 1.500000                  -161.070               -136.092745     17.000000       84.528884          32000.000      9.4774       12.4877    1.298458e-09
2 May 2024 11:31:42.000        23.010                 1.500000                  -161.072               -136.094181     17.000000       84.527449          32000.000      9.4759       12.4862    1.306295e-09
2 May 2024 11:32:42.000        23.010                 1.500000                  -161.073               -136.095742     17.000000       84.525887          32000.000      9.4744       12.4847    1.314871e-09
2 May 2024 11:33:42.000        23.010                 1.500000                  -161.075               -136.097429     17.000000       84.524200          32000.000      9.4727       12.4830    1.324197e-09
2 May 2024 11:34:42.000        23.010                 1.500000                  -161.077               -136.099242     17.000000       84.522387          32000.000      9.4709       12.4812    1.334285e-09
2 May 2024 11:35:42.000        23.010                 1.500000                  -161.079               -136.101179     17.000000       84.520450          32000.000      9.4690       12.4793    1.345148e-09
2 May 2024 11:36:42.000        23.010                 1.499999                  -161.081               -136.103241     17.000000       84.518388          32000.000      9.4669       12.4772    1.356799e-09
2 May 2024 11:37:42.000        23.010                 1.499999                  -161.083               -136.105426     17.000000       84.516203          32000.000      9.4647       12.4750    1.369255e-09
2 May 2024 11:38:42.000        23.010                 1.499999                  -161.085               -136.107735     17.000000       84.513894          32000.000      9.4624       12.4727    1.382531e-09
2 May 2024 11:39:42.000        23.010                 1.499999                  -161.088               -136.110166     17.000000       84.511463          32000.000      9.4600       12.4703    1.396645e-09
2 May 2024 11:40:42.000        23.010                 1.499999                  -161.090               -136.112720     17.000000       84.508909          32000.000      9.4574       12.4677    1.411615e-09
2 May 2024 11:41:42.000        23.010                 1.499999                  -161.093               -136.115395     17.000000       84.506234          32000.000      9.4547       12.4650    1.427461e-09
2 May 2024 11:42:42.000        23.010                 1.499999                  -161.096               -136.118192     17.000000       84.503437          32000.000      9.4519       12.4622    1.444204e-09
2 May 2024 11:43:42.000        23.010                 1.499999                  -161.099               -136.121109     17.000000       84.500520          32000.000      9.4490       12.4593    1.461866e-09
2 May 2024 11:44:42.000        23.010                 1.499999                  -161.102               -136.124146     17.000000       84.497483          32000.000      9.4460       12.4563    1.480471e-09
2 May 2024 11:45:42.000        23.010                 1.499999                  -161.105               -136.127302     17.000000       84.494328          32000.000      9.4428       12.4531    1.500043e-09
2 May 2024 11:46:42.000        23.010                 1.499999                  -161.108               -136.130576     17.000000       84.491053          32000.000      9.4396       12.4499    1.520608e-09
2 May 2024 11:47:42.000        23.010                 1.499999                  -161.111               -136.133968     17.000000       84.487661          32000.000      9.4362       12.4465    1.542195e-09
2 May 2024 11:48:42.000        23.010                 1.499999                  -161.115               -136.137478     17.000000       84.484152          32000.000      9.4327       12.4430    1.564831e-09
2 May 2024 11:49:42.000        23.010                 1.499999                  -161.119               -136.141103     17.000000       84.480526          32000.000      9.4290       12.4393    1.588548e-09
2 May 2024 11:50:42.000        23.010                 1.499999                  -161.122               -136.144844     17.000000       84.476785          32000.000      9.4253       12.4356    1.613377e-09
2 May 2024 11:51:42.000        23.010                 1.499999                  -161.126               -136.148700     17.000000       84.472929          32000.000      9.4214       12.4317    1.639351e-09
2 May 2024 11:52:42.000        23.010                 1.499999                  -161.130               -136.152671     17.000000       84.468959          32000.000      9.4175       12.4278    1.666507e-09
2 May 2024 11:53:42.000        23.010                 1.499999                  -161.134               -136.156754     17.000000       84.464875          32000.000      9.4134       12.4237    1.694880e-09
2 May 2024 11:54:42.000        23.010                 1.499999                  -161.138               -136.160949     17.000000       84.460680          32000.000      9.4092       12.4195    1.724509e-09
2 May 2024 11:55:42.000        23.010                 1.499999                  -161.143               -136.165256     17.000000       84.456373          32000.000      9.4049       12.4152    1.755435e-09
2 May 2024 11:56:42.000        23.010                 1.499999                  -161.147               -136.169674     17.000000       84.451955          32000.000      9.4005       12.4108    1.787699e-09
2 May 2024 11:57:42.000        23.010                 1.499999                  -161.152               -136.174202     17.000000       84.447428          32000.000      9.3959       12.4062    1.821347e-09
2 May 2024 11:58:42.000        23.010                 1.499999                  -161.156               -136.178838     17.000000       84.442791          32000.000      9.3913       12.4016    1.856423e-09
2 May 2024 11:59:42.000        23.010                 1.499999                  -161.161               -136.183582     17.000000       84.438047          32000.000      9.3865       12.3968    1.892976e-09
2 May 2024 12:00:42.000        23.010                 1.499999                  -161.166               -136.188433     17.000000       84.433196          32000.000      9.3817       12.3920    1.931056e-09
2 May 2024 12:01:42.000        23.010                 1.499999                  -161.171               -136.193390     17.000000       84.428239          32000.000      9.3767       12.3870    1.970716e-09
2 May 2024 12:02:42.000        23.010                 1.499999                  -161.176               -136.198453     17.000000       84.423176          32000.000      9.3717       12.3820    2.012010e-09
2 May 2024 12:03:42.000        23.010                 1.499999                  -161.181               -136.203619     17.000000       84.418010          32000.000      9.3665       12.3768    2.054995e-09
2 May 2024 12:04:42.000        23.010                 1.499999                  -161.186               -136.208888     17.000000       84.412741          32000.000      9.3612       12.3715    2.099731e-09
2 May 2024 12:05:42.000        23.010                 1.499999                  -161.192               -136.214260     17.000000       84.407369          32000.000      9.3559       12.3662    2.146280e-09
2 May 2024 12:06:42.000        23.010                 1.499999                  -161.197               -136.219732     17.000000       84.401897          32000.000      9.3504       12.3607    2.194706e-09
2 May 2024 12:07:42.000        23.010                 1.499999                  -161.203               -136.225305     17.000000       84.396325          32000.000      9.3448       12.3551    2.245076e-09
2 May 2024 12:08:42.000        23.010                 1.499999                  -161.208               -136.230976     17.000000       84.390653          32000.000      9.3392       12.3495    2.297460e-09
2 May 2024 12:09:42.000        23.010                 1.499999                  -161.214               -136.236745     17.000000       84.384884          32000.000      9.3334       12.3437    2.351932e-09
2 May 2024 12:10:42.000        23.010                 1.499999                  -161.220               -136.242611     17.000000       84.379018          32000.000      9.3275       12.3378    2.408567e-09
2 May 2024 12:11:21.158        23.010                 1.499999                  -161.224               -136.246491     17.000000       84.375138          32000.000      9.3236       12.3339    2.446732e-09
