                                                                                                                                                                                                                                                                                                                                                                                                                                                                                                                                                                                            28 Sep 2025 15:50:14
Place-Raisting-Receiver-DLRx-To-Satellite-CommSat-Transmitter-DLTx:  Link Budget - Detailed


      Time (UTCG)          Xmtr Power (dBW)    Xmtr Gain (dB)    EIRP (dBW)    Free Space Loss (dB)    Atmos Loss (dB)    Rain Loss (dB)    CloudsFog Loss (dB)    TropoScintill Loss (dB)    Prop Loss (dB)    Freq. Doppler Shift (kHz)    Rcvd. Frequency (GHz)    Rcvd. Iso. Power (dBW)    Flux Density (dBW/m^2)    Rcvr Gain (dB)    Tatmos (K)    Train (K)    TcloudsFog (K)    TtropoScintill (K)    Tsun (K)    Tearth (K)    Tcosmic (K)    Tantenna (K)    Tequivalent (K)     g/T (dB/K)    C/No (dB*Hz)    Bandwidth (kHz)    Bandwidth Overlap (units)    C/N (dB)    Eb/No (dB)         BER    
-----------------------    ----------------    --------------    ----------    --------------------    ---------------    --------------    -------------------    -----------------------    --------------    -------------------------    ---------------------    ----------------------    ----------------------    --------------    ----------    ---------    --------------    ------------------    --------    ----------    -----------    ------------    ---------------    -----------    ------------    ---------------    -------------------------    --------    ----------    ------------
1 May 2024 06:27:40.066              23.010            0.0000        23.010                164.8197             0.0000            0.0000                 0.0000                     0.0000          164.8197                    31.380715                 1.500031                  -141.809               -116.831885                           0.000        0.000             0.000                 0.000                                                                                17.00000000      103.789744       32000.000000                       1.0000     28.7382       31.7485    1.000000e-30
1 May 2024 06:28:10.000              23.010            0.0000        23.010                164.2134             0.0000            0.0000                 0.0000                     0.0000          164.2134                    31.038727                 1.500031                  -141.203               -116.225591                           0.000        0.000             0.000                 0.000                                                                                17.00000000      104.396038       32000.000000                       1.0000     29.3445       32.3548    1.000000e-30
1 May 2024 06:28:40.000              23.010            0.0000        23.010                163.5687             0.0000            0.0000                 0.0000                     0.0000          163.5687                    30.579223                 1.500031                  -140.558               -115.580931                           0.000        0.000             0.000                 0.000                                                                                17.00000000      105.040698       32000.000000                       1.0000     29.9892       32.9995    1.000000e-30
1 May 2024 06:29:10.000              23.010            0.0000        23.010                162.8849             0.0000            0.0000                 0.0000                     0.0000          162.8849                    29.967292                 1.500030                  -139.875               -114.897074                           0.000        0.000             0.000                 0.000                                                                                17.00000000      105.724555       32000.000000                       1.0000     30.6731       33.6834    1.000000e-30
1 May 2024 06:29:40.000              23.010            0.0000        23.010                162.1606             0.0000            0.0000                 0.0000                     0.0000          162.1606                    29.153318                 1.500029                  -139.150               -114.172838                           0.000        0.000             0.000                 0.000                                                                                17.00000000      106.448791       32000.000000                       1.0000     31.3973       34.4076    1.000000e-30
1 May 2024 06:30:10.000              23.010            0.0000        23.010                161.3968             0.0000            0.0000                 0.0000                     0.0000          161.3968                    28.067759                 1.500028                  -138.387               -113.409007                           0.000        0.000             0.000                 0.000                                                                                17.00000000      107.212622       32000.000000                       1.0000     32.1611       35.1714    1.000000e-30
1 May 2024 06:30:40.000              23.010            0.0000        23.010                160.5979             0.0000            0.0000                 0.0000                     0.0000          160.5979                    26.613524                 1.500027                  -137.588               -112.610085                           0.000        0.000             0.000                 0.000                                                                                17.00000000      108.011544       32000.000000                       1.0000     32.9600       35.9703    1.000000e-30
1 May 2024 06:31:10.000              23.010            0.0000        23.010                159.7750             0.0000            0.0000                 0.0000                     0.0000          159.7750                    24.657831                 1.500025                  -136.765               -111.787222                           0.000        0.000             0.000                 0.000                                                                                17.00000000      108.834407       32000.000000                       1.0000     33.7829       36.7932    1.000000e-30
1 May 2024 06:31:40.000              23.010            0.0000        23.010                158.9505             0.0000            0.0000                 0.0000                     0.0000          158.9505                    22.028313                 1.500022                  -135.940               -110.962704                           0.000        0.000             0.000                 0.000                                                                                17.00000000      109.658925       32000.000000                       1.0000     34.6074       37.6177    1.000000e-30
1 May 2024 06:32:10.000              23.010            0.0000        23.010                158.1637             0.0000            0.0000                 0.0000                     0.0000          158.1637                    18.526381                 1.500019                  -135.153               -110.175864                           0.000        0.000             0.000                 0.000                                                                                17.00000000      110.445765       32000.000000                       1.0000     35.3943       38.4046    1.000000e-30
1 May 2024 06:32:40.000              23.010            0.0000        23.010                157.4759             0.0000            0.0000                 0.0000                     0.0000          157.4759                    13.982113                 1.500014                  -134.466               -109.488093                           0.000        0.000             0.000                 0.000                                                                                17.00000000      111.133537       32000.000000                       1.0000     36.0820       39.0923    1.000000e-30
1 May 2024 06:33:10.000              23.010            0.0000        23.010                156.9683             0.0000            0.0000                 0.0000                     0.0000          156.9683                     8.372987                 1.500008                  -133.958               -108.980478                           0.000        0.000             0.000                 0.000                                                                                17.00000000      111.641151       32000.000000                       1.0000     36.5897       39.6000    1.000000e-30
1 May 2024 06:33:40.000              23.010            0.0000        23.010                156.7227             0.0000            0.0000                 0.0000                     0.0000          156.7227                     1.969271                 1.500002                  -133.712               -108.734859                           0.000        0.000             0.000                 0.000                                                                                17.00000000      111.886770       32000.000000                       1.0000     36.8353       39.8456    1.000000e-30
1 May 2024 06:34:10.000              23.010            0.0000        23.010                156.7868             0.0000            0.0000                 0.0000                     0.0000          156.7868                    -4.641842                 1.499995                  -133.777               -108.799024                           0.000        0.000             0.000                 0.000                                                                                17.00000000      111.822605       32000.000000                       1.0000     36.7711       39.7814    1.000000e-30
1 May 2024 06:34:40.000              23.010            0.0000        23.010                157.1477             0.0000            0.0000                 0.0000                     0.0000          157.1477                   -10.776415                 1.499989                  -134.137               -109.159907                           0.000        0.000             0.000                 0.000                                                                                17.00000000      111.461722       32000.000000                       1.0000     36.4102       39.4205    1.000000e-30
1 May 2024 06:35:10.000              23.010            0.0000        23.010                157.7392             0.0000            0.0000                 0.0000                     0.0000          157.7392                   -15.964051                 1.499984                  -134.729               -109.751361                           0.000        0.000             0.000                 0.000                                                                                17.00000000      110.870268       32000.000000                       1.0000     35.8188       38.8291    1.000000e-30
1 May 2024 06:35:40.000              23.010            0.0000        23.010                158.4761             0.0000            0.0000                 0.0000                     0.0000          158.4761                   -20.068119                 1.499980                  -135.466               -110.488281                           0.000        0.000             0.000                 0.000                                                                                17.00000000      110.133348       32000.000000                       1.0000     35.0818       38.0921    1.000000e-30
1 May 2024 06:36:10.000              23.010            0.0000        23.010                159.2843             0.0000            0.0000                 0.0000                     0.0000          159.2843                   -23.189441                 1.499977                  -136.274               -111.296445                           0.000        0.000             0.000                 0.000                                                                                17.00000000      109.325185       32000.000000                       1.0000     34.2737       37.2840    1.000000e-30
1 May 2024 06:36:40.000              23.010            0.0000        23.010                160.1116             0.0000            0.0000                 0.0000                     0.0000          160.1116                   -25.520179                 1.499974                  -137.101               -112.123796                           0.000        0.000             0.000                 0.000                                                                                17.00000000      108.497833       32000.000000                       1.0000     33.4463       36.4566    1.000000e-30
1 May 2024 06:37:10.000              23.010            0.0000        23.010                160.9265             0.0000            0.0000                 0.0000                     0.0000          160.9265                   -27.251830                 1.499973                  -137.916               -112.938701                           0.000        0.000             0.000                 0.000                                                                                17.00000000      107.682928       32000.000000                       1.0000     32.6314       35.6417    1.000000e-30
1 May 2024 06:37:40.000              23.010            0.0000        23.010                161.7119             0.0000            0.0000                 0.0000                     0.0000          161.7119                   -28.540822                 1.499971                  -138.702               -113.724062                           0.000        0.000             0.000                 0.000                                                                                17.00000000      106.897567       32000.000000                       1.0000     31.8461       34.8564    1.000000e-30
1 May 2024 06:38:10.000              23.010            0.0000        23.010                162.4597             0.0000            0.0000                 0.0000                     0.0000          162.4597                   -29.504497                 1.499970                  -139.449               -114.471889                           0.000        0.000             0.000                 0.000                                                                                17.00000000      106.149740       32000.000000                       1.0000     31.0982       34.1085    1.000000e-30
1 May 2024 06:38:40.000              23.010            0.0000        23.010                163.1673             0.0000            0.0000                 0.0000                     0.0000          163.1673                   -30.227693                 1.499970                  -140.157               -115.179468                           0.000        0.000             0.000                 0.000                                                                                17.00000000      105.442161       32000.000000                       1.0000     30.3907       33.4010    1.000000e-30
1 May 2024 06:39:10.000              23.010            0.0000        23.010                163.8348             0.0000            0.0000                 0.0000                     0.0000          163.8348                   -30.770992                 1.499969                  -140.824               -115.846977                           0.000        0.000             0.000                 0.000                                                                                17.00000000      104.774652       32000.000000                       1.0000     29.7232       32.7335    1.000000e-30
1 May 2024 06:39:40.000              23.010            0.0000        23.010                164.4639             0.0000            0.0000                 0.0000                     0.0000          164.4639                   -31.177660                 1.499969                  -141.454               -116.476078                           0.000        0.000             0.000                 0.000                                                                                17.00000000      104.145551       32000.000000                       1.0000     29.0941       32.1044    1.000000e-30
1 May 2024 06:39:44.909              23.010            0.0000        23.010                164.5633             0.0000            0.0000                 0.0000                     0.0000          164.5633                   -31.233473                 1.499969                  -141.553               -116.575524                           0.000        0.000             0.000                 0.000                                                                                17.00000000      104.046105       32000.000000                       1.0000     28.9946       32.0049    1.000000e-30

      Time (UTCG)          Xmtr Power (dBW)    Xmtr Gain (dB)    EIRP (dBW)    Free Space Loss (dB)    Atmos Loss (dB)    Rain Loss (dB)    CloudsFog Loss (dB)    TropoScintill Loss (dB)    Prop Loss (dB)    Freq. Doppler Shift (kHz)    Rcvd. Frequency (GHz)    Rcvd. Iso. Power (dBW)    Flux Density (dBW/m^2)    Rcvr Gain (dB)    Tatmos (K)    Train (K)    TcloudsFog (K)    TtropoScintill (K)    Tsun (K)    Tearth (K)    Tcosmic (K)    Tantenna (K)    Tequivalent (K)     g/T (dB/K)    C/No (dB*Hz)    Bandwidth (kHz)    Bandwidth Overlap (units)    C/N (dB)    Eb/No (dB)         BER    
-----------------------    ----------------    --------------    ----------    --------------------    ---------------    --------------    -------------------    -----------------------    --------------    -------------------------    ---------------------    ----------------------    ----------------------    --------------    ----------    ---------    --------------    ------------------    --------    ----------    -----------    ------------    ---------------    -----------    ------------    ---------------    -------------------------    --------    ----------    ------------
1 May 2024 08:01:48.828              23.010            0.0000        23.010                174.5047             0.0000            0.0000                 0.0000                     0.0000          174.5047                     1.464234                 1.500001                  -151.494               -126.516904                           0.000        0.000             0.000                 0.000                                                                                17.00000000       94.104725       32000.000000                       1.0000     19.0532       22.0635    1.000000e-30
1 May 2024 08:02:18.000              23.010            0.0000        23.010                174.4974             0.0000            0.0000                 0.0000                     0.0000          174.4974                     0.961599                 1.500001                  -151.487               -126.509633                           0.000        0.000             0.000                 0.000                                                                                17.00000000       94.111996       32000.000000                       1.0000     19.0605       22.0708    1.000000e-30
1 May 2024 08:02:48.000              23.010            0.0000        23.010                174.4931             0.0000            0.0000                 0.0000                     0.0000          174.4931                     0.450987                 1.500000                  -151.483               -126.505278                           0.000        0.000             0.000                 0.000                                                                                17.00000000       94.116351       32000.000000                       1.0000     19.0649       22.0752    1.000000e-30
1 May 2024 08:03:18.000              23.010            0.0000        23.010                174.4919             0.0000            0.0000                 0.0000                     0.0000          174.4919                    -0.052630                 1.500000                  -151.482               -126.504052                           0.000        0.000             0.000                 0.000                                                                                17.00000000       94.117577       32000.000000                       1.0000     19.0661       22.0764    1.000000e-30
1 May 2024 08:03:48.000              23.010            0.0000        23.010                174.4937             0.0000            0.0000                 0.0000                     0.0000          174.4937                    -0.548670                 1.499999                  -151.483               -126.505912                           0.000        0.000             0.000                 0.000                                                                                17.00000000       94.115717       32000.000000                       1.0000     19.0642       22.0745    1.000000e-30
1 May 2024 08:04:18.000              23.010            0.0000        23.010                174.4986             0.0000            0.0000                 0.0000                     0.0000          174.4986                    -1.036589                 1.499999                  -151.488               -126.510807                           0.000        0.000             0.000                 0.000                                                                                17.00000000       94.110822       32000.000000                       1.0000     19.0593       22.0696    1.000000e-30
1 May 2024 08:04:48.000              23.010            0.0000        23.010                174.5065             0.0000            0.0000                 0.0000                     0.0000          174.5065                    -1.515888                 1.499998                  -151.496               -126.518682                           0.000        0.000             0.000                 0.000                                                                                17.00000000       94.102948       32000.000000                       1.0000     19.0514       22.0617    1.000000e-30
1 May 2024 08:05:18.000              23.010            0.0000        23.010                174.5173             0.0000            0.0000                 0.0000                     0.0000          174.5173                    -1.986110                 1.499998                  -151.507               -126.529472                           0.000        0.000             0.000                 0.000                                                                                17.00000000       94.092157       32000.000000                       1.0000     19.0407       22.0510    1.000000e-30
1 May 2024 08:05:48.000              23.010            0.0000        23.010                174.5309             0.0000            0.0000                 0.0000                     0.0000          174.5309                    -2.446844                 1.499998                  -151.521               -126.543110                           0.000        0.000             0.000                 0.000                                                                                17.00000000       94.078519       32000.000000                       1.0000     19.0270       22.0373    1.000000e-30
1 May 2024 08:06:18.000              23.010            0.0000        23.010                174.5473             0.0000            0.0000                 0.0000                     0.0000          174.5473                    -2.897720                 1.499997                  -151.537               -126.559524                           0.000        0.000             0.000                 0.000                                                                                17.00000000       94.062105       32000.000000                       1.0000     19.0106       22.0209    1.000000e-30
1 May 2024 08:06:48.000              23.010            0.0000        23.010                174.5664             0.0000            0.0000                 0.0000                     0.0000          174.5664                    -3.338414                 1.499997                  -151.556               -126.578636                           0.000        0.000             0.000                 0.000                                                                                17.00000000       94.042993       32000.000000                       1.0000     18.9915       22.0018    1.000000e-30
1 May 2024 08:07:18.000              23.010            0.0000        23.010                174.5882             0.0000            0.0000                 0.0000                     0.0000          174.5882                    -3.768643                 1.499996                  -151.578               -126.600365                           0.000        0.000             0.000                 0.000                                                                                17.00000000       94.021264       32000.000000                       1.0000     18.9698       21.9801    1.000000e-30
1 May 2024 08:07:48.000              23.010            0.0000        23.010                174.6124             0.0000            0.0000                 0.0000                     0.0000          174.6124                    -4.188170                 1.499996                  -151.602               -126.624628                           0.000        0.000             0.000                 0.000                                                                                17.00000000       93.997001       32000.000000                       1.0000     18.9455       21.9558    1.000000e-30
1 May 2024 08:08:18.000              23.010            0.0000        23.010                174.6391             0.0000            0.0000                 0.0000                     0.0000          174.6391                    -4.596794                 1.499995                  -151.629               -126.651337                           0.000        0.000             0.000                 0.000                                                                                17.00000000       93.970292       32000.000000                       1.0000     18.9188       21.9291    1.000000e-30
1 May 2024 08:08:48.000              23.010            0.0000        23.010                174.6682             0.0000            0.0000                 0.0000                     0.0000          174.6682                    -4.994358                 1.499995                  -151.658               -126.680403                           0.000        0.000             0.000                 0.000                                                                                17.00000000       93.941226       32000.000000                       1.0000     18.8897       21.9000    1.000000e-30
1 May 2024 08:09:18.000              23.010            0.0000        23.010                174.6995             0.0000            0.0000                 0.0000                     0.0000          174.6995                    -5.380740                 1.499995                  -151.689               -126.711735                           0.000        0.000             0.000                 0.000                                                                                17.00000000       93.909894       32000.000000                       1.0000     18.8584       21.8687    1.000000e-30
1 May 2024 08:09:48.000              23.010            0.0000        23.010                174.7331             0.0000            0.0000                 0.0000                     0.0000          174.7331                    -5.755858                 1.499994                  -151.723               -126.745241                           0.000        0.000             0.000                 0.000                                                                                17.00000000       93.876388       32000.000000                       1.0000     18.8249       21.8352    1.000000e-30
1 May 2024 08:10:18.000              23.010            0.0000        23.010                174.7686             0.0000            0.0000                 0.0000                     0.0000          174.7686                    -6.119661                 1.499994                  -151.758               -126.780829                           0.000        0.000             0.000                 0.000                                                                                17.00000000       93.840801       32000.000000                       1.0000     18.7893       21.7996    1.000000e-30
1 May 2024 08:10:48.000              23.010            0.0000        23.010                174.8062             0.0000            0.0000                 0.0000                     0.0000          174.8062                    -6.472133                 1.499994                  -151.796               -126.818403                           0.000        0.000             0.000                 0.000                                                                                17.00000000       93.803226       32000.000000                       1.0000     18.7517       21.7620    1.000000e-30
1 May 2024 08:11:18.000              23.010            0.0000        23.010                174.8457             0.0000            0.0000                 0.0000                     0.0000          174.8457                    -6.813289                 1.499993                  -151.835               -126.857872                           0.000        0.000             0.000                 0.000                                                                                17.00000000       93.763757       32000.000000                       1.0000     18.7123       21.7226    1.000000e-30
1 May 2024 08:11:48.000              23.010            0.0000        23.010                174.8870             0.0000            0.0000                 0.0000                     0.0000          174.8870                    -7.143170                 1.499993                  -151.877               -126.899142                           0.000        0.000             0.000                 0.000                                                                                17.00000000       93.722487       32000.000000                       1.0000     18.6710       21.6813    1.000000e-30
1 May 2024 08:12:18.000              23.010            0.0000        23.010                174.9299             0.0000            0.0000                 0.0000                     0.0000          174.9299                    -7.461847                 1.499993                  -151.920               -126.942120                           0.000        0.000             0.000                 0.000                                                                                17.00000000       93.679509       32000.000000                       1.0000     18.6280       21.6383    1.000000e-30
1 May 2024 08:12:48.000              23.010            0.0000        23.010                174.9745             0.0000            0.0000                 0.0000                     0.0000          174.9745                    -7.769413                 1.499992                  -151.964               -126.986716                           0.000        0.000             0.000                 0.000                                                                                17.00000000       93.634913       32000.000000                       1.0000     18.5834       21.5937    1.000000e-30
1 May 2024 08:13:18.000              23.010            0.0000        23.010                175.0206             0.0000            0.0000                 0.0000                     0.0000          175.0206                    -8.065984                 1.499992                  -152.010               -127.032839                           0.000        0.000             0.000                 0.000                                                                                17.00000000       93.588791       32000.000000                       1.0000     18.5373       21.5476    1.000000e-30
1 May 2024 08:13:48.000              23.010            0.0000        23.010                175.0682             0.0000            0.0000                 0.0000                     0.0000          175.0682                    -8.351695                 1.499992                  -152.058               -127.080400                           0.000        0.000             0.000                 0.000                                                                                17.00000000       93.541229       32000.000000                       1.0000     18.4897       21.5000    1.000000e-30
1 May 2024 08:14:18.000              23.010            0.0000        23.010                175.1171             0.0000            0.0000                 0.0000                     0.0000          175.1171                    -8.626700                 1.499991                  -152.107               -127.129313                           0.000        0.000             0.000                 0.000                                                                                17.00000000       93.492317       32000.000000                       1.0000     18.4408       21.4511    1.000000e-30
1 May 2024 08:14:48.000              23.010            0.0000        23.010                175.1673             0.0000            0.0000                 0.0000                     0.0000          175.1673                    -8.891169                 1.499991                  -152.157               -127.179492                           0.000        0.000             0.000                 0.000                                                                                17.00000000       93.442137       32000.000000                       1.0000     18.3906       21.4009    1.000000e-30
1 May 2024 08:15:18.000              23.010            0.0000        23.010                175.2187             0.0000            0.0000                 0.0000                     0.0000          175.2187                    -9.145286                 1.499991                  -152.208               -127.230856                           0.000        0.000             0.000                 0.000                                                                                17.00000000       93.390773       32000.000000                       1.0000     18.3393       21.3496    1.000000e-30
1 May 2024 08:15:48.000              23.010            0.0000        23.010                175.2711             0.0000            0.0000                 0.0000                     0.0000          175.2711                    -9.389248                 1.499991                  -152.261               -127.283323                           0.000        0.000             0.000                 0.000                                                                                17.00000000       93.338306       32000.000000                       1.0000     18.2868       21.2971    1.000000e-30
1 May 2024 08:16:18.000              23.010            0.0000        23.010                175.3246             0.0000            0.0000                 0.0000                     0.0000          175.3246                    -9.623261                 1.499990                  -152.314               -127.336816                           0.000        0.000             0.000                 0.000                                                                                17.00000000       93.284813       32000.000000                       1.0000     18.2333       21.2436    1.000000e-30
1 May 2024 08:16:48.000              23.010            0.0000        23.010                175.3791             0.0000            0.0000                 0.0000                     0.0000          175.3791                    -9.847540                 1.499990                  -152.369               -127.391259                           0.000        0.000             0.000                 0.000                                                                                17.00000000       93.230370       32000.000000                       1.0000     18.1789       21.1892    1.000000e-30
1 May 2024 08:17:18.000              23.010            0.0000        23.010                175.4344             0.0000            0.0000                 0.0000                     0.0000          175.4344                   -10.062309                 1.499990                  -152.424               -127.446579                           0.000        0.000             0.000                 0.000                                                                                17.00000000       93.175050       32000.000000                       1.0000     18.1236       21.1339    1.000000e-30
1 May 2024 08:17:48.000              23.010            0.0000        23.010                175.4905             0.0000            0.0000                 0.0000                     0.0000          175.4905                   -10.267796                 1.499990                  -152.480               -127.502705                           0.000        0.000             0.000                 0.000                                                                                17.00000000       93.118924       32000.000000                       1.0000     18.0674       21.0777    1.000000e-30
1 May 2024 08:18:18.000              23.010            0.0000        23.010                175.5474             0.0000            0.0000                 0.0000                     0.0000          175.5474                   -10.464236                 1.499990                  -152.537               -127.559569                           0.000        0.000             0.000                 0.000                                                                                17.00000000       93.062060       32000.000000                       1.0000     18.0106       21.0209    1.000000e-30
1 May 2024 08:18:48.000              23.010            0.0000        23.010                175.6049             0.0000            0.0000                 0.0000                     0.0000          175.6049                   -10.651864                 1.499989                  -152.595               -127.617107                           0.000        0.000             0.000                 0.000                                                                                17.00000000       93.004522       32000.000000                       1.0000     17.9530       20.9633    1.000000e-30
1 May 2024 08:19:18.000              23.010            0.0000        23.010                175.6631             0.0000            0.0000                 0.0000                     0.0000          175.6631                   -10.830920                 1.499989                  -152.653               -127.675254                           0.000        0.000             0.000                 0.000                                                                                17.00000000       92.946375       32000.000000                       1.0000     17.8949       20.9052    1.000000e-30
1 May 2024 08:19:48.000              23.010            0.0000        23.010                175.7218             0.0000            0.0000                 0.0000                     0.0000          175.7218                   -11.001645                 1.499989                  -152.711               -127.733953                           0.000        0.000             0.000                 0.000                                                                                17.00000000       92.887676       32000.000000                       1.0000     17.8362       20.8465    1.000000e-30
1 May 2024 08:20:18.000              23.010            0.0000        23.010                175.7810             0.0000            0.0000                 0.0000                     0.0000          175.7810                   -11.164278                 1.499989                  -152.771               -127.793144                           0.000        0.000             0.000                 0.000                                                                                17.00000000       92.828485       32000.000000                       1.0000     17.7770       20.7873    1.000000e-30
1 May 2024 08:20:48.000              23.010            0.0000        23.010                175.8406             0.0000            0.0000                 0.0000                     0.0000          175.8406                   -11.319060                 1.499989                  -152.830               -127.852773                           0.000        0.000             0.000                 0.000                                                                                17.00000000       92.768856       32000.000000                       1.0000     17.7174       20.7277    1.000000e-30
1 May 2024 08:21:18.000              23.010            0.0000        23.010                175.9006             0.0000            0.0000                 0.0000                     0.0000          175.9006                   -11.466229                 1.499989                  -152.890               -127.912789                           0.000        0.000             0.000                 0.000                                                                                17.00000000       92.708840       32000.000000                       1.0000     17.6573       20.6676    1.000000e-30
1 May 2024 08:21:48.000              23.010            0.0000        23.010                175.9609             0.0000            0.0000                 0.0000                     0.0000          175.9609                   -11.606022                 1.499988                  -152.951               -127.973140                           0.000        0.000             0.000                 0.000                                                                                17.00000000       92.648489       32000.000000                       1.0000     17.5970       20.6073    1.000000e-30
1 May 2024 08:22:18.000              23.010            0.0000        23.010                176.0216             0.0000            0.0000                 0.0000                     0.0000          176.0216                   -11.738672                 1.499988                  -153.011               -128.033780                           0.000        0.000             0.000                 0.000                                                                                17.00000000       92.587849       32000.000000                       1.0000     17.5363       20.5466    1.000000e-30
1 May 2024 08:22:48.000              23.010            0.0000        23.010                176.0825             0.0000            0.0000                 0.0000                     0.0000          176.0825                   -11.864411                 1.499988                  -153.072               -128.094664                           0.000        0.000             0.000                 0.000                                                                                17.00000000       92.526965       32000.000000                       1.0000     17.4755       20.4858    1.000000e-30
1 May 2024 08:23:18.000              23.010            0.0000        23.010                176.1436             0.0000            0.0000                 0.0000                     0.0000          176.1436                   -11.983465                 1.499988                  -153.133               -128.155749                           0.000        0.000             0.000                 0.000                                                                                17.00000000       92.465880       32000.000000                       1.0000     17.4144       20.4247    1.000000e-30
1 May 2024 08:23:48.000              23.010            0.0000        23.010                176.2048             0.0000            0.0000                 0.0000                     0.0000          176.2048                   -12.096059                 1.499988                  -153.195               -128.216994                           0.000        0.000             0.000                 0.000                                                                                17.00000000       92.404635       32000.000000                       1.0000     17.3531       20.3634    1.000000e-30
1 May 2024 08:24:18.000              23.010            0.0000        23.010                176.2662             0.0000            0.0000                 0.0000                     0.0000          176.2662                   -12.202410                 1.499988                  -153.256               -128.278361                           0.000        0.000             0.000                 0.000                                                                                17.00000000       92.343268       32000.000000                       1.0000     17.2918       20.3021    1.000000e-30
1 May 2024 08:24:48.000              23.010            0.0000        23.010                176.3276             0.0000            0.0000                 0.0000                     0.0000          176.3276                   -12.302734                 1.499988                  -153.317               -128.339814                           0.000        0.000             0.000                 0.000                                                                                17.00000000       92.281815       32000.000000                       1.0000     17.2303       20.2406    1.000000e-30
1 May 2024 08:25:18.000              23.010            0.0000        23.010                176.3891             0.0000            0.0000                 0.0000                     0.0000          176.3891                   -12.397240                 1.499988                  -153.379               -128.401319                           0.000        0.000             0.000                 0.000                                                                                17.00000000       92.220310       32000.000000                       1.0000     17.1688       20.1791    1.000000e-30
1 May 2024 08:25:48.000              23.010            0.0000        23.010                176.4507             0.0000            0.0000                 0.0000                     0.0000          176.4507                   -12.486132                 1.499988                  -153.440               -128.462843                           0.000        0.000             0.000                 0.000                                                                                17.00000000       92.158786       32000.000000                       1.0000     17.1073       20.1176    1.000000e-30
1 May 2024 08:26:18.000              23.010            0.0000        23.010                176.5122             0.0000            0.0000                 0.0000                     0.0000          176.5122                   -12.569610                 1.499987                  -153.502               -128.524355                           0.000        0.000             0.000                 0.000                                                                                17.00000000       92.097274       32000.000000                       1.0000     17.0458       20.0561    1.000000e-30
1 May 2024 08:26:48.000              23.010            0.0000        23.010                176.5736             0.0000            0.0000                 0.0000                     0.0000          176.5736                   -12.647869                 1.499987                  -153.563               -128.585828                           0.000        0.000             0.000                 0.000                                                                                17.00000000       92.035801       32000.000000                       1.0000     16.9843       19.9946    1.000000e-30
1 May 2024 08:27:18.000              23.010            0.0000        23.010                176.6350             0.0000            0.0000                 0.0000                     0.0000          176.6350                   -12.721097                 1.499987                  -153.625               -128.647235                           0.000        0.000             0.000                 0.000                                                                                17.00000000       91.974394       32000.000000                       1.0000     16.9229       19.9332    1.000000e-30
1 May 2024 08:27:48.000              23.010            0.0000        23.010                176.6964             0.0000            0.0000                 0.0000                     0.0000          176.6964                   -12.789478                 1.499987                  -153.686               -128.708549                           0.000        0.000             0.000                 0.000                                                                                17.00000000       91.913080       32000.000000                       1.0000     16.8616       19.8719    1.000000e-30
1 May 2024 08:28:18.000              23.010            0.0000        23.010                176.7576             0.0000            0.0000                 0.0000                     0.0000          176.7576                   -12.853190                 1.499987                  -153.747               -128.769748                           0.000        0.000             0.000                 0.000                                                                                17.00000000       91.851881       32000.000000                       1.0000     16.8004       19.8107    1.000000e-30
1 May 2024 08:28:48.000              23.010            0.0000        23.010                176.8186             0.0000            0.0000                 0.0000                     0.0000          176.8186                   -12.912406                 1.499987                  -153.808               -128.830808                           0.000        0.000             0.000                 0.000                                                                                17.00000000       91.790821       32000.000000                       1.0000     16.7393       19.7496    1.000000e-30
1 May 2024 08:29:18.000              23.010            0.0000        23.010                176.8795             0.0000            0.0000                 0.0000                     0.0000          176.8795                   -12.967293                 1.499987                  -153.869               -128.891710                           0.000        0.000             0.000                 0.000                                                                                17.00000000       91.729919       32000.000000                       1.0000     16.6784       19.6887    1.000000e-30
1 May 2024 08:29:48.000              23.010            0.0000        23.010                176.9402             0.0000            0.0000                 0.0000                     0.0000          176.9402                   -13.018014                 1.499987                  -153.930               -128.952434                           0.000        0.000             0.000                 0.000                                                                                17.00000000       91.669195       32000.000000                       1.0000     16.6177       19.6280    1.000000e-30
1 May 2024 08:30:18.000              23.010            0.0000        23.010                177.0008             0.0000            0.0000                 0.0000                     0.0000          177.0008                   -13.064726                 1.499987                  -153.990               -129.012961                           0.000        0.000             0.000                 0.000                                                                                17.00000000       91.608668       32000.000000                       1.0000     16.5572       19.5675    1.000000e-30
1 May 2024 08:30:48.000              23.010            0.0000        23.010                177.0611             0.0000            0.0000                 0.0000                     0.0000          177.0611                   -13.107580                 1.499987                  -154.051               -129.073276                           0.000        0.000             0.000                 0.000                                                                                17.00000000       91.548353       32000.000000                       1.0000     16.4969       19.5072    1.000000e-30
1 May 2024 08:31:18.000              23.010            0.0000        23.010                177.1212             0.0000            0.0000                 0.0000                     0.0000          177.1212                   -13.146724                 1.499987                  -154.111               -129.133361                           0.000        0.000             0.000                 0.000                                                                                17.00000000       91.488268       32000.000000                       1.0000     16.4368       19.4471    1.000000e-30
1 May 2024 08:31:48.000              23.010            0.0000        23.010                177.1810             0.0000            0.0000                 0.0000                     0.0000          177.1810                   -13.182300                 1.499987                  -154.171               -129.193202                           0.000        0.000             0.000                 0.000                                                                                17.00000000       91.428427       32000.000000                       1.0000     16.3769       19.3872    1.000000e-30
1 May 2024 08:32:18.000              23.010            0.0000        23.010                177.2406             0.0000            0.0000                 0.0000                     0.0000          177.2406                   -13.214443                 1.499987                  -154.230               -129.252787                           0.000        0.000             0.000                 0.000                                                                                17.00000000       91.368842       32000.000000                       1.0000     16.3173       19.3276    1.000000e-30
1 May 2024 08:32:48.000              23.010            0.0000        23.010                177.2999             0.0000            0.0000                 0.0000                     0.0000          177.2999                   -13.243287                 1.499987                  -154.290               -129.312101                           0.000        0.000             0.000                 0.000                                                                                17.00000000       91.309528       32000.000000                       1.0000     16.2580       19.2683    1.000000e-30
1 May 2024 08:33:18.000              23.010            0.0000        23.010                177.3589             0.0000            0.0000                 0.0000                     0.0000          177.3589                   -13.268958                 1.499987                  -154.349               -129.371135                           0.000        0.000             0.000                 0.000                                                                                17.00000000       91.250494       32000.000000                       1.0000     16.1990       19.2093    1.000000e-30
1 May 2024 08:33:48.000              23.010            0.0000        23.010                177.4177             0.0000            0.0000                 0.0000                     0.0000          177.4177                   -13.291580                 1.499987                  -154.407               -129.429876                           0.000        0.000             0.000                 0.000                                                                                17.00000000       91.191753       32000.000000                       1.0000     16.1403       19.1506    1.000000e-30
1 May 2024 08:34:18.000              23.010            0.0000        23.010                177.4761             0.0000            0.0000                 0.0000                     0.0000          177.4761                   -13.311271                 1.499987                  -154.466               -129.488315                           0.000        0.000             0.000                 0.000                                                                                17.00000000       91.133314       32000.000000                       1.0000     16.0818       19.0921    1.000000e-30
1 May 2024 08:34:48.000              23.010            0.0000        23.010                177.5343             0.0000            0.0000                 0.0000                     0.0000          177.5343                   -13.328146                 1.499987                  -154.524               -129.546443                           0.000        0.000             0.000                 0.000                                                                                17.00000000       91.075186       32000.000000                       1.0000     16.0237       19.0340    1.000000e-30
1 May 2024 08:35:18.000              23.010            0.0000        23.010                177.5921             0.0000            0.0000                 0.0000                     0.0000          177.5921                   -13.342314                 1.499987                  -154.582               -129.604252                           0.000        0.000             0.000                 0.000                                                                                17.00000000       91.017377       32000.000000                       1.0000     15.9659       18.9762    1.000000e-30
1 May 2024 08:35:48.000              23.010            0.0000        23.010                177.6495             0.0000            0.0000                 0.0000                     0.0000          177.6495                   -13.353882                 1.499987                  -154.639               -129.661734                           0.000        0.000             0.000                 0.000                                                                                17.00000000       90.959896       32000.000000                       1.0000     15.9084       18.9187    1.000000e-30
1 May 2024 08:36:18.000              23.010            0.0000        23.010                177.7067             0.0000            0.0000                 0.0000                     0.0000          177.7067                   -13.362951                 1.499987                  -154.696               -129.718881                           0.000        0.000             0.000                 0.000                                                                                17.00000000       90.902748       32000.000000                       1.0000     15.8512       18.8615    1.000000e-30
1 May 2024 08:36:48.000              23.010            0.0000        23.010                177.7635             0.0000            0.0000                 0.0000                     0.0000          177.7635                   -13.369620                 1.499987                  -154.753               -129.775689                           0.000        0.000             0.000                 0.000                                                                                17.00000000       90.845940       32000.000000                       1.0000     15.7944       18.8047    1.000000e-30
1 May 2024 08:37:18.000              23.010            0.0000        23.010                177.8200             0.0000            0.0000                 0.0000                     0.0000          177.8200                   -13.373982                 1.499987                  -154.810               -129.832150                           0.000        0.000             0.000                 0.000                                                                                17.00000000       90.789479       32000.000000                       1.0000     15.7380       18.7483    1.000000e-30
1 May 2024 08:37:48.000              23.010            0.0000        23.010                177.8761             0.0000            0.0000                 0.0000                     0.0000          177.8761                   -13.376130                 1.499987                  -154.866               -129.888261                           0.000        0.000             0.000                 0.000                                                                                17.00000000       90.733368       32000.000000                       1.0000     15.6819       18.6922    1.000000e-30
1 May 2024 08:38:18.000              23.010            0.0000        23.010                177.9318             0.0000            0.0000                 0.0000                     0.0000          177.9318                   -13.376151                 1.499987                  -154.922               -129.944016                           0.000        0.000             0.000                 0.000                                                                                17.00000000       90.677613       32000.000000                       1.0000     15.6261       18.6364    1.000000e-30
1 May 2024 08:38:48.000              23.010            0.0000        23.010                177.9872             0.0000            0.0000                 0.0000                     0.0000          177.9872                   -13.374129                 1.499987                  -154.977               -129.999411                           0.000        0.000             0.000                 0.000                                                                                17.00000000       90.622218       32000.000000                       1.0000     15.5707       18.5810    1.000000e-30
1 May 2024 08:39:18.000              23.010            0.0000        23.010                178.0423             0.0000            0.0000                 0.0000                     0.0000          178.0423                   -13.370144                 1.499987                  -155.032               -130.054442                           0.000        0.000             0.000                 0.000                                                                                17.00000000       90.567187       32000.000000                       1.0000     15.5157       18.5260    1.000000e-30
1 May 2024 08:39:48.000              23.010            0.0000        23.010                178.0969             0.0000            0.0000                 0.0000                     0.0000          178.0969                   -13.364276                 1.499987                  -155.087               -130.109107                           0.000        0.000             0.000                 0.000                                                                                17.00000000       90.512522       32000.000000                       1.0000     15.4610       18.4713    1.000000e-30
1 May 2024 08:40:18.000              23.010            0.0000        23.010                178.1512             0.0000            0.0000                 0.0000                     0.0000          178.1512                   -13.356598                 1.499987                  -155.141               -130.163403                           0.000        0.000             0.000                 0.000                                                                                17.00000000       90.458226       32000.000000                       1.0000     15.4067       18.4170    1.000000e-30
1 May 2024 08:40:48.000              23.010            0.0000        23.010                178.2051             0.0000            0.0000                 0.0000                     0.0000          178.2051                   -13.347183                 1.499987                  -155.195               -130.217327                           0.000        0.000             0.000                 0.000                                                                                17.00000000       90.404302       32000.000000                       1.0000     15.3528       18.3631    1.000000e-30
1 May 2024 08:41:18.000              23.010            0.0000        23.010                178.2587             0.0000            0.0000                 0.0000                     0.0000          178.2587                   -13.336099                 1.499987                  -155.248               -130.270877                           0.000        0.000             0.000                 0.000                                                                                17.00000000       90.350752       32000.000000                       1.0000     15.2993       18.3096    1.000000e-30
1 May 2024 08:41:48.000              23.010            0.0000        23.010                178.3119             0.0000            0.0000                 0.0000                     0.0000          178.3119                   -13.323415                 1.499987                  -155.302               -130.324052                           0.000        0.000             0.000                 0.000                                                                                17.00000000       90.297577       32000.000000                       1.0000     15.2461       18.2564    1.000000e-30
1 May 2024 08:42:18.000              23.010            0.0000        23.010                178.3647             0.0000            0.0000                 0.0000                     0.0000          178.3647                   -13.309193                 1.499987                  -155.354               -130.376850                           0.000        0.000             0.000                 0.000                                                                                17.00000000       90.244779       32000.000000                       1.0000     15.1933       18.2036    1.000000e-30
1 May 2024 08:42:48.000              23.010            0.0000        23.010                178.4171             0.0000            0.0000                 0.0000                     0.0000          178.4171                   -13.293495                 1.499987                  -155.407               -130.429271                           0.000        0.000             0.000                 0.000                                                                                17.00000000       90.192359       32000.000000                       1.0000     15.1409       18.1512    1.468609e-30
1 May 2024 08:43:18.000              23.010            0.0000        23.010                178.4691             0.0000            0.0000                 0.0000                     0.0000          178.4691                   -13.276380                 1.499987                  -155.459               -130.481312                           0.000        0.000             0.000                 0.000                                                                                17.00000000       90.140317       32000.000000                       1.0000     15.0888       18.0991    3.216857e-30
1 May 2024 08:43:48.000              23.010            0.0000        23.010                178.5208             0.0000            0.0000                 0.0000                     0.0000          178.5208                   -13.257906                 1.499987                  -155.510               -130.532975                           0.000        0.000             0.000                 0.000                                                                                17.00000000       90.088654       32000.000000                       1.0000     15.0372       18.0475    6.942162e-30
1 May 2024 08:44:18.000              23.010            0.0000        23.010                178.5721             0.0000            0.0000                 0.0000                     0.0000          178.5721                   -13.238126                 1.499987                  -155.562               -130.584258                           0.000        0.000             0.000                 0.000                                                                                17.00000000       90.037371       32000.000000                       1.0000     14.9859       17.9962    1.476479e-29
1 May 2024 08:44:48.000              23.010            0.0000        23.010                178.6230             0.0000            0.0000                 0.0000                     0.0000          178.6230                   -13.217094                 1.499987                  -155.613               -130.635162                           0.000        0.000             0.000                 0.000                                                                                17.00000000       89.986467       32000.000000                       1.0000     14.9350       17.9453    3.095706e-29
1 May 2024 08:45:18.000              23.010            0.0000        23.010                178.6735             0.0000            0.0000                 0.0000                     0.0000          178.6735                   -13.194860                 1.499987                  -155.663               -130.685687                           0.000        0.000             0.000                 0.000                                                                                17.00000000       89.935942       32000.000000                       1.0000     14.8844       17.8947    6.400602e-29
1 May 2024 08:45:48.000              23.010            0.0000        23.010                178.7236             0.0000            0.0000                 0.0000                     0.0000          178.7236                   -13.171471                 1.499987                  -155.713               -130.735833                           0.000        0.000             0.000                 0.000                                                                                17.00000000       89.885796       32000.000000                       1.0000     14.8343       17.8446    1.305381e-28
1 May 2024 08:46:18.000              23.010            0.0000        23.010                178.7734             0.0000            0.0000                 0.0000                     0.0000          178.7734                   -13.146976                 1.499987                  -155.763               -130.785601                           0.000        0.000             0.000                 0.000                                                                                17.00000000       89.836028       32000.000000                       1.0000     14.7845       17.7948    2.626843e-28
1 May 2024 08:46:48.000              23.010            0.0000        23.010                178.8228             0.0000            0.0000                 0.0000                     0.0000          178.8228                   -13.121419                 1.499987                  -155.813               -130.834992                           0.000        0.000             0.000                 0.000                                                                                17.00000000       89.786637       32000.000000                       1.0000     14.7351       17.7454    5.217156e-28
1 May 2024 08:47:18.000              23.010            0.0000        23.010                178.8718             0.0000            0.0000                 0.0000                     0.0000          178.8718                   -13.094843                 1.499987                  -155.862               -130.884006                           0.000        0.000             0.000                 0.000                                                                                17.00000000       89.737623       32000.000000                       1.0000     14.6861       17.6964    1.022957e-27
1 May 2024 08:47:48.000              23.010            0.0000        23.010                178.9205             0.0000            0.0000                 0.0000                     0.0000          178.9205                   -13.067289                 1.499987                  -155.910               -130.932645                           0.000        0.000             0.000                 0.000                                                                                17.00000000       89.688984       32000.000000                       1.0000     14.6375       17.6478    1.980721e-27
1 May 2024 08:48:18.000              23.010            0.0000        23.010                178.9687             0.0000            0.0000                 0.0000                     0.0000          178.9687                   -13.038797                 1.499987                  -155.958               -130.980910                           0.000        0.000             0.000                 0.000                                                                                17.00000000       89.640720       32000.000000                       1.0000     14.5892       17.5995    3.788335e-27
1 May 2024 08:48:48.000              23.010            0.0000        23.010                179.0166             0.0000            0.0000                 0.0000                     0.0000          179.0166                   -13.009406                 1.499987                  -156.006               -131.028801                           0.000        0.000             0.000                 0.000                                                                                17.00000000       89.592828       32000.000000                       1.0000     14.5413       17.5516    7.158907e-27
1 May 2024 08:49:18.000              23.010            0.0000        23.010                179.0641             0.0000            0.0000                 0.0000                     0.0000          179.0641                   -12.979152                 1.499987                  -156.054               -131.076322                           0.000        0.000             0.000                 0.000                                                                                17.00000000       89.545307       32000.000000                       1.0000     14.4938       17.5041    1.336997e-26
1 May 2024 08:49:48.000              23.010            0.0000        23.010                179.1113             0.0000            0.0000                 0.0000                     0.0000          179.1113                   -12.948071                 1.499987                  -156.101               -131.123472                           0.000        0.000             0.000                 0.000                                                                                17.00000000       89.498157       32000.000000                       1.0000     14.4467       17.4570    2.468369e-26
1 May 2024 08:50:18.000              23.010            0.0000        23.010                179.1581             0.0000            0.0000                 0.0000                     0.0000          179.1581                   -12.916197                 1.499987                  -156.148               -131.170255                           0.000        0.000             0.000                 0.000                                                                                17.00000000       89.451375       32000.000000                       1.0000     14.3999       17.4102    4.506018e-26
1 May 2024 08:50:48.000              23.010            0.0000        23.010                179.2045             0.0000            0.0000                 0.0000                     0.0000          179.2045                   -12.883562                 1.499987                  -156.194               -131.216671                           0.000        0.000             0.000                 0.000                                                                                17.00000000       89.404959       32000.000000                       1.0000     14.3535       17.3638    8.135513e-26
1 May 2024 08:51:18.000              23.010            0.0000        23.010                179.2505             0.0000            0.0000                 0.0000                     0.0000          179.2505                   -12.850198                 1.499987                  -156.240               -131.262722                           0.000        0.000             0.000                 0.000                                                                                17.00000000       89.358907       32000.000000                       1.0000     14.3074       17.3177    1.453080e-25
1 May 2024 08:51:48.000              23.010            0.0000        23.010                179.2962             0.0000            0.0000                 0.0000                     0.0000          179.2962                   -12.816135                 1.499987                  -156.286               -131.308411                           0.000        0.000             0.000                 0.000                                                                                17.00000000       89.313218       32000.000000                       1.0000     14.2617       17.2720    2.568078e-25
1 May 2024 08:52:18.000              23.010            0.0000        23.010                179.3415             0.0000            0.0000                 0.0000                     0.0000          179.3415                   -12.781402                 1.499987                  -156.331               -131.353739                           0.000        0.000             0.000                 0.000                                                                                17.00000000       89.267890       32000.000000                       1.0000     14.2164       17.2267    4.492003e-25
1 May 2024 08:52:48.000              23.010            0.0000        23.010                179.3865             0.0000            0.0000                 0.0000                     0.0000          179.3865                   -12.746027                 1.499987                  -156.376               -131.398709                           0.000        0.000             0.000                 0.000                                                                                17.00000000       89.222920       32000.000000                       1.0000     14.1714       17.1817    7.778253e-25
1 May 2024 08:53:18.000              23.010            0.0000        23.010                179.4311             0.0000            0.0000                 0.0000                     0.0000          179.4311                   -12.710037                 1.499987                  -156.421               -131.443322                           0.000        0.000             0.000                 0.000                                                                                17.00000000       89.178307       32000.000000                       1.0000     14.1268       17.1371    1.333612e-24
1 May 2024 08:53:48.000              23.010            0.0000        23.010                179.4754             0.0000            0.0000                 0.0000                     0.0000          179.4754                   -12.673458                 1.499987                  -156.465               -131.487582                           0.000        0.000             0.000                 0.000                                                                                17.00000000       89.134048       32000.000000                       1.0000     14.0825       17.0928    2.264513e-24
1 May 2024 08:54:18.000              23.010            0.0000        23.010                179.5193             0.0000            0.0000                 0.0000                     0.0000          179.5193                   -12.636315                 1.499987                  -156.509               -131.531489                           0.000        0.000             0.000                 0.000                                                                                17.00000000       89.090140       32000.000000                       1.0000     14.0386       17.0489    3.808985e-24
1 May 2024 08:54:48.000              23.010            0.0000        23.010                179.5629             0.0000            0.0000                 0.0000                     0.0000          179.5629                   -12.598631                 1.499987                  -156.553               -131.575046                           0.000        0.000             0.000                 0.000                                                                                17.00000000       89.046583       32000.000000                       1.0000     13.9951       17.0054    6.347774e-24
1 May 2024 08:55:18.000              23.010            0.0000        23.010                179.6061             0.0000            0.0000                 0.0000                     0.0000          179.6061                   -12.560430                 1.499987                  -156.596               -131.618257                           0.000        0.000             0.000                 0.000                                                                                17.00000000       89.003372       32000.000000                       1.0000     13.9519       16.9622    1.048331e-23
1 May 2024 08:55:48.000              23.010            0.0000        23.010                179.6489             0.0000            0.0000                 0.0000                     0.0000          179.6489                   -12.521733                 1.499987                  -156.639               -131.661122                           0.000        0.000             0.000                 0.000                                                                                17.00000000       88.960507       32000.000000                       1.0000     13.9090       16.9193    1.716029e-23
1 May 2024 08:56:18.000              23.010            0.0000        23.010                179.6915             0.0000            0.0000                 0.0000                     0.0000          179.6915                   -12.482563                 1.499988                  -156.681               -131.703644                           0.000        0.000             0.000                 0.000                                                                                17.00000000       88.917985       32000.000000                       1.0000     13.8665       16.8768    2.784732e-23
1 May 2024 08:56:48.000              23.010            0.0000        23.010                179.7336             0.0000            0.0000                 0.0000                     0.0000          179.7336                   -12.442939                 1.499988                  -156.723               -131.745827                           0.000        0.000             0.000                 0.000                                                                                17.00000000       88.875802       32000.000000                       1.0000     13.8243       16.8346    4.480799e-23
1 May 2024 08:57:18.000              23.010            0.0000        23.010                179.7755             0.0000            0.0000                 0.0000                     0.0000          179.7755                   -12.402880                 1.499988                  -156.765               -131.787672                           0.000        0.000             0.000                 0.000                                                                                17.00000000       88.833958       32000.000000                       1.0000     13.7825       16.7928    7.150232e-23
1 May 2024 08:57:48.000              23.010            0.0000        23.010                179.8170             0.0000            0.0000                 0.0000                     0.0000          179.8170                   -12.362407                 1.499988                  -156.807               -131.829181                           0.000        0.000             0.000                 0.000                                                                                17.00000000       88.792448       32000.000000                       1.0000     13.7409       16.7512    1.131761e-22
1 May 2024 08:58:18.000              23.010            0.0000        23.010                179.8582             0.0000            0.0000                 0.0000                     0.0000          179.8582                   -12.321538                 1.499988                  -156.848               -131.870358                           0.000        0.000             0.000                 0.000                                                                                17.00000000       88.751272       32000.000000                       1.0000     13.6998       16.7101    1.777193e-22
1 May 2024 08:58:48.000              23.010            0.0000        23.010                179.8990             0.0000            0.0000                 0.0000                     0.0000          179.8990                   -12.280288                 1.499988                  -156.889               -131.911204                           0.000        0.000             0.000                 0.000                                                                                17.00000000       88.710425       32000.000000                       1.0000     13.6589       16.6692    2.769068e-22
1 May 2024 08:59:18.000              23.010            0.0000        23.010                179.9395             0.0000            0.0000                 0.0000                     0.0000          179.9395                   -12.238677                 1.499988                  -156.929               -131.951722                           0.000        0.000             0.000                 0.000                                                                                17.00000000       88.669907       32000.000000                       1.0000     13.6184       16.6287    4.281776e-22
1 May 2024 08:59:48.000              23.010            0.0000        23.010                179.9797             0.0000            0.0000                 0.0000                     0.0000          179.9797                   -12.196719                 1.499988                  -156.969               -131.991916                           0.000        0.000             0.000                 0.000                                                                                17.00000000       88.629713       32000.000000                       1.0000     13.5782       16.5885    6.571668e-22
1 May 2024 09:00:18.000              23.010            0.0000        23.010                180.0196             0.0000            0.0000                 0.0000                     0.0000          180.0196                   -12.154431                 1.499988                  -157.009               -132.031786                           0.000        0.000             0.000                 0.000                                                                                17.00000000       88.589843       32000.000000                       1.0000     13.5383       16.5486    1.001284e-21
1 May 2024 09:00:48.000              23.010            0.0000        23.010                180.0591             0.0000            0.0000                 0.0000                     0.0000          180.0591                   -12.111827                 1.499988                  -157.049               -132.071336                           0.000        0.000             0.000                 0.000                                                                                17.00000000       88.550293       32000.000000                       1.0000     13.4988       16.5091    1.514734e-21
1 May 2024 09:01:18.000              23.010            0.0000        23.010                180.0984             0.0000            0.0000                 0.0000                     0.0000          180.0984                   -12.068922                 1.499988                  -157.088               -132.110569                           0.000        0.000             0.000                 0.000                                                                                17.00000000       88.511060       32000.000000                       1.0000     13.4596       16.4699    2.275507e-21
1 May 2024 09:01:48.000              23.010            0.0000        23.010                180.1373             0.0000            0.0000                 0.0000                     0.0000          180.1373                   -12.025730                 1.499988                  -157.127               -132.149486                           0.000        0.000             0.000                 0.000                                                                                17.00000000       88.472143       32000.000000                       1.0000     13.4206       16.4309    3.395051e-21
1 May 2024 09:02:18.000              23.010            0.0000        23.010                180.1759             0.0000            0.0000                 0.0000                     0.0000          180.1759                   -11.982264                 1.499988                  -157.166               -132.188091                           0.000        0.000             0.000                 0.000                                                                                17.00000000       88.433538       32000.000000                       1.0000     13.3820       16.3923    5.031569e-21
1 May 2024 09:02:48.000              23.010            0.0000        23.010                180.2142             0.0000            0.0000                 0.0000                     0.0000          180.2142                   -11.938537                 1.499988                  -157.204               -132.226386                           0.000        0.000             0.000                 0.000                                                                                17.00000000       88.395244       32000.000000                       1.0000     13.3437       16.3540    7.408159e-21
1 May 2024 09:03:18.000              23.010            0.0000        23.010                180.2522             0.0000            0.0000                 0.0000                     0.0000          180.2522                   -11.894562                 1.499988                  -157.242               -132.264373                           0.000        0.000             0.000                 0.000                                                                                17.00000000       88.357256       32000.000000                       1.0000     13.3058       16.3161    1.083743e-20
1 May 2024 09:03:48.000              23.010            0.0000        23.010                180.2899             0.0000            0.0000                 0.0000                     0.0000          180.2899                   -11.850349                 1.499988                  -157.280               -132.302055                           0.000        0.000             0.000                 0.000                                                                                17.00000000       88.319574       32000.000000                       1.0000     13.2681       16.2784    1.575469e-20
1 May 2024 09:04:18.000              23.010            0.0000        23.010                180.3272             0.0000            0.0000                 0.0000                     0.0000          180.3272                   -11.805912                 1.499988                  -157.317               -132.339434                           0.000        0.000             0.000                 0.000                                                                                17.00000000       88.282195       32000.000000                       1.0000     13.2307       16.2410    2.276236e-20
1 May 2024 09:04:48.000              23.010            0.0000        23.010                180.3643             0.0000            0.0000                 0.0000                     0.0000          180.3643                   -11.761261                 1.499988                  -157.354               -132.376513                           0.000        0.000             0.000                 0.000                                                                                17.00000000       88.245116       32000.000000                       1.0000     13.1936       16.2039    3.268918e-20
1 May 2024 09:05:18.000              23.010            0.0000        23.010                180.4011             0.0000            0.0000                 0.0000                     0.0000          180.4011                   -11.716406                 1.499988                  -157.391               -132.413295                           0.000        0.000             0.000                 0.000                                                                                17.00000000       88.208334       32000.000000                       1.0000     13.1568       16.1671    4.666851e-20
1 May 2024 09:05:48.000              23.010            0.0000        23.010                180.4376             0.0000            0.0000                 0.0000                     0.0000          180.4376                   -11.671358                 1.499988                  -157.427               -132.449782                           0.000        0.000             0.000                 0.000                                                                                17.00000000       88.171847       32000.000000                       1.0000     13.1203       16.1306    6.624142e-20
1 May 2024 09:06:18.000              23.010            0.0000        23.010                180.4738             0.0000            0.0000                 0.0000                     0.0000          180.4738                   -11.626127                 1.499988                  -157.463               -132.485976                           0.000        0.000             0.000                 0.000                                                                                17.00000000       88.135653       32000.000000                       1.0000     13.0842       16.0945    9.349164e-20
1 May 2024 09:06:48.000              23.010            0.0000        23.010                180.5097             0.0000            0.0000                 0.0000                     0.0000          180.5097                   -11.580722                 1.499988                  -157.499               -132.521880                           0.000        0.000             0.000                 0.000                                                                                17.00000000       88.099749       32000.000000                       1.0000     13.0482       16.0585    1.312210e-19
1 May 2024 09:07:18.000              23.010            0.0000        23.010                180.5453             0.0000            0.0000                 0.0000                     0.0000          180.5453                   -11.535152                 1.499988                  -157.535               -132.557497                           0.000        0.000             0.000                 0.000                                                                                17.00000000       88.064132       32000.000000                       1.0000     13.0126       16.0229    1.831769e-19
1 May 2024 09:07:48.000              23.010            0.0000        23.010                180.5806             0.0000            0.0000                 0.0000                     0.0000          180.5806                   -11.489426                 1.499989                  -157.570               -132.592828                           0.000        0.000             0.000                 0.000                                                                                17.00000000       88.028801       32000.000000                       1.0000     12.9773       15.9876    2.543444e-19
1 May 2024 09:08:18.000              23.010            0.0000        23.010                180.6157             0.0000            0.0000                 0.0000                     0.0000          180.6157                   -11.443552                 1.499989                  -157.605               -132.627876                           0.000        0.000             0.000                 0.000                                                                                17.00000000       87.993753       32000.000000                       1.0000     12.9423       15.9526    3.513217e-19
1 May 2024 09:08:48.000              23.010            0.0000        23.010                180.6505             0.0000            0.0000                 0.0000                     0.0000          180.6505                   -11.397539                 1.499989                  -157.640               -132.662644                           0.000        0.000             0.000                 0.000                                                                                17.00000000       87.958985       32000.000000                       1.0000     12.9075       15.9178    4.827968e-19
1 May 2024 09:09:18.000              23.010            0.0000        23.010                180.6849             0.0000            0.0000                 0.0000                     0.0000          180.6849                   -11.351395                 1.499989                  -157.675               -132.697134                           0.000        0.000             0.000                 0.000                                                                                17.00000000       87.924495       32000.000000                       1.0000     12.8730       15.8833    6.601537e-19
1 May 2024 09:09:48.000              23.010            0.0000        23.010                180.7192             0.0000            0.0000                 0.0000                     0.0000          180.7192                   -11.305127                 1.499989                  -157.709               -132.731348                           0.000        0.000             0.000                 0.000                                                                                17.00000000       87.890281       32000.000000                       1.0000     12.8388       15.8491    8.982359e-19
1 May 2024 09:10:18.000              23.010            0.0000        23.010                180.7531             0.0000            0.0000                 0.0000                     0.0000          180.7531                   -11.258741                 1.499989                  -157.743               -132.765289                           0.000        0.000             0.000                 0.000                                                                                17.00000000       87.856340       32000.000000                       1.0000     12.8048       15.8151    1.216306e-18
1 May 2024 09:10:48.000              23.010            0.0000        23.010                180.7868             0.0000            0.0000                 0.0000                     0.0000          180.7868                   -11.212247                 1.499989                  -157.776               -132.798958                           0.000        0.000             0.000                 0.000                                                                                17.00000000       87.822671       32000.000000                       1.0000     12.7712       15.7815    1.639245e-18
1 May 2024 09:11:18.000              23.010            0.0000        23.010                180.8202             0.0000            0.0000                 0.0000                     0.0000          180.8202                   -11.165649                 1.499989                  -157.810               -132.832360                           0.000        0.000             0.000                 0.000                                                                                17.00000000       87.789270       32000.000000                       1.0000     12.7378       15.7481    2.199045e-18
1 May 2024 09:11:48.000              23.010            0.0000        23.010                180.8533             0.0000            0.0000                 0.0000                     0.0000          180.8533                   -11.118954                 1.499989                  -157.843               -132.865494                           0.000        0.000             0.000                 0.000                                                                                17.00000000       87.756135       32000.000000                       1.0000     12.7046       15.7149    2.936653e-18
1 May 2024 09:12:18.000              23.010            0.0000        23.010                180.8862             0.0000            0.0000                 0.0000                     0.0000          180.8862                   -11.072169                 1.499989                  -157.876               -132.898365                           0.000        0.000             0.000                 0.000                                                                                17.00000000       87.723264       32000.000000                       1.0000     12.6718       15.6821    3.904256e-18
1 May 2024 09:12:48.000              23.010            0.0000        23.010                180.9188             0.0000            0.0000                 0.0000                     0.0000          180.9188                   -11.025300                 1.499989                  -157.908               -132.930973                           0.000        0.000             0.000                 0.000                                                                                17.00000000       87.690656       32000.000000                       1.0000     12.6392       15.6495    5.168075e-18
1 May 2024 09:13:18.000              23.010            0.0000        23.010                180.9511             0.0000            0.0000                 0.0000                     0.0000          180.9511                   -10.978352                 1.499989                  -157.941               -132.963322                           0.000        0.000             0.000                 0.000                                                                                17.00000000       87.658307       32000.000000                       1.0000     12.6068       15.6171    6.811783e-18
1 May 2024 09:13:48.000              23.010            0.0000        23.010                180.9832             0.0000            0.0000                 0.0000                     0.0000          180.9832                   -10.931331                 1.499989                  -157.973               -132.995414                           0.000        0.000             0.000                 0.000                                                                                17.00000000       87.626215       32000.000000                       1.0000     12.5747       15.5850    8.940675e-18
1 May 2024 09:14:18.000              23.010            0.0000        23.010                181.0151             0.0000            0.0000                 0.0000                     0.0000          181.0151                   -10.884243                 1.499989                  -158.005               -133.027250                           0.000        0.000             0.000                 0.000                                                                                17.00000000       87.594379       32000.000000                       1.0000     12.5429       15.5532    1.168671e-17
1 May 2024 09:14:48.000              23.010            0.0000        23.010                181.0466             0.0000            0.0000                 0.0000                     0.0000          181.0466                   -10.837092                 1.499989                  -158.036               -133.058834                           0.000        0.000             0.000                 0.000                                                                                17.00000000       87.562795       32000.000000                       1.0000     12.5113       15.5216    1.521463e-17
1 May 2024 09:15:18.000              23.010            0.0000        23.010                181.0780             0.0000            0.0000                 0.0000                     0.0000          181.0780                   -10.789883                 1.499989                  -158.068               -133.090166                           0.000        0.000             0.000                 0.000                                                                                17.00000000       87.531463       32000.000000                       1.0000     12.4800       15.4903    1.972925e-17
1 May 2024 09:15:48.000              23.010            0.0000        23.010                181.1091             0.0000            0.0000                 0.0000                     0.0000          181.1091                   -10.742622                 1.499989                  -158.099               -133.121250                           0.000        0.000             0.000                 0.000                                                                                17.00000000       87.500379       32000.000000                       1.0000     12.4489       15.4592    2.548431e-17
1 May 2024 09:16:18.000              23.010            0.0000        23.010                181.1399             0.0000            0.0000                 0.0000                     0.0000          181.1399                   -10.695312                 1.499989                  -158.130               -133.152087                           0.000        0.000             0.000                 0.000                                                                                17.00000000       87.469542       32000.000000                       1.0000     12.4180       15.4283    3.279293e-17
1 May 2024 09:16:48.000              23.010            0.0000        23.010                181.1705             0.0000            0.0000                 0.0000                     0.0000          181.1705                   -10.647958                 1.499989                  -158.160               -133.182680                           0.000        0.000             0.000                 0.000                                                                                17.00000000       87.438950       32000.000000                       1.0000     12.3874       15.3977    4.204009e-17
1 May 2024 09:17:18.000              23.010            0.0000        23.010                181.2008             0.0000            0.0000                 0.0000                     0.0000          181.2008                   -10.600565                 1.499989                  -158.191               -133.213030                           0.000        0.000             0.000                 0.000                                                                                17.00000000       87.408599       32000.000000                       1.0000     12.3571       15.3674    5.369747e-17
1 May 2024 09:17:48.000              23.010            0.0000        23.010                181.2309             0.0000            0.0000                 0.0000                     0.0000          181.2309                   -10.553136                 1.499989                  -158.221               -133.243139                           0.000        0.000             0.000                 0.000                                                                                17.00000000       87.378490       32000.000000                       1.0000     12.3270       15.3373    6.834087e-17
1 May 2024 09:18:18.000              23.010            0.0000        23.010                181.2608             0.0000            0.0000                 0.0000                     0.0000          181.2608                   -10.505676                 1.499989                  -158.251               -133.273011                           0.000        0.000             0.000                 0.000                                                                                17.00000000       87.348618       32000.000000                       1.0000     12.2971       15.3074    8.667079e-17
1 May 2024 09:18:48.000              23.010            0.0000        23.010                181.2905             0.0000            0.0000                 0.0000                     0.0000          181.2905                   -10.458187                 1.499990                  -158.280               -133.302646                           0.000        0.000             0.000                 0.000                                                                                17.00000000       87.318984       32000.000000                       1.0000     12.2675       15.2778    1.095366e-16
1 May 2024 09:19:18.000              23.010            0.0000        23.010                181.3199             0.0000            0.0000                 0.0000                     0.0000          181.3199                   -10.410675                 1.499990                  -158.310               -133.332046                           0.000        0.000             0.000                 0.000                                                                                17.00000000       87.289583       32000.000000                       1.0000     12.2381       15.2484    1.379645e-16
1 May 2024 09:19:48.000              23.010            0.0000        23.010                181.3490             0.0000            0.0000                 0.0000                     0.0000          181.3490                   -10.363141                 1.499990                  -158.339               -133.361214                           0.000        0.000             0.000                 0.000                                                                                17.00000000       87.260415       32000.000000                       1.0000     12.2089       15.2192    1.731907e-16
1 May 2024 09:20:18.000              23.010            0.0000        23.010                181.3780             0.0000            0.0000                 0.0000                     0.0000          181.3780                   -10.315590                 1.499990                  -158.368               -133.390152                           0.000        0.000             0.000                 0.000                                                                                17.00000000       87.231477       32000.000000                       1.0000     12.1800       15.1903    2.166992e-16
1 May 2024 09:20:48.000              23.010            0.0000        23.010                181.4067             0.0000            0.0000                 0.0000                     0.0000          181.4067                   -10.268025                 1.499990                  -158.396               -133.418861                           0.000        0.000             0.000                 0.000                                                                                17.00000000       87.202768       32000.000000                       1.0000     12.1513       15.1616    2.702661e-16
1 May 2024 09:21:18.000              23.010            0.0000        23.010                181.4352             0.0000            0.0000                 0.0000                     0.0000          181.4352                   -10.220449                 1.499990                  -158.425               -133.447344                           0.000        0.000             0.000                 0.000                                                                                17.00000000       87.174286       32000.000000                       1.0000     12.1228       15.1331    3.360105e-16
1 May 2024 09:21:48.000              23.010            0.0000        23.010                181.4634             0.0000            0.0000                 0.0000                     0.0000          181.4634                   -10.172865                 1.499990                  -158.453               -133.475601                           0.000        0.000             0.000                 0.000                                                                                17.00000000       87.146028       32000.000000                       1.0000     12.0945       15.1048    4.164528e-16
1 May 2024 09:22:18.000              23.010            0.0000        23.010                181.4914             0.0000            0.0000                 0.0000                     0.0000          181.4914                   -10.125275                 1.499990                  -158.481               -133.503636                           0.000        0.000             0.000                 0.000                                                                                17.00000000       87.117993       32000.000000                       1.0000     12.0665       15.0768    5.145822e-16
1 May 2024 09:22:48.000              23.010            0.0000        23.010                181.5193             0.0000            0.0000                 0.0000                     0.0000          181.5193                   -10.077682                 1.499990                  -158.509               -133.531450                           0.000        0.000             0.000                 0.000                                                                                17.00000000       87.090179       32000.000000                       1.0000     12.0387       15.0490    6.339330e-16
1 May 2024 09:23:18.000              23.010            0.0000        23.010                181.5469             0.0000            0.0000                 0.0000                     0.0000          181.5469                   -10.030090                 1.499990                  -158.537               -133.559045                           0.000        0.000             0.000                 0.000                                                                                17.00000000       87.062584       32000.000000                       1.0000     12.0111       15.0214    7.786725e-16
1 May 2024 09:23:48.000              23.010            0.0000        23.010                181.5742             0.0000            0.0000                 0.0000                     0.0000          181.5742                    -9.982500                 1.499990                  -158.564               -133.586422                           0.000        0.000             0.000                 0.000                                                                                17.00000000       87.035207       32000.000000                       1.0000     11.9837       14.9940    9.537001e-16
1 May 2024 09:24:18.000              23.010            0.0000        23.010                181.6014             0.0000            0.0000                 0.0000                     0.0000          181.6014                    -9.934915                 1.499990                  -158.591               -133.613584                           0.000        0.000             0.000                 0.000                                                                                17.00000000       87.008045       32000.000000                       1.0000     11.9565       14.9668    1.164760e-15
1 May 2024 09:24:48.000              23.010            0.0000        23.010                181.6283             0.0000            0.0000                 0.0000                     0.0000          181.6283                    -9.887338                 1.499990                  -158.618               -133.640532                           0.000        0.000             0.000                 0.000                                                                                17.00000000       86.981098       32000.000000                       1.0000     11.9296       14.9399    1.418569e-15
1 May 2024 09:25:18.000              23.010            0.0000        23.010                181.6551             0.0000            0.0000                 0.0000                     0.0000          181.6551                    -9.839770                 1.499990                  -158.645               -133.667267                           0.000        0.000             0.000                 0.000                                                                                17.00000000       86.954362       32000.000000                       1.0000     11.9029       14.9132    1.722960e-15
1 May 2024 09:25:48.000              23.010            0.0000        23.010                181.6816             0.0000            0.0000                 0.0000                     0.0000          181.6816                    -9.792214                 1.499990                  -158.671               -133.693793                           0.000        0.000             0.000                 0.000                                                                                17.00000000       86.927836       32000.000000                       1.0000     11.8763       14.8866    2.087042e-15
1 May 2024 09:26:18.000              23.010            0.0000        23.010                181.7079             0.0000            0.0000                 0.0000                     0.0000          181.7079                    -9.744671                 1.499990                  -158.698               -133.720109                           0.000        0.000             0.000                 0.000                                                                                17.00000000       86.901520       32000.000000                       1.0000     11.8500       14.8603    2.521382e-15
1 May 2024 09:26:48.000              23.010            0.0000        23.010                181.7340             0.0000            0.0000                 0.0000                     0.0000          181.7340                    -9.697144                 1.499990                  -158.724               -133.746219                           0.000        0.000             0.000                 0.000                                                                                17.00000000       86.875410       32000.000000                       1.0000     11.8239       14.8342    3.038208e-15
1 May 2024 09:27:18.000              23.010            0.0000        23.010                181.7599             0.0000            0.0000                 0.0000                     0.0000          181.7599                    -9.649635                 1.499990                  -158.750               -133.772124                           0.000        0.000             0.000                 0.000                                                                                17.00000000       86.849506       32000.000000                       1.0000     11.7980       14.8083    3.651635e-15
1 May 2024 09:27:48.000              23.010            0.0000        23.010                181.7856             0.0000            0.0000                 0.0000                     0.0000          181.7856                    -9.602145                 1.499990                  -158.775               -133.797824                           0.000        0.000             0.000                 0.000                                                                                17.00000000       86.823805       32000.000000                       1.0000     11.7723       14.7826    4.377911e-15
1 May 2024 09:28:18.000              23.010            0.0000        23.010                181.8111             0.0000            0.0000                 0.0000                     0.0000          181.8111                    -9.554676                 1.499990                  -158.801               -133.823323                           0.000        0.000             0.000                 0.000                                                                                17.00000000       86.798306       32000.000000                       1.0000     11.7468       14.7571    5.235702e-15
1 May 2024 09:28:48.000              23.010            0.0000        23.010                181.8364             0.0000            0.0000                 0.0000                     0.0000          181.8364                    -9.507230                 1.499990                  -158.826               -133.848621                           0.000        0.000             0.000                 0.000                                                                                17.00000000       86.773008       32000.000000                       1.0000     11.7215       14.7318    6.246395e-15
1 May 2024 09:29:18.000              23.010            0.0000        23.010                181.8615             0.0000            0.0000                 0.0000                     0.0000          181.8615                    -9.459808                 1.499991                  -158.851               -133.873721                           0.000        0.000             0.000                 0.000                                                                                17.00000000       86.747908       32000.000000                       1.0000     11.6964       14.7067    7.434443e-15
1 May 2024 09:29:48.000              23.010            0.0000        23.010                181.8864             0.0000            0.0000                 0.0000                     0.0000          181.8864                    -9.412412                 1.499991                  -158.876               -133.898623                           0.000        0.000             0.000                 0.000                                                                                17.00000000       86.723006       32000.000000                       1.0000     11.6715       14.6818    8.827732e-15
1 May 2024 09:30:18.000              23.010            0.0000        23.010                181.9111             0.0000            0.0000                 0.0000                     0.0000          181.9111                    -9.365043                 1.499991                  -158.901               -133.923330                           0.000        0.000             0.000                 0.000                                                                                17.00000000       86.698300       32000.000000                       1.0000     11.6468       14.6571    1.045800e-14
1 May 2024 09:30:48.000              23.010            0.0000        23.010                181.9357             0.0000            0.0000                 0.0000                     0.0000          181.9357                    -9.317703                 1.499991                  -158.925               -133.947842                           0.000        0.000             0.000                 0.000                                                                                17.00000000       86.673787       32000.000000                       1.0000     11.6223       14.6326    1.236129e-14
1 May 2024 09:31:18.000              23.010            0.0000        23.010                181.9600             0.0000            0.0000                 0.0000                     0.0000          181.9600                    -9.270393                 1.499991                  -158.950               -133.972162                           0.000        0.000             0.000                 0.000                                                                                17.00000000       86.649467       32000.000000                       1.0000     11.5980       14.6083    1.457843e-14
1 May 2024 09:31:48.000              23.010            0.0000        23.010                181.9841             0.0000            0.0000                 0.0000                     0.0000          181.9841                    -9.223114                 1.499991                  -158.974               -133.996290                           0.000        0.000             0.000                 0.000                                                                                17.00000000       86.625339       32000.000000                       1.0000     11.5738       14.5841    1.715558e-14
1 May 2024 09:32:18.000              23.010            0.0000        23.010                182.0080             0.0000            0.0000                 0.0000                     0.0000          182.0080                    -9.175867                 1.499991                  -158.998               -134.020229                           0.000        0.000             0.000                 0.000                                                                                17.00000000       86.601400       32000.000000                       1.0000     11.5499       14.5602    2.014482e-14
1 May 2024 09:32:48.000              23.010            0.0000        23.010                182.0318             0.0000            0.0000                 0.0000                     0.0000          182.0318                    -9.128654                 1.499991                  -159.021               -134.043980                           0.000        0.000             0.000                 0.000                                                                                17.00000000       86.577649       32000.000000                       1.0000     11.5261       14.5364    2.360480e-14
1 May 2024 09:33:18.000              23.010            0.0000        23.010                182.0554             0.0000            0.0000                 0.0000                     0.0000          182.0554                    -9.081476                 1.499991                  -159.045               -134.067544                           0.000        0.000             0.000                 0.000                                                                                17.00000000       86.554085       32000.000000                       1.0000     11.5026       14.5129    2.760138e-14
1 May 2024 09:33:48.000              23.010            0.0000        23.010                182.0787             0.0000            0.0000                 0.0000                     0.0000          182.0787                    -9.034334                 1.499991                  -159.068               -134.090923                           0.000        0.000             0.000                 0.000                                                                                17.00000000       86.530707       32000.000000                       1.0000     11.4792       14.4895    3.220845e-14
1 May 2024 09:34:18.000              23.010            0.0000        23.010                182.1019             0.0000            0.0000                 0.0000                     0.0000          182.1019                    -8.987228                 1.499991                  -159.092               -134.114117                           0.000        0.000             0.000                 0.000                                                                                17.00000000       86.507512       32000.000000                       1.0000     11.4560       14.4663    3.750867e-14
1 May 2024 09:34:48.000              23.010            0.0000        23.010                182.1249             0.0000            0.0000                 0.0000                     0.0000          182.1249                    -8.940160                 1.499991                  -159.115               -134.137130                           0.000        0.000             0.000                 0.000                                                                                17.00000000       86.484499       32000.000000                       1.0000     11.4330       14.4433    4.359437e-14
1 May 2024 09:35:18.000              23.010            0.0000        23.010                182.1478             0.0000            0.0000                 0.0000                     0.0000          182.1478                    -8.893130                 1.499991                  -159.137               -134.159961                           0.000        0.000             0.000                 0.000                                                                                17.00000000       86.461668       32000.000000                       1.0000     11.4102       14.4205    5.056847e-14
1 May 2024 09:35:48.000              23.010            0.0000        23.010                182.1704             0.0000            0.0000                 0.0000                     0.0000          182.1704                    -8.846139                 1.499991                  -159.160               -134.182612                           0.000        0.000             0.000                 0.000                                                                                17.00000000       86.439017       32000.000000                       1.0000     11.3875       14.3978    5.854547e-14
1 May 2024 09:36:18.000              23.010            0.0000        23.010                182.1929             0.0000            0.0000                 0.0000                     0.0000          182.1929                    -8.799189                 1.499991                  -159.183               -134.205085                           0.000        0.000             0.000                 0.000                                                                                17.00000000       86.416544       32000.000000                       1.0000     11.3650       14.3753    6.765256e-14
1 May 2024 09:36:48.000              23.010            0.0000        23.010                182.2152             0.0000            0.0000                 0.0000                     0.0000          182.2152                    -8.752280                 1.499991                  -159.205               -134.227381                           0.000        0.000             0.000                 0.000                                                                                17.00000000       86.394248       32000.000000                       1.0000     11.3427       14.3530    7.803071e-14
1 May 2024 09:37:18.000              23.010            0.0000        23.010                182.2373             0.0000            0.0000                 0.0000                     0.0000          182.2373                    -8.705412                 1.499991                  -159.227               -134.249501                           0.000        0.000             0.000                 0.000                                                                                17.00000000       86.372128       32000.000000                       1.0000     11.3206       14.3309    8.983589e-14
1 May 2024 09:37:48.000              23.010            0.0000        23.010                182.2593             0.0000            0.0000                 0.0000                     0.0000          182.2593                    -8.658587                 1.499991                  -159.249               -134.271447                           0.000        0.000             0.000                 0.000                                                                                17.00000000       86.350182       32000.000000                       1.0000     11.2987       14.3090    1.032404e-13
1 May 2024 09:38:18.000              23.010            0.0000        23.010                182.2810             0.0000            0.0000                 0.0000                     0.0000          182.2810                    -8.611805                 1.499991                  -159.271               -134.293220                           0.000        0.000             0.000                 0.000                                                                                17.00000000       86.328409       32000.000000                       1.0000     11.2769       14.2872    1.184342e-13
1 May 2024 09:38:48.000              23.010            0.0000        23.010                182.3026             0.0000            0.0000                 0.0000                     0.0000          182.3026                    -8.565066                 1.499991                  -159.292               -134.314820                           0.000        0.000             0.000                 0.000                                                                                17.00000000       86.306809       32000.000000                       1.0000     11.2553       14.2656    1.356264e-13
1 May 2024 09:39:18.000              23.010            0.0000        23.010                182.3241             0.0000            0.0000                 0.0000                     0.0000          182.3241                    -8.518371                 1.499991                  -159.314               -134.336250                           0.000        0.000             0.000                 0.000                                                                                17.00000000       86.285379       32000.000000                       1.0000     11.2339       14.2442    1.550467e-13
1 May 2024 09:39:48.000              23.010            0.0000        23.010                182.3453             0.0000            0.0000                 0.0000                     0.0000          182.3453                    -8.471721                 1.499992                  -159.335               -134.357511                           0.000        0.000             0.000                 0.000                                                                                17.00000000       86.264118       32000.000000                       1.0000     11.2126       14.2229    1.769471e-13
1 May 2024 09:40:18.000              23.010            0.0000        23.010                182.3664             0.0000            0.0000                 0.0000                     0.0000          182.3664                    -8.425116                 1.499992                  -159.356               -134.378603                           0.000        0.000             0.000                 0.000                                                                                17.00000000       86.243026       32000.000000                       1.0000     11.1915       14.2018    2.016037e-13
1 May 2024 09:40:48.000              23.010            0.0000        23.010                182.3873             0.0000            0.0000                 0.0000                     0.0000          182.3873                    -8.378557                 1.499992                  -159.377               -134.399529                           0.000        0.000             0.000                 0.000                                                                                17.00000000       86.222100       32000.000000                       1.0000     11.1706       14.1809    2.293182e-13
1 May 2024 09:41:18.000              23.010            0.0000        23.010                182.4081             0.0000            0.0000                 0.0000                     0.0000          182.4081                    -8.332044                 1.499992                  -159.398               -134.420288                           0.000        0.000             0.000                 0.000                                                                                17.00000000       86.201341       32000.000000                       1.0000     11.1498       14.1601    2.604200e-13
1 May 2024 09:41:48.000              23.010            0.0000        23.010                182.4287             0.0000            0.0000                 0.0000                     0.0000          182.4287                    -8.285577                 1.499992                  -159.418               -134.440884                           0.000        0.000             0.000                 0.000                                                                                17.00000000       86.180746       32000.000000                       1.0000     11.1292       14.1395    2.952680e-13
1 May 2024 09:42:18.000              23.010            0.0000        23.010                182.4491             0.0000            0.0000                 0.0000                     0.0000          182.4491                    -8.239157                 1.499992                  -159.439               -134.461315                           0.000        0.000             0.000                 0.000                                                                                17.00000000       86.160314       32000.000000                       1.0000     11.1088       14.1191    3.342529e-13
1 May 2024 09:42:48.000              23.010            0.0000        23.010                182.4694             0.0000            0.0000                 0.0000                     0.0000          182.4694                    -8.192784                 1.499992                  -159.459               -134.481585                           0.000        0.000             0.000                 0.000                                                                                17.00000000       86.140045       32000.000000                       1.0000     11.0885       14.0988    3.777991e-13
1 May 2024 09:43:18.000              23.010            0.0000        23.010                182.4895             0.0000            0.0000                 0.0000                     0.0000          182.4895                    -8.146459                 1.499992                  -159.479               -134.501693                           0.000        0.000             0.000                 0.000                                                                                17.00000000       86.119936       32000.000000                       1.0000     11.0684       14.0787    4.263668e-13
1 May 2024 09:43:48.000              23.010            0.0000        23.010                182.5095             0.0000            0.0000                 0.0000                     0.0000          182.5095                    -8.100181                 1.499992                  -159.499               -134.521641                           0.000        0.000             0.000                 0.000                                                                                17.00000000       86.099988       32000.000000                       1.0000     11.0485       14.0588    4.804547e-13
1 May 2024 09:44:18.000              23.010            0.0000        23.010                182.5292             0.0000            0.0000                 0.0000                     0.0000          182.5292                    -8.053952                 1.499992                  -159.519               -134.541430                           0.000        0.000             0.000                 0.000                                                                                17.00000000       86.080199       32000.000000                       1.0000     11.0287       14.0390    5.406021e-13
1 May 2024 09:44:48.000              23.010            0.0000        23.010                182.5489             0.0000            0.0000                 0.0000                     0.0000          182.5489                    -8.007771                 1.499992                  -159.539               -134.561062                           0.000        0.000             0.000                 0.000                                                                                17.00000000       86.060567       32000.000000                       1.0000     11.0091       14.0194    6.073912e-13
1 May 2024 09:45:18.000              23.010            0.0000        23.010                182.5683             0.0000            0.0000                 0.0000                     0.0000          182.5683                    -7.961638                 1.499992                  -159.558               -134.580537                           0.000        0.000             0.000                 0.000                                                                                17.00000000       86.041092       32000.000000                       1.0000     10.9896       13.9999    6.814500e-13
1 May 2024 09:45:48.000              23.010            0.0000        23.010                182.5877             0.0000            0.0000                 0.0000                     0.0000          182.5877                    -7.915554                 1.499992                  -159.577               -134.599856                           0.000        0.000             0.000                 0.000                                                                                17.00000000       86.021773       32000.000000                       1.0000     10.9703       13.9806    7.634548e-13
1 May 2024 09:46:18.000              23.010            0.0000        23.010                182.6068             0.0000            0.0000                 0.0000                     0.0000          182.6068                    -7.869519                 1.499992                  -159.597               -134.619020                           0.000        0.000             0.000                 0.000                                                                                17.00000000       86.002609       32000.000000                       1.0000     10.9511       13.9614    8.541325e-13
1 May 2024 09:46:48.000              23.010            0.0000        23.010                182.6258             0.0000            0.0000                 0.0000                     0.0000          182.6258                    -7.823533                 1.499992                  -159.616               -134.638031                           0.000        0.000             0.000                 0.000                                                                                17.00000000       85.983598       32000.000000                       1.0000     10.9321       13.9424    9.542639e-13
1 May 2024 09:47:18.000              23.010            0.0000        23.010                182.6447             0.0000            0.0000                 0.0000                     0.0000          182.6447                    -7.777596                 1.499992                  -159.634               -134.656890                           0.000        0.000             0.000                 0.000                                                                                17.00000000       85.964739       32000.000000                       1.0000     10.9132       13.9235    1.064686e-12
1 May 2024 09:47:48.000              23.010            0.0000        23.010                182.6634             0.0000            0.0000                 0.0000                     0.0000          182.6634                    -7.731708                 1.499992                  -159.653               -134.675597                           0.000        0.000             0.000                 0.000                                                                                17.00000000       85.946032       32000.000000                       1.0000     10.8945       13.9048    1.186295e-12
1 May 2024 09:48:18.000              23.010            0.0000        23.010                182.6820             0.0000            0.0000                 0.0000                     0.0000          182.6820                    -7.685869                 1.499992                  -159.672               -134.694153                           0.000        0.000             0.000                 0.000                                                                                17.00000000       85.927476       32000.000000                       1.0000     10.8760       13.8863    1.320050e-12
1 May 2024 09:48:48.000              23.010            0.0000        23.010                182.7004             0.0000            0.0000                 0.0000                     0.0000          182.7004                    -7.640081                 1.499992                  -159.690               -134.712560                           0.000        0.000             0.000                 0.000                                                                                17.00000000       85.909069       32000.000000                       1.0000     10.8576       13.8679    1.466974e-12
1 May 2024 09:49:18.000              23.010            0.0000        23.010                182.7186             0.0000            0.0000                 0.0000                     0.0000          182.7186                    -7.594341                 1.499992                  -159.708               -134.730819                           0.000        0.000             0.000                 0.000                                                                                17.00000000       85.890810       32000.000000                       1.0000     10.8393       13.8496    1.628159e-12
1 May 2024 09:49:48.000              23.010            0.0000        23.010                182.7367             0.0000            0.0000                 0.0000                     0.0000          182.7367                    -7.548651                 1.499992                  -159.726               -134.748930                           0.000        0.000             0.000                 0.000                                                                                17.00000000       85.872699       32000.000000                       1.0000     10.8212       13.8315    1.804767e-12
1 May 2024 09:50:18.000              23.010            0.0000        23.010                182.7547             0.0000            0.0000                 0.0000                     0.0000          182.7547                    -7.503010                 1.499992                  -159.744               -134.766894                           0.000        0.000             0.000                 0.000                                                                                17.00000000       85.854735       32000.000000                       1.0000     10.8032       13.8135    1.998035e-12
1 May 2024 09:50:48.000              23.010            0.0000        23.010                182.7725             0.0000            0.0000                 0.0000                     0.0000          182.7725                    -7.457419                 1.499993                  -159.762               -134.784713                           0.000        0.000             0.000                 0.000                                                                                17.00000000       85.836916       32000.000000                       1.0000     10.7854       13.7957    2.209277e-12
1 May 2024 09:51:18.000              23.010            0.0000        23.010                182.7902             0.0000            0.0000                 0.0000                     0.0000          182.7902                    -7.411878                 1.499993                  -159.780               -134.802387                           0.000        0.000             0.000                 0.000                                                                                17.00000000       85.819242       32000.000000                       1.0000     10.7677       13.7780    2.439887e-12
1 May 2024 09:51:48.000              23.010            0.0000        23.010                182.8077             0.0000            0.0000                 0.0000                     0.0000          182.8077                    -7.366386                 1.499993                  -159.797               -134.819917                           0.000        0.000             0.000                 0.000                                                                                17.00000000       85.801712       32000.000000                       1.0000     10.7502       13.7605    2.691340e-12
1 May 2024 09:52:18.000              23.010            0.0000        23.010                182.8251             0.0000            0.0000                 0.0000                     0.0000          182.8251                    -7.320943                 1.499993                  -159.815               -134.837305                           0.000        0.000             0.000                 0.000                                                                                17.00000000       85.784324       32000.000000                       1.0000     10.7328       13.7431    2.965201e-12
1 May 2024 09:52:48.000              23.010            0.0000        23.010                182.8424             0.0000            0.0000                 0.0000                     0.0000          182.8424                    -7.275550                 1.499993                  -159.832               -134.854550                           0.000        0.000             0.000                 0.000                                                                                17.00000000       85.767079       32000.000000                       1.0000     10.7156       13.7259    3.263121e-12
1 May 2024 09:53:18.000              23.010            0.0000        23.010                182.8595             0.0000            0.0000                 0.0000                     0.0000          182.8595                    -7.230206                 1.499993                  -159.849               -134.871655                           0.000        0.000             0.000                 0.000                                                                                17.00000000       85.749974       32000.000000                       1.0000     10.6985       13.7088    3.586844e-12
1 May 2024 09:53:48.000              23.010            0.0000        23.010                182.8764             0.0000            0.0000                 0.0000                     0.0000          182.8764                    -7.184911                 1.499993                  -159.866               -134.888619                           0.000        0.000             0.000                 0.000                                                                                17.00000000       85.733010       32000.000000                       1.0000     10.6815       13.6918    3.938209e-12
1 May 2024 09:54:18.000              23.010            0.0000        23.010                182.8933             0.0000            0.0000                 0.0000                     0.0000          182.8933                    -7.139665                 1.499993                  -159.883               -134.905444                           0.000        0.000             0.000                 0.000                                                                                17.00000000       85.716185       32000.000000                       1.0000     10.6647       13.6750    4.319152e-12
1 May 2024 09:54:48.000              23.010            0.0000        23.010                182.9099             0.0000            0.0000                 0.0000                     0.0000          182.9099                    -7.094468                 1.499993                  -159.900               -134.922131                           0.000        0.000             0.000                 0.000                                                                                17.00000000       85.699498       32000.000000                       1.0000     10.6480       13.6583    4.731709e-12
1 May 2024 09:55:18.000              23.010            0.0000        23.010                182.9265             0.0000            0.0000                 0.0000                     0.0000          182.9265                    -7.049320                 1.499993                  -159.916               -134.938680                           0.000        0.000             0.000                 0.000                                                                                17.00000000       85.682950       32000.000000                       1.0000     10.6314       13.6417    5.178020e-12
1 May 2024 09:55:48.000              23.010            0.0000        23.010                182.9429             0.0000            0.0000                 0.0000                     0.0000          182.9429                    -7.004221                 1.499993                  -159.933               -134.955092                           0.000        0.000             0.000                 0.000                                                                                17.00000000       85.666537       32000.000000                       1.0000     10.6150       13.6253    5.660329e-12
1 May 2024 09:56:18.000              23.010            0.0000        23.010                182.9592             0.0000            0.0000                 0.0000                     0.0000          182.9592                    -6.959171                 1.499993                  -159.949               -134.971368                           0.000        0.000             0.000                 0.000                                                                                17.00000000       85.650261       32000.000000                       1.0000     10.5988       13.6091    6.180991e-12
1 May 2024 09:56:48.000              23.010            0.0000        23.010                182.9753             0.0000            0.0000                 0.0000                     0.0000          182.9753                    -6.914168                 1.499993                  -159.965               -134.987509                           0.000        0.000             0.000                 0.000                                                                                17.00000000       85.634120       32000.000000                       1.0000     10.5826       13.5929    6.742468e-12
1 May 2024 09:57:18.000              23.010            0.0000        23.010                182.9913             0.0000            0.0000                 0.0000                     0.0000          182.9913                    -6.869214                 1.499993                  -159.981               -135.003516                           0.000        0.000             0.000                 0.000                                                                                17.00000000       85.618113       32000.000000                       1.0000     10.5666       13.5769    7.347334e-12
1 May 2024 09:57:48.000              23.010            0.0000        23.010                183.0072             0.0000            0.0000                 0.0000                     0.0000          183.0072                    -6.824308                 1.499993                  -159.997               -135.019389                           0.000        0.000             0.000                 0.000                                                                                17.00000000       85.602240       32000.000000                       1.0000     10.5507       13.5610    7.998281e-12
1 May 2024 09:58:18.000              23.010            0.0000        23.010                183.0229             0.0000            0.0000                 0.0000                     0.0000          183.0229                    -6.779450                 1.499993                  -160.013               -135.035130                           0.000        0.000             0.000                 0.000                                                                                17.00000000       85.586499       32000.000000                       1.0000     10.5350       13.5453    8.698114e-12
1 May 2024 09:58:48.000              23.010            0.0000        23.010                183.0385             0.0000            0.0000                 0.0000                     0.0000          183.0385                    -6.734639                 1.499993                  -160.028               -135.050738                           0.000        0.000             0.000                 0.000                                                                                17.00000000       85.570891       32000.000000                       1.0000     10.5194       13.5297    9.449756e-12
1 May 2024 09:59:18.000              23.010            0.0000        23.010                183.0540             0.0000            0.0000                 0.0000                     0.0000          183.0540                    -6.689876                 1.499993                  -160.044               -135.066216                           0.000        0.000             0.000                 0.000                                                                                17.00000000       85.555413       32000.000000                       1.0000     10.5039       13.5142    1.025625e-11
1 May 2024 09:59:48.000              23.010            0.0000        23.010                183.0694             0.0000            0.0000                 0.0000                     0.0000          183.0694                    -6.645160                 1.499993                  -160.059               -135.081563                           0.000        0.000             0.000                 0.000                                                                                17.00000000       85.540066       32000.000000                       1.0000     10.4886       13.4989    1.112076e-11
1 May 2024 10:00:18.000              23.010            0.0000        23.010                183.0846             0.0000            0.0000                 0.0000                     0.0000          183.0846                    -6.600492                 1.499993                  -160.074               -135.096780                           0.000        0.000             0.000                 0.000                                                                                17.00000000       85.524849       32000.000000                       1.0000     10.4733       13.4836    1.204657e-11
1 May 2024 10:00:48.000              23.010            0.0000        23.010                183.0997             0.0000            0.0000                 0.0000                     0.0000          183.0997                    -6.555869                 1.499993                  -160.089               -135.111869                           0.000        0.000             0.000                 0.000                                                                                17.00000000       85.509761       32000.000000                       1.0000     10.4583       13.4686    1.303709e-11
1 May 2024 10:01:18.000              23.010            0.0000        23.010                183.1146             0.0000            0.0000                 0.0000                     0.0000          183.1146                    -6.511294                 1.499993                  -160.104               -135.126829                           0.000        0.000             0.000                 0.000                                                                                17.00000000       85.494800       32000.000000                       1.0000     10.4433       13.4536    1.409585e-11
1 May 2024 10:01:48.000              23.010            0.0000        23.010                183.1295             0.0000            0.0000                 0.0000                     0.0000          183.1295                    -6.466764                 1.499994                  -160.119               -135.141661                           0.000        0.000             0.000                 0.000                                                                                17.00000000       85.479968       32000.000000                       1.0000     10.4285       13.4388    1.522650e-11
1 May 2024 10:02:18.000              23.010            0.0000        23.010                183.1442             0.0000            0.0000                 0.0000                     0.0000          183.1442                    -6.422281                 1.499994                  -160.134               -135.156367                           0.000        0.000             0.000                 0.000                                                                                17.00000000       85.465262       32000.000000                       1.0000     10.4138       13.4241    1.643282e-11
1 May 2024 10:02:48.000              23.010            0.0000        23.010                183.1588             0.0000            0.0000                 0.0000                     0.0000          183.1588                    -6.377843                 1.499994                  -160.148               -135.170947                           0.000        0.000             0.000                 0.000                                                                                17.00000000       85.450682       32000.000000                       1.0000     10.3992       13.4095    1.771871e-11
1 May 2024 10:03:18.000              23.010            0.0000        23.010                183.1732             0.0000            0.0000                 0.0000                     0.0000          183.1732                    -6.333451                 1.499994                  -160.163               -135.185402                           0.000        0.000             0.000                 0.000                                                                                17.00000000       85.436227       32000.000000                       1.0000     10.3847       13.3950    1.908818e-11
1 May 2024 10:03:48.000              23.010            0.0000        23.010                183.1875             0.0000            0.0000                 0.0000                     0.0000          183.1875                    -6.289104                 1.499994                  -160.177               -135.199732                           0.000        0.000             0.000                 0.000                                                                                17.00000000       85.421897       32000.000000                       1.0000     10.3704       13.3807    2.054539e-11
1 May 2024 10:04:18.000              23.010            0.0000        23.010                183.2017             0.0000            0.0000                 0.0000                     0.0000          183.2017                    -6.244802                 1.499994                  -160.191               -135.213938                           0.000        0.000             0.000                 0.000                                                                                17.00000000       85.407691       32000.000000                       1.0000     10.3562       13.3665    2.209460e-11
1 May 2024 10:04:48.000              23.010            0.0000        23.010                183.2158             0.0000            0.0000                 0.0000                     0.0000          183.2158                    -6.200544                 1.499994                  -160.206               -135.228020                           0.000        0.000             0.000                 0.000                                                                                17.00000000       85.393609       32000.000000                       1.0000     10.3421       13.3524    2.374018e-11
1 May 2024 10:05:18.000              23.010            0.0000        23.010                183.2298             0.0000            0.0000                 0.0000                     0.0000          183.2298                    -6.156331                 1.499994                  -160.219               -135.241980                           0.000        0.000             0.000                 0.000                                                                                17.00000000       85.379649       32000.000000                       1.0000     10.3281       13.3384    2.548663e-11
1 May 2024 10:05:48.000              23.010            0.0000        23.010                183.2436             0.0000            0.0000                 0.0000                     0.0000          183.2436                    -6.112161                 1.499994                  -160.233               -135.255818                           0.000        0.000             0.000                 0.000                                                                                17.00000000       85.365811       32000.000000                       1.0000     10.3143       13.3246    2.733858e-11
1 May 2024 10:06:18.000              23.010            0.0000        23.010                183.2573             0.0000            0.0000                 0.0000                     0.0000          183.2573                    -6.068035                 1.499994                  -160.247               -135.269535                           0.000        0.000             0.000                 0.000                                                                                17.00000000       85.352094       32000.000000                       1.0000     10.3006       13.3109    2.930074e-11
1 May 2024 10:06:48.000              23.010            0.0000        23.010                183.2709             0.0000            0.0000                 0.0000                     0.0000          183.2709                    -6.023953                 1.499994                  -160.261               -135.283131                           0.000        0.000             0.000                 0.000                                                                                17.00000000       85.338499       32000.000000                       1.0000     10.2870       13.2973    3.137795e-11
1 May 2024 10:07:18.000              23.010            0.0000        23.010                183.2844             0.0000            0.0000                 0.0000                     0.0000          183.2844                    -5.979913                 1.499994                  -160.274               -135.296606                           0.000        0.000             0.000                 0.000                                                                                17.00000000       85.325023       32000.000000                       1.0000     10.2735       13.2838    3.357515e-11
1 May 2024 10:07:48.000              23.010            0.0000        23.010                183.2978             0.0000            0.0000                 0.0000                     0.0000          183.2978                    -5.935917                 1.499994                  -160.287               -135.309963                           0.000        0.000             0.000                 0.000                                                                                17.00000000       85.311667       32000.000000                       1.0000     10.2602       13.2705    3.589739e-11
1 May 2024 10:08:18.000              23.010            0.0000        23.010                183.3110             0.0000            0.0000                 0.0000                     0.0000          183.3110                    -5.891962                 1.499994                  -160.301               -135.323200                           0.000        0.000             0.000                 0.000                                                                                17.00000000       85.298429       32000.000000                       1.0000     10.2469       13.2572    3.834980e-11
1 May 2024 10:08:48.000              23.010            0.0000        23.010                183.3241             0.0000            0.0000                 0.0000                     0.0000          183.3241                    -5.848050                 1.499994                  -160.314               -135.336319                           0.000        0.000             0.000                 0.000                                                                                17.00000000       85.285310       32000.000000                       1.0000     10.2338       13.2441    4.093762e-11
1 May 2024 10:09:18.000              23.010            0.0000        23.010                183.3371             0.0000            0.0000                 0.0000                     0.0000          183.3371                    -5.804179                 1.499994                  -160.327               -135.349320                           0.000        0.000             0.000                 0.000                                                                                17.00000000       85.272309       32000.000000                       1.0000     10.2208       13.2311    4.366617e-11
1 May 2024 10:09:48.000              23.010            0.0000        23.010                183.3500             0.0000            0.0000                 0.0000                     0.0000          183.3500                    -5.760349                 1.499994                  -160.340               -135.362205                           0.000        0.000             0.000                 0.000                                                                                17.00000000       85.259424       32000.000000                       1.0000     10.2079       13.2182    4.654086e-11
1 May 2024 10:10:18.000              23.010            0.0000        23.010                183.3628             0.0000            0.0000                 0.0000                     0.0000          183.3628                    -5.716561                 1.499994                  -160.352               -135.374973                           0.000        0.000             0.000                 0.000                                                                                17.00000000       85.246656       32000.000000                       1.0000     10.1952       13.2055    4.956719e-11
1 May 2024 10:10:48.000              23.010            0.0000        23.010                183.3754             0.0000            0.0000                 0.0000                     0.0000          183.3754                    -5.672813                 1.499994                  -160.365               -135.387625                           0.000        0.000             0.000                 0.000                                                                                17.00000000       85.234004       32000.000000                       1.0000     10.1825       13.1928    5.275069e-11
1 May 2024 10:11:18.000              23.010            0.0000        23.010                183.3880             0.0000            0.0000                 0.0000                     0.0000          183.3880                    -5.629105                 1.499994                  -160.378               -135.400161                           0.000        0.000             0.000                 0.000                                                                                17.00000000       85.221468       32000.000000                       1.0000     10.1700       13.1803    5.609701e-11
1 May 2024 10:11:48.000              23.010            0.0000        23.010                183.4004             0.0000            0.0000                 0.0000                     0.0000          183.4004                    -5.585437                 1.499994                  -160.390               -135.412583                           0.000        0.000             0.000                 0.000                                                                                17.00000000       85.209046       32000.000000                       1.0000     10.1575       13.1678    5.961182e-11
1 May 2024 10:12:18.000              23.010            0.0000        23.010                183.4127             0.0000            0.0000                 0.0000                     0.0000          183.4127                    -5.541809                 1.499994                  -160.402               -135.424891                           0.000        0.000             0.000                 0.000                                                                                17.00000000       85.196738       32000.000000                       1.0000     10.1452       13.1555    6.330087e-11
1 May 2024 10:12:48.000              23.010            0.0000        23.010                183.4249             0.0000            0.0000                 0.0000                     0.0000          183.4249                    -5.498220                 1.499995                  -160.415               -135.437085                           0.000        0.000             0.000                 0.000                                                                                17.00000000       85.184544       32000.000000                       1.0000     10.1330       13.1433    6.716992e-11
1 May 2024 10:13:18.000              23.010            0.0000        23.010                183.4370             0.0000            0.0000                 0.0000                     0.0000          183.4370                    -5.454669                 1.499995                  -160.427               -135.449166                           0.000        0.000             0.000                 0.000                                                                                17.00000000       85.172463       32000.000000                       1.0000     10.1210       13.1313    7.122480e-11
1 May 2024 10:13:48.000              23.010            0.0000        23.010                183.4489             0.0000            0.0000                 0.0000                     0.0000          183.4489                    -5.411157                 1.499995                  -160.439               -135.461134                           0.000        0.000             0.000                 0.000                                                                                17.00000000       85.160495       32000.000000                       1.0000     10.1090       13.1193    7.547136e-11
1 May 2024 10:14:18.000              23.010            0.0000        23.010                183.4608             0.0000            0.0000                 0.0000                     0.0000          183.4608                    -5.367683                 1.499995                  -160.450               -135.472990                           0.000        0.000             0.000                 0.000                                                                                17.00000000       85.148639       32000.000000                       1.0000     10.0971       13.1074    7.991547e-11
1 May 2024 10:14:48.000              23.010            0.0000        23.010                183.4725             0.0000            0.0000                 0.0000                     0.0000          183.4725                    -5.324247                 1.499995                  -160.462               -135.484735                           0.000        0.000             0.000                 0.000                                                                                17.00000000       85.136894       32000.000000                       1.0000     10.0854       13.0957    8.456299e-11
1 May 2024 10:15:18.000              23.010            0.0000        23.010                183.4842             0.0000            0.0000                 0.0000                     0.0000          183.4842                    -5.280847                 1.499995                  -160.474               -135.496368                           0.000        0.000             0.000                 0.000                                                                                17.00000000       85.125261       32000.000000                       1.0000     10.0738       13.0841    8.941981e-11
1 May 2024 10:15:48.000              23.010            0.0000        23.010                183.4957             0.0000            0.0000                 0.0000                     0.0000          183.4957                    -5.237485                 1.499995                  -160.485               -135.507891                           0.000        0.000             0.000                 0.000                                                                                17.00000000       85.113738       32000.000000                       1.0000     10.0622       13.0725    9.449181e-11
1 May 2024 10:16:18.000              23.010            0.0000        23.010                183.5071             0.0000            0.0000                 0.0000                     0.0000          183.5071                    -5.194159                 1.499995                  -160.497               -135.519304                           0.000        0.000             0.000                 0.000                                                                                17.00000000       85.102325       32000.000000                       1.0000     10.0508       13.0611    9.978483e-11
1 May 2024 10:16:48.000              23.010            0.0000        23.010                183.5184             0.0000            0.0000                 0.0000                     0.0000          183.5184                    -5.150869                 1.499995                  -160.508               -135.530608                           0.000        0.000             0.000                 0.000                                                                                17.00000000       85.091022       32000.000000                       1.0000     10.0395       13.0498    1.053047e-10
1 May 2024 10:17:18.000              23.010            0.0000        23.010                183.5296             0.0000            0.0000                 0.0000                     0.0000          183.5296                    -5.107614                 1.499995                  -160.519               -135.541802                           0.000        0.000             0.000                 0.000                                                                                17.00000000       85.079827       32000.000000                       1.0000     10.0283       13.0386    1.110572e-10
1 May 2024 10:17:48.000              23.010            0.0000        23.010                183.5407             0.0000            0.0000                 0.0000                     0.0000          183.5407                    -5.064395                 1.499995                  -160.530               -135.552888                           0.000        0.000             0.000                 0.000                                                                                17.00000000       85.068742       32000.000000                       1.0000     10.0172       13.0275    1.170482e-10
1 May 2024 10:18:18.000              23.010            0.0000        23.010                183.5517             0.0000            0.0000                 0.0000                     0.0000          183.5517                    -5.021210                 1.499995                  -160.541               -135.563865                           0.000        0.000             0.000                 0.000                                                                                17.00000000       85.057764       32000.000000                       1.0000     10.0063       13.0166    1.232831e-10
1 May 2024 10:18:48.000              23.010            0.0000        23.010                183.5625             0.0000            0.0000                 0.0000                     0.0000          183.5625                    -4.978060                 1.499995                  -160.552               -135.574735                           0.000        0.000             0.000                 0.000                                                                                17.00000000       85.046894       32000.000000                       1.0000      9.9954       13.0057    1.297678e-10
1 May 2024 10:19:18.000              23.010            0.0000        23.010                183.5733             0.0000            0.0000                 0.0000                     0.0000          183.5733                    -4.934944                 1.499995                  -160.563               -135.585498                           0.000        0.000             0.000                 0.000                                                                                17.00000000       85.036131       32000.000000                       1.0000      9.9846       12.9949    1.365077e-10
1 May 2024 10:19:48.000              23.010            0.0000        23.010                183.5840             0.0000            0.0000                 0.0000                     0.0000          183.5840                    -4.891862                 1.499995                  -160.574               -135.596154                           0.000        0.000             0.000                 0.000                                                                                17.00000000       85.025475       32000.000000                       1.0000      9.9740       12.9843    1.435082e-10
1 May 2024 10:20:18.000              23.010            0.0000        23.010                183.5945             0.0000            0.0000                 0.0000                     0.0000          183.5945                    -4.848812                 1.499995                  -160.584               -135.606704                           0.000        0.000             0.000                 0.000                                                                                17.00000000       85.014925       32000.000000                       1.0000      9.9634       12.9737    1.507747e-10
1 May 2024 10:20:48.000              23.010            0.0000        23.010                183.6050             0.0000            0.0000                 0.0000                     0.0000          183.6050                    -4.805796                 1.499995                  -160.595               -135.617148                           0.000        0.000             0.000                 0.000                                                                                17.00000000       85.004481       32000.000000                       1.0000      9.9530       12.9633    1.583124e-10
1 May 2024 10:21:18.000              23.010            0.0000        23.010                183.6153             0.0000            0.0000                 0.0000                     0.0000          183.6153                    -4.762812                 1.499995                  -160.605               -135.627486                           0.000        0.000             0.000                 0.000                                                                                17.00000000       84.994143       32000.000000                       1.0000      9.9426       12.9529    1.661263e-10
1 May 2024 10:21:48.000              23.010            0.0000        23.010                183.6255             0.0000            0.0000                 0.0000                     0.0000          183.6255                    -4.719859                 1.499995                  -160.615               -135.637720                           0.000        0.000             0.000                 0.000                                                                                17.00000000       84.983909       32000.000000                       1.0000      9.9324       12.9427    1.742215e-10
1 May 2024 10:22:18.000              23.010            0.0000        23.010                183.6357             0.0000            0.0000                 0.0000                     0.0000          183.6357                    -4.676938                 1.499995                  -160.625               -135.647849                           0.000        0.000             0.000                 0.000                                                                                17.00000000       84.973781       32000.000000                       1.0000      9.9223       12.9326    1.826027e-10
1 May 2024 10:22:48.000              23.010            0.0000        23.010                183.6457             0.0000            0.0000                 0.0000                     0.0000          183.6457                    -4.634048                 1.499995                  -160.635               -135.657873                           0.000        0.000             0.000                 0.000                                                                                17.00000000       84.963756       32000.000000                       1.0000      9.9123       12.9226    1.912744e-10
1 May 2024 10:23:18.000              23.010            0.0000        23.010                183.6556             0.0000            0.0000                 0.0000                     0.0000          183.6556                    -4.591189                 1.499995                  -160.645               -135.667795                           0.000        0.000             0.000                 0.000                                                                                17.00000000       84.953835       32000.000000                       1.0000      9.9023       12.9126    2.002412e-10
1 May 2024 10:23:48.000              23.010            0.0000        23.010                183.6654             0.0000            0.0000                 0.0000                     0.0000          183.6654                    -4.548360                 1.499995                  -160.655               -135.677612                           0.000        0.000             0.000                 0.000                                                                                17.00000000       84.944017       32000.000000                       1.0000      9.8925       12.9028    2.095074e-10
1 May 2024 10:24:18.000              23.010            0.0000        23.010                183.6751             0.0000            0.0000                 0.0000                     0.0000          183.6751                    -4.505561                 1.499995                  -160.665               -135.687327                           0.000        0.000             0.000                 0.000                                                                                17.00000000       84.934302       32000.000000                       1.0000      9.8828       12.8931    2.190768e-10
1 May 2024 10:24:48.000              23.010            0.0000        23.010                183.6847             0.0000            0.0000                 0.0000                     0.0000          183.6847                    -4.462791                 1.499996                  -160.674               -135.696940                           0.000        0.000             0.000                 0.000                                                                                17.00000000       84.924690       32000.000000                       1.0000      9.8732       12.8835    2.289535e-10
1 May 2024 10:25:18.000              23.010            0.0000        23.010                183.6943             0.0000            0.0000                 0.0000                     0.0000          183.6943                    -4.420050                 1.499996                  -160.684               -135.706450                           0.000        0.000             0.000                 0.000                                                                                17.00000000       84.915179       32000.000000                       1.0000      9.8637       12.8740    2.391409e-10
1 May 2024 10:25:48.000              23.010            0.0000        23.010                183.7037             0.0000            0.0000                 0.0000                     0.0000          183.7037                    -4.377337                 1.499996                  -160.693               -135.715858                           0.000        0.000             0.000                 0.000                                                                                17.00000000       84.905771       32000.000000                       1.0000      9.8543       12.8646    2.496424e-10
1 May 2024 10:26:18.000              23.010            0.0000        23.010                183.7130             0.0000            0.0000                 0.0000                     0.0000          183.7130                    -4.334652                 1.499996                  -160.703               -135.725165                           0.000        0.000             0.000                 0.000                                                                                17.00000000       84.896464       32000.000000                       1.0000      9.8450       12.8553    2.604612e-10
1 May 2024 10:26:48.000              23.010            0.0000        23.010                183.7222             0.0000            0.0000                 0.0000                     0.0000          183.7222                    -4.291995                 1.499996                  -160.712               -135.734372                           0.000        0.000             0.000                 0.000                                                                                17.00000000       84.887257       32000.000000                       1.0000      9.8358       12.8461    2.716001e-10
1 May 2024 10:27:18.000              23.010            0.0000        23.010                183.7313             0.0000            0.0000                 0.0000                     0.0000          183.7313                    -4.249365                 1.499996                  -160.721               -135.743477                           0.000        0.000             0.000                 0.000                                                                                17.00000000       84.878152       32000.000000                       1.0000      9.8267       12.8370    2.830616e-10
1 May 2024 10:27:48.000              23.010            0.0000        23.010                183.7403             0.0000            0.0000                 0.0000                     0.0000          183.7403                    -4.206762                 1.499996                  -160.730               -135.752482                           0.000        0.000             0.000                 0.000                                                                                17.00000000       84.869147       32000.000000                       1.0000      9.8176       12.8279    2.948480e-10
1 May 2024 10:28:18.000              23.010            0.0000        23.010                183.7492             0.0000            0.0000                 0.0000                     0.0000          183.7492                    -4.164185                 1.499996                  -160.739               -135.761388                           0.000        0.000             0.000                 0.000                                                                                17.00000000       84.860241       32000.000000                       1.0000      9.8087       12.8190    3.069614e-10
1 May 2024 10:28:48.000              23.010            0.0000        23.010                183.7580             0.0000            0.0000                 0.0000                     0.0000          183.7580                    -4.121634                 1.499996                  -160.748               -135.770194                           0.000        0.000             0.000                 0.000                                                                                17.00000000       84.851435       32000.000000                       1.0000      9.7999       12.8102    3.194033e-10
1 May 2024 10:29:18.000              23.010            0.0000        23.010                183.7667             0.0000            0.0000                 0.0000                     0.0000          183.7667                    -4.079108                 1.499996                  -160.756               -135.778900                           0.000        0.000             0.000                 0.000                                                                                17.00000000       84.842729       32000.000000                       1.0000      9.7912       12.8015    3.321751e-10
1 May 2024 10:29:48.000              23.010            0.0000        23.010                183.7753             0.0000            0.0000                 0.0000                     0.0000          183.7753                    -4.036608                 1.499996                  -160.765               -135.787508                           0.000        0.000             0.000                 0.000                                                                                17.00000000       84.834121       32000.000000                       1.0000      9.7826       12.7929    3.452778e-10
1 May 2024 10:30:18.000              23.010            0.0000        23.010                183.7838             0.0000            0.0000                 0.0000                     0.0000          183.7838                    -3.994131                 1.499996                  -160.774               -135.796017                           0.000        0.000             0.000                 0.000                                                                                17.00000000       84.825612       32000.000000                       1.0000      9.7741       12.7844    3.587121e-10
1 May 2024 10:30:48.000              23.010            0.0000        23.010                183.7922             0.0000            0.0000                 0.0000                     0.0000          183.7922                    -3.951679                 1.499996                  -160.782               -135.804428                           0.000        0.000             0.000                 0.000                                                                                17.00000000       84.817201       32000.000000                       1.0000      9.7657       12.7760    3.724783e-10
1 May 2024 10:31:18.000              23.010            0.0000        23.010                183.8006             0.0000            0.0000                 0.0000                     0.0000          183.8006                    -3.909250                 1.499996                  -160.790               -135.812742                           0.000        0.000             0.000                 0.000                                                                                17.00000000       84.808887       32000.000000                       1.0000      9.7574       12.7677    3.865763e-10
1 May 2024 10:31:48.000              23.010            0.0000        23.010                183.8088             0.0000            0.0000                 0.0000                     0.0000          183.8088                    -3.866845                 1.499996                  -160.798               -135.820957                           0.000        0.000             0.000                 0.000                                                                                17.00000000       84.800672       32000.000000                       1.0000      9.7492       12.7595    4.010058e-10
1 May 2024 10:32:18.000              23.010            0.0000        23.010                183.8169             0.0000            0.0000                 0.0000                     0.0000          183.8169                    -3.824462                 1.499996                  -160.807               -135.829076                           0.000        0.000             0.000                 0.000                                                                                17.00000000       84.792553       32000.000000                       1.0000      9.7411       12.7514    4.157659e-10
1 May 2024 10:32:48.000              23.010            0.0000        23.010                183.8249             0.0000            0.0000                 0.0000                     0.0000          183.8249                    -3.782101                 1.499996                  -160.815               -135.837097                           0.000        0.000             0.000                 0.000                                                                                17.00000000       84.784532       32000.000000                       1.0000      9.7330       12.7433    4.308555e-10
1 May 2024 10:33:18.000              23.010            0.0000        23.010                183.8328             0.0000            0.0000                 0.0000                     0.0000          183.8328                    -3.739763                 1.499996                  -160.823               -135.845022                           0.000        0.000             0.000                 0.000                                                                                17.00000000       84.776607       32000.000000                       1.0000      9.7251       12.7354    4.462729e-10
1 May 2024 10:33:48.000              23.010            0.0000        23.010                183.8407             0.0000            0.0000                 0.0000                     0.0000          183.8407                    -3.697445                 1.499996                  -160.830               -135.852851                           0.000        0.000             0.000                 0.000                                                                                17.00000000       84.768778       32000.000000                       1.0000      9.7173       12.7276    4.620162e-10
1 May 2024 10:34:18.000              23.010            0.0000        23.010                183.8484             0.0000            0.0000                 0.0000                     0.0000          183.8484                    -3.655149                 1.499996                  -160.838               -135.860584                           0.000        0.000             0.000                 0.000                                                                                17.00000000       84.761045       32000.000000                       1.0000      9.7095       12.7198    4.780829e-10
1 May 2024 10:34:48.000              23.010            0.0000        23.010                183.8560             0.0000            0.0000                 0.0000                     0.0000          183.8560                    -3.612872                 1.499996                  -160.846               -135.868221                           0.000        0.000             0.000                 0.000                                                                                17.00000000       84.753408       32000.000000                       1.0000      9.7019       12.7122    4.944703e-10
1 May 2024 10:35:18.000              23.010            0.0000        23.010                183.8636             0.0000            0.0000                 0.0000                     0.0000          183.8636                    -3.570616                 1.499996                  -160.853               -135.875762                           0.000        0.000             0.000                 0.000                                                                                17.00000000       84.745867       32000.000000                       1.0000      9.6944       12.7047    5.111751e-10
1 May 2024 10:35:48.000              23.010            0.0000        23.010                183.8710             0.0000            0.0000                 0.0000                     0.0000          183.8710                    -3.528380                 1.499996                  -160.861               -135.883209                           0.000        0.000             0.000                 0.000                                                                                17.00000000       84.738420       32000.000000                       1.0000      9.6869       12.6972    5.281936e-10
1 May 2024 10:36:18.000              23.010            0.0000        23.010                183.8784             0.0000            0.0000                 0.0000                     0.0000          183.8784                    -3.486162                 1.499997                  -160.868               -135.890560                           0.000        0.000             0.000                 0.000                                                                                17.00000000       84.731069       32000.000000                       1.0000      9.6796       12.6899    5.455218e-10
1 May 2024 10:36:48.000              23.010            0.0000        23.010                183.8856             0.0000            0.0000                 0.0000                     0.0000          183.8856                    -3.443963                 1.499997                  -160.875               -135.897817                           0.000        0.000             0.000                 0.000                                                                                17.00000000       84.723812       32000.000000                       1.0000      9.6723       12.6826    5.631551e-10
1 May 2024 10:37:18.000              23.010            0.0000        23.010                183.8928             0.0000            0.0000                 0.0000                     0.0000          183.8928                    -3.401782                 1.499997                  -160.882               -135.904980                           0.000        0.000             0.000                 0.000                                                                                17.00000000       84.716649       32000.000000                       1.0000      9.6651       12.6754    5.810886e-10
1 May 2024 10:37:48.000              23.010            0.0000        23.010                183.8999             0.0000            0.0000                 0.0000                     0.0000          183.8999                    -3.359619                 1.499997                  -160.890               -135.912048                           0.000        0.000             0.000                 0.000                                                                                17.00000000       84.709581       32000.000000                       1.0000      9.6581       12.6684    5.993167e-10
1 May 2024 10:38:18.000              23.010            0.0000        23.010                183.9068             0.0000            0.0000                 0.0000                     0.0000          183.9068                    -3.317473                 1.499997                  -160.897               -135.919023                           0.000        0.000             0.000                 0.000                                                                                17.00000000       84.702606       32000.000000                       1.0000      9.6511       12.6614    6.178338e-10
1 May 2024 10:38:48.000              23.010            0.0000        23.010                183.9137             0.0000            0.0000                 0.0000                     0.0000          183.9137                    -3.275344                 1.499997                  -160.903               -135.925905                           0.000        0.000             0.000                 0.000                                                                                17.00000000       84.695724       32000.000000                       1.0000      9.6442       12.6545    6.366333e-10
1 May 2024 10:39:18.000              23.010            0.0000        23.010                183.9205             0.0000            0.0000                 0.0000                     0.0000          183.9205                    -3.233231                 1.499997                  -160.910               -135.932693                           0.000        0.000             0.000                 0.000                                                                                17.00000000       84.688936       32000.000000                       1.0000      9.6374       12.6477    6.557088e-10
1 May 2024 10:39:48.000              23.010            0.0000        23.010                183.9272             0.0000            0.0000                 0.0000                     0.0000          183.9272                    -3.191134                 1.499997                  -160.917               -135.939388                           0.000        0.000             0.000                 0.000                                                                                17.00000000       84.682241       32000.000000                       1.0000      9.6307       12.6410    6.750528e-10
1 May 2024 10:40:18.000              23.010            0.0000        23.010                183.9338             0.0000            0.0000                 0.0000                     0.0000          183.9338                    -3.149052                 1.499997                  -160.923               -135.945990                           0.000        0.000             0.000                 0.000                                                                                17.00000000       84.675639       32000.000000                       1.0000      9.6241       12.6344    6.946578e-10
1 May 2024 10:40:48.000              23.010            0.0000        23.010                183.9403             0.0000            0.0000                 0.0000                     0.0000          183.9403                    -3.106986                 1.499997                  -160.930               -135.952500                           0.000        0.000             0.000                 0.000                                                                                17.00000000       84.669129       32000.000000                       1.0000      9.6176       12.6279    7.145157e-10
1 May 2024 10:41:18.000              23.010            0.0000        23.010                183.9467             0.0000            0.0000                 0.0000                     0.0000          183.9467                    -3.064933                 1.499997                  -160.936               -135.958917                           0.000        0.000             0.000                 0.000                                                                                17.00000000       84.662712       32000.000000                       1.0000      9.6112       12.6215    7.346179e-10
1 May 2024 10:41:48.000              23.010            0.0000        23.010                183.9531             0.0000            0.0000                 0.0000                     0.0000          183.9531                    -3.022895                 1.499997                  -160.943               -135.965242                           0.000        0.000             0.000                 0.000                                                                                17.00000000       84.656387       32000.000000                       1.0000      9.6049       12.6152    7.549556e-10
1 May 2024 10:42:18.000              23.010            0.0000        23.010                183.9593             0.0000            0.0000                 0.0000                     0.0000          183.9593                    -2.980870                 1.499997                  -160.949               -135.971476                           0.000        0.000             0.000                 0.000                                                                                17.00000000       84.650153       32000.000000                       1.0000      9.5987       12.6090    7.755193e-10
1 May 2024 10:42:48.000              23.010            0.0000        23.010                183.9654             0.0000            0.0000                 0.0000                     0.0000          183.9654                    -2.938859                 1.499997                  -160.955               -135.977618                           0.000        0.000             0.000                 0.000                                                                                17.00000000       84.644011       32000.000000                       1.0000      9.5925       12.6028    7.962992e-10
1 May 2024 10:43:18.000              23.010            0.0000        23.010                183.9715             0.0000            0.0000                 0.0000                     0.0000          183.9715                    -2.896860                 1.499997                  -160.961               -135.983668                           0.000        0.000             0.000                 0.000                                                                                17.00000000       84.637961       32000.000000                       1.0000      9.5865       12.5968    8.172850e-10
1 May 2024 10:43:48.000              23.010            0.0000        23.010                183.9774             0.0000            0.0000                 0.0000                     0.0000          183.9774                    -2.854873                 1.499997                  -160.967               -135.989627                           0.000        0.000             0.000                 0.000                                                                                17.00000000       84.632002       32000.000000                       1.0000      9.5805       12.5908    8.384661e-10
1 May 2024 10:44:18.000              23.010            0.0000        23.010                183.9833             0.0000            0.0000                 0.0000                     0.0000          183.9833                    -2.812898                 1.499997                  -160.973               -135.995496                           0.000        0.000             0.000                 0.000                                                                                17.00000000       84.626133       32000.000000                       1.0000      9.5746       12.5849    8.598314e-10
1 May 2024 10:44:48.000              23.010            0.0000        23.010                183.9891             0.0000            0.0000                 0.0000                     0.0000          183.9891                    -2.770934                 1.499997                  -160.979               -136.001273                           0.000        0.000             0.000                 0.000                                                                                17.00000000       84.620356       32000.000000                       1.0000      9.5689       12.5792    8.813694e-10
1 May 2024 10:45:18.000              23.010            0.0000        23.010                183.9948             0.0000            0.0000                 0.0000                     0.0000          183.9948                    -2.728980                 1.499997                  -160.984               -136.006960                           0.000        0.000             0.000                 0.000                                                                                17.00000000       84.614669       32000.000000                       1.0000      9.5632       12.5735    9.030683e-10
1 May 2024 10:45:48.000              23.010            0.0000        23.010                184.0004             0.0000            0.0000                 0.0000                     0.0000          184.0004                    -2.687037                 1.499997                  -160.990               -136.012557                           0.000        0.000             0.000                 0.000                                                                                17.00000000       84.609072       32000.000000                       1.0000      9.5576       12.5679    9.249157e-10
1 May 2024 10:46:18.000              23.010            0.0000        23.010                184.0059             0.0000            0.0000                 0.0000                     0.0000          184.0059                    -2.645104                 1.499997                  -160.996               -136.018063                           0.000        0.000             0.000                 0.000                                                                                17.00000000       84.603566       32000.000000                       1.0000      9.5521       12.5624    9.468990e-10
1 May 2024 10:46:48.000              23.010            0.0000        23.010                184.0113             0.0000            0.0000                 0.0000                     0.0000          184.0113                    -2.603180                 1.499997                  -161.001               -136.023479                           0.000        0.000             0.000                 0.000                                                                                17.00000000       84.598150       32000.000000                       1.0000      9.5467       12.5570    9.690053e-10
1 May 2024 10:47:18.000              23.010            0.0000        23.010                184.0166             0.0000            0.0000                 0.0000                     0.0000          184.0166                    -2.561265                 1.499997                  -161.006               -136.028806                           0.000        0.000             0.000                 0.000                                                                                17.00000000       84.592823       32000.000000                       1.0000      9.5413       12.5516    9.912211e-10
1 May 2024 10:47:48.000              23.010            0.0000        23.010                184.0219             0.0000            0.0000                 0.0000                     0.0000          184.0219                    -2.519359                 1.499997                  -161.012               -136.034043                           0.000        0.000             0.000                 0.000                                                                                17.00000000       84.587586       32000.000000                       1.0000      9.5361       12.5464    1.013533e-09
1 May 2024 10:48:18.000              23.010            0.0000        23.010                184.0270             0.0000            0.0000                 0.0000                     0.0000          184.0270                    -2.477460                 1.499998                  -161.017               -136.039190                           0.000        0.000             0.000                 0.000                                                                                17.00000000       84.582439       32000.000000                       1.0000      9.5309       12.5412    1.035926e-09
1 May 2024 10:48:48.000              23.010            0.0000        23.010                184.0321             0.0000            0.0000                 0.0000                     0.0000          184.0321                    -2.435569                 1.499998                  -161.022               -136.044248                           0.000        0.000             0.000                 0.000                                                                                17.00000000       84.577381       32000.000000                       1.0000      9.5259       12.5362    1.058387e-09
1 May 2024 10:49:18.000              23.010            0.0000        23.010                184.0370             0.0000            0.0000                 0.0000                     0.0000          184.0370                    -2.393685                 1.499998                  -161.027               -136.049217                           0.000        0.000             0.000                 0.000                                                                                17.00000000       84.572412       32000.000000                       1.0000      9.5209       12.5312    1.080901e-09
1 May 2024 10:49:48.000              23.010            0.0000        23.010                184.0419             0.0000            0.0000                 0.0000                     0.0000          184.0419                    -2.351807                 1.499998                  -161.032               -136.054097                           0.000        0.000             0.000                 0.000                                                                                17.00000000       84.567532       32000.000000                       1.0000      9.5160       12.5263    1.103452e-09
1 May 2024 10:50:18.000              23.010            0.0000        23.010                184.0467             0.0000            0.0000                 0.0000                     0.0000          184.0467                    -2.309935                 1.499998                  -161.036               -136.058888                           0.000        0.000             0.000                 0.000                                                                                17.00000000       84.562741       32000.000000                       1.0000      9.5112       12.5215    1.126026e-09
1 May 2024 10:50:48.000              23.010            0.0000        23.010                184.0514             0.0000            0.0000                 0.0000                     0.0000          184.0514                    -2.268069                 1.499998                  -161.041               -136.063591                           0.000        0.000             0.000                 0.000                                                                                17.00000000       84.558038       32000.000000                       1.0000      9.5065       12.5168    1.148608e-09
1 May 2024 10:51:18.000              23.010            0.0000        23.010                184.0560             0.0000            0.0000                 0.0000                     0.0000          184.0560                    -2.226208                 1.499998                  -161.046               -136.068205                           0.000        0.000             0.000                 0.000                                                                                17.00000000       84.553424       32000.000000                       1.0000      9.5019       12.5122    1.171180e-09
1 May 2024 10:51:48.000              23.010            0.0000        23.010                184.0605             0.0000            0.0000                 0.0000                     0.0000          184.0605                    -2.184352                 1.499998                  -161.050               -136.072731                           0.000        0.000             0.000                 0.000                                                                                17.00000000       84.548898       32000.000000                       1.0000      9.4974       12.5077    1.193728e-09
1 May 2024 10:52:18.000              23.010            0.0000        23.010                184.0653             0.0000            0.0000                 0.0000                     0.0000          184.0653                    -2.855290                 1.499997                  -161.055               -136.077517                           0.000        0.000             0.000                 0.000                                                                                17.00000000       84.544112       32000.000000                       1.0000      9.4926       12.5029    1.218020e-09
1 May 2024 10:52:48.000              23.010            0.0000        23.010                184.0712             0.0000            0.0000                 0.0000                     0.0000          184.0712                    -2.860714                 1.499997                  -161.061               -136.083376                           0.000        0.000             0.000                 0.000                                                                                17.00000000       84.538253       32000.000000                       1.0000      9.4868       12.4971    1.248392e-09
1 May 2024 10:53:18.000              23.010            0.0000        23.010                184.0771             0.0000            0.0000                 0.0000                     0.0000          184.0771                    -2.866061                 1.499997                  -161.067               -136.089241                           0.000        0.000             0.000                 0.000                                                                                17.00000000       84.532388       32000.000000                       1.0000      9.4809       12.4912    1.279518e-09
1 May 2024 10:53:48.000              23.010            0.0000        23.010                184.0829             0.0000            0.0000                 0.0000                     0.0000          184.0829                    -2.871331                 1.499997                  -161.073               -136.095114                           0.000        0.000             0.000                 0.000                                                                                17.00000000       84.526515       32000.000000                       1.0000      9.4750       12.4853    1.311416e-09
1 May 2024 10:54:18.000              23.010            0.0000        23.010                184.0888             0.0000            0.0000                 0.0000                     0.0000          184.0888                    -2.876524                 1.499997                  -161.079               -136.100993                           0.000        0.000             0.000                 0.000                                                                                17.00000000       84.520636       32000.000000                       1.0000      9.4691       12.4794    1.344103e-09
1 May 2024 10:54:48.000              23.010            0.0000        23.010                184.0947             0.0000            0.0000                 0.0000                     0.0000          184.0947                    -2.881641                 1.499997                  -161.084               -136.106879                           0.000        0.000             0.000                 0.000                                                                                17.00000000       84.514750       32000.000000                       1.0000      9.4633       12.4735    1.377598e-09
1 May 2024 10:55:18.000              23.010            0.0000        23.010                184.1006             0.0000            0.0000                 0.0000                     0.0000          184.1006                    -2.886680                 1.499997                  -161.090               -136.112772                           0.000        0.000             0.000                 0.000                                                                                17.00000000       84.508857       32000.000000                       1.0000      9.4574       12.4677    1.411919e-09
1 May 2024 10:55:48.000              23.010            0.0000        23.010                184.1065             0.0000            0.0000                 0.0000                     0.0000          184.1065                    -2.891643                 1.499997                  -161.096               -136.118670                           0.000        0.000             0.000                 0.000                                                                                17.00000000       84.502959       32000.000000                       1.0000      9.4515       12.4618    1.447086e-09
1 May 2024 10:56:18.000              23.010            0.0000        23.010                184.1124             0.0000            0.0000                 0.0000                     0.0000          184.1124                    -2.896528                 1.499997                  -161.102               -136.124575                           0.000        0.000             0.000                 0.000                                                                                17.00000000       84.497054       32000.000000                       1.0000      9.4456       12.4559    1.483117e-09
1 May 2024 10:56:48.000              23.010            0.0000        23.010                184.1183             0.0000            0.0000                 0.0000                     0.0000          184.1183                    -2.901336                 1.499997                  -161.108               -136.130485                           0.000        0.000             0.000                 0.000                                                                                17.00000000       84.491144       32000.000000                       1.0000      9.4396       12.4499    1.520034e-09
1 May 2024 10:57:18.000              23.010            0.0000        23.010                184.1242             0.0000            0.0000                 0.0000                     0.0000          184.1242                    -2.906068                 1.499997                  -161.114               -136.136401                           0.000        0.000             0.000                 0.000                                                                                17.00000000       84.485228       32000.000000                       1.0000      9.4337       12.4440    1.557855e-09
1 May 2024 10:57:48.000              23.010            0.0000        23.010                184.1301             0.0000            0.0000                 0.0000                     0.0000          184.1301                    -2.910722                 1.499997                  -161.120               -136.142323                           0.000        0.000             0.000                 0.000                                                                                17.00000000       84.479306       32000.000000                       1.0000      9.4278       12.4381    1.596602e-09
1 May 2024 10:58:18.000              23.010            0.0000        23.010                184.1361             0.0000            0.0000                 0.0000                     0.0000          184.1361                    -2.915300                 1.499997                  -161.126               -136.148250                           0.000        0.000             0.000                 0.000                                                                                17.00000000       84.473379       32000.000000                       1.0000      9.4219       12.4322    1.636295e-09
1 May 2024 10:58:48.000              23.010            0.0000        23.010                184.1420             0.0000            0.0000                 0.0000                     0.0000          184.1420                    -2.919800                 1.499997                  -161.132               -136.154182                           0.000        0.000             0.000                 0.000                                                                                17.00000000       84.467447       32000.000000                       1.0000      9.4159       12.4262    1.676957e-09
1 May 2024 10:59:18.000              23.010            0.0000        23.010                184.1479             0.0000            0.0000                 0.0000                     0.0000          184.1479                    -2.924224                 1.499997                  -161.138               -136.160119                           0.000        0.000             0.000                 0.000                                                                                17.00000000       84.461510       32000.000000                       1.0000      9.4100       12.4203    1.718608e-09
1 May 2024 10:59:48.000              23.010            0.0000        23.010                184.1539             0.0000            0.0000                 0.0000                     0.0000          184.1539                    -2.928570                 1.499997                  -161.144               -136.166061                           0.000        0.000             0.000                 0.000                                                                                17.00000000       84.455568       32000.000000                       1.0000      9.4041       12.4144    1.761271e-09
1 May 2024 11:00:18.000              23.010            0.0000        23.010                184.1598             0.0000            0.0000                 0.0000                     0.0000          184.1598                    -2.932839                 1.499997                  -161.150               -136.172008                           0.000        0.000             0.000                 0.000                                                                                17.00000000       84.449621       32000.000000                       1.0000      9.3981       12.4084    1.804970e-09
1 May 2024 11:00:48.000              23.010            0.0000        23.010                184.1658             0.0000            0.0000                 0.0000                     0.0000          184.1658                    -2.937032                 1.499997                  -161.155               -136.177959                           0.000        0.000             0.000                 0.000                                                                                17.00000000       84.443670       32000.000000                       1.0000      9.3922       12.4025    1.849726e-09
1 May 2024 11:01:18.000              23.010            0.0000        23.010                184.1717             0.0000            0.0000                 0.0000                     0.0000          184.1717                    -2.941147                 1.499997                  -161.161               -136.183915                           0.000        0.000             0.000                 0.000                                                                                17.00000000       84.437714       32000.000000                       1.0000      9.3862       12.3965    1.895564e-09
1 May 2024 11:01:48.000              23.010            0.0000        23.010                184.1777             0.0000            0.0000                 0.0000                     0.0000          184.1777                    -2.945186                 1.499997                  -161.167               -136.189874                           0.000        0.000             0.000                 0.000                                                                                17.00000000       84.431755       32000.000000                       1.0000      9.3803       12.3906    1.942508e-09
1 May 2024 11:02:18.000              23.010            0.0000        23.010                184.1836             0.0000            0.0000                 0.0000                     0.0000          184.1836                    -2.949147                 1.499997                  -161.173               -136.195838                           0.000        0.000             0.000                 0.000                                                                                17.00000000       84.425791       32000.000000                       1.0000      9.3743       12.3846    1.990581e-09
1 May 2024 11:02:48.000              23.010            0.0000        23.010                184.1896             0.0000            0.0000                 0.0000                     0.0000          184.1896                    -2.953032                 1.499997                  -161.179               -136.201806                           0.000        0.000             0.000                 0.000                                                                                17.00000000       84.419823       32000.000000                       1.0000      9.3683       12.3786    2.039810e-09
1 May 2024 11:03:18.000              23.010            0.0000        23.010                184.1956             0.0000            0.0000                 0.0000                     0.0000          184.1956                    -2.956840                 1.499997                  -161.185               -136.207777                           0.000        0.000             0.000                 0.000                                                                                17.00000000       84.413852       32000.000000                       1.0000      9.3624       12.3727    2.090219e-09
1 May 2024 11:03:48.000              23.010            0.0000        23.010                184.2016             0.0000            0.0000                 0.0000                     0.0000          184.2016                    -2.960571                 1.499997                  -161.191               -136.213752                           0.000        0.000             0.000                 0.000                                                                                17.00000000       84.407877       32000.000000                       1.0000      9.3564       12.3667    2.141835e-09
1 May 2024 11:04:18.000              23.010            0.0000        23.010                184.2075             0.0000            0.0000                 0.0000                     0.0000          184.2075                    -2.964225                 1.499997                  -161.197               -136.219730                           0.000        0.000             0.000                 0.000                                                                                17.00000000       84.401899       32000.000000                       1.0000      9.3504       12.3607    2.194684e-09
1 May 2024 11:04:48.000              23.010            0.0000        23.010                184.2135             0.0000            0.0000                 0.0000                     0.0000          184.2135                    -2.967802                 1.499997                  -161.203               -136.225711                           0.000        0.000             0.000                 0.000                                                                                17.00000000       84.395918       32000.000000                       1.0000      9.3444       12.3547    2.248792e-09
1 May 2024 11:05:18.000              23.010            0.0000        23.010                184.2195             0.0000            0.0000                 0.0000                     0.0000          184.2195                    -2.971302                 1.499997                  -161.209               -136.231695                           0.000        0.000             0.000                 0.000                                                                                17.00000000       84.389934       32000.000000                       1.0000      9.3384       12.3487    2.304187e-09
1 May 2024 11:05:48.000              23.010            0.0000        23.010                184.2255             0.0000            0.0000                 0.0000                     0.0000          184.2255                    -2.974726                 1.499997                  -161.215               -136.237682                           0.000        0.000             0.000                 0.000                                                                                17.00000000       84.383947       32000.000000                       1.0000      9.3324       12.3427    2.360896e-09
1 May 2024 11:06:18.000              23.010            0.0000        23.010                184.2315             0.0000            0.0000                 0.0000                     0.0000          184.2315                    -2.978073                 1.499997                  -161.221               -136.243672                           0.000        0.000             0.000                 0.000                                                                                17.00000000       84.377957       32000.000000                       1.0000      9.3265       12.3368    2.418949e-09
1 May 2024 11:06:48.000              23.010            0.0000        23.010                184.2375             0.0000            0.0000                 0.0000                     0.0000          184.2375                    -2.981343                 1.499997                  -161.227               -136.249665                           0.000        0.000             0.000                 0.000                                                                                17.00000000       84.371965       32000.000000                       1.0000      9.3205       12.3308    2.478374e-09
1 May 2024 11:07:18.000              23.010            0.0000        23.010                184.2435             0.0000            0.0000                 0.0000                     0.0000          184.2435                    -2.984536                 1.499997                  -161.233               -136.255659                           0.000        0.000             0.000                 0.000                                                                                17.00000000       84.365970       32000.000000                       1.0000      9.3145       12.3248    2.539200e-09
1 May 2024 11:07:48.000              23.010            0.0000        23.010                184.2495             0.0000            0.0000                 0.0000                     0.0000          184.2495                    -2.987653                 1.499997                  -161.239               -136.261656                           0.000        0.000             0.000                 0.000                                                                                17.00000000       84.359973       32000.000000                       1.0000      9.3085       12.3188    2.601458e-09
1 May 2024 11:08:18.000              23.010            0.0000        23.010                184.2555             0.0000            0.0000                 0.0000                     0.0000          184.2555                    -2.990694                 1.499997                  -161.245               -136.267655                           0.000        0.000             0.000                 0.000                                                                                17.00000000       84.353974       32000.000000                       1.0000      9.3025       12.3128    2.665176e-09
1 May 2024 11:08:48.000              23.010            0.0000        23.010                184.2615             0.0000            0.0000                 0.0000                     0.0000          184.2615                    -2.993657                 1.499997                  -161.251               -136.273656                           0.000        0.000             0.000                 0.000                                                                                17.00000000       84.347973       32000.000000                       1.0000      9.2965       12.3068    2.730388e-09
1 May 2024 11:09:18.000              23.010            0.0000        23.010                184.2675             0.0000            0.0000                 0.0000                     0.0000          184.2675                    -2.996545                 1.499997                  -161.257               -136.279658                           0.000        0.000             0.000                 0.000                                                                                17.00000000       84.341971       32000.000000                       1.0000      9.2905       12.3008    2.797123e-09
1 May 2024 11:09:48.000              23.010            0.0000        23.010                184.2735             0.0000            0.0000                 0.0000                     0.0000          184.2735                    -2.999356                 1.499997                  -161.263               -136.285663                           0.000        0.000             0.000                 0.000                                                                                17.00000000       84.335967       32000.000000                       1.0000      9.2845       12.2948    2.865414e-09
1 May 2024 11:10:18.000              23.010            0.0000        23.010                184.2795             0.0000            0.0000                 0.0000                     0.0000          184.2795                    -3.002090                 1.499997                  -161.269               -136.291668                           0.000        0.000             0.000                 0.000                                                                                17.00000000       84.329961       32000.000000                       1.0000      9.2785       12.2888    2.935294e-09
1 May 2024 11:10:48.000              23.010            0.0000        23.010                184.2855             0.0000            0.0000                 0.0000                     0.0000          184.2855                    -3.004748                 1.499997                  -161.275               -136.297675                           0.000        0.000             0.000                 0.000                                                                                17.00000000       84.323954       32000.000000                       1.0000      9.2725       12.2828    3.006795e-09
1 May 2024 11:11:18.000              23.010            0.0000        23.010                184.2915             0.0000            0.0000                 0.0000                     0.0000          184.2915                    -3.007330                 1.499997                  -161.281               -136.303683                           0.000        0.000             0.000                 0.000                                                                                17.00000000       84.317947       32000.000000                       1.0000      9.2664       12.2767    3.079952e-09
1 May 2024 11:11:48.000              23.010            0.0000        23.010                184.2975             0.0000            0.0000                 0.0000                     0.0000          184.2975                    -3.009836                 1.499997                  -161.287               -136.309691                           0.000        0.000             0.000                 0.000                                                                                17.00000000       84.311938       32000.000000                       1.0000      9.2604       12.2707    3.154798e-09
1 May 2024 11:12:18.000              23.010            0.0000        23.010                184.3035             0.0000            0.0000                 0.0000                     0.0000          184.3035                    -3.012265                 1.499997                  -161.293               -136.315701                           0.000        0.000             0.000                 0.000                                                                                17.00000000       84.305928       32000.000000                       1.0000      9.2544       12.2647    3.231368e-09
1 May 2024 11:12:48.000              23.010            0.0000        23.010                184.3095             0.0000            0.0000                 0.0000                     0.0000          184.3095                    -3.014619                 1.499997                  -161.299               -136.321711                           0.000        0.000             0.000                 0.000                                                                                17.00000000       84.299918       32000.000000                       1.0000      9.2484       12.2587    3.309698e-09
1 May 2024 11:13:18.000              23.010            0.0000        23.010                184.3155             0.0000            0.0000                 0.0000                     0.0000          184.3155                    -3.016896                 1.499997                  -161.305               -136.327722                           0.000        0.000             0.000                 0.000                                                                                17.00000000       84.293908       32000.000000                       1.0000      9.2424       12.2527    3.389824e-09
1 May 2024 11:13:48.000              23.010            0.0000        23.010                184.3215             0.0000            0.0000                 0.0000                     0.0000          184.3215                    -3.019098                 1.499997                  -161.311               -136.333732                           0.000        0.000             0.000                 0.000                                                                                17.00000000       84.287897       32000.000000                       1.0000      9.2364       12.2467    3.471781e-09
1 May 2024 11:14:18.000              23.010            0.0000        23.010                184.3276             0.0000            0.0000                 0.0000                     0.0000          184.3276                    -3.021224                 1.499997                  -161.317               -136.339743                           0.000        0.000             0.000                 0.000                                                                                17.00000000       84.281886       32000.000000                       1.0000      9.2304       12.2407    3.555608e-09
1 May 2024 11:14:48.000              23.010            0.0000        23.010                184.3336             0.0000            0.0000                 0.0000                     0.0000          184.3336                    -3.023273                 1.499997                  -161.323               -136.345754                           0.000        0.000             0.000                 0.000                                                                                17.00000000       84.275875       32000.000000                       1.0000      9.2244       12.2347    3.641342e-09
1 May 2024 11:15:18.000              23.010            0.0000        23.010                184.3396             0.0000            0.0000                 0.0000                     0.0000          184.3396                    -3.025247                 1.499997                  -161.329               -136.351765                           0.000        0.000             0.000                 0.000                                                                                17.00000000       84.269864       32000.000000                       1.0000      9.2184       12.2287    3.729021e-09
1 May 2024 11:15:48.000              23.010            0.0000        23.010                184.3456             0.0000            0.0000                 0.0000                     0.0000          184.3456                    -3.027146                 1.499997                  -161.335               -136.357776                           0.000        0.000             0.000                 0.000                                                                                17.00000000       84.263853       32000.000000                       1.0000      9.2124       12.2227    3.818684e-09
1 May 2024 11:16:18.000              23.010            0.0000        23.010                184.3516             0.0000            0.0000                 0.0000                     0.0000          184.3516                    -3.028969                 1.499997                  -161.341               -136.363786                           0.000        0.000             0.000                 0.000                                                                                17.00000000       84.257843       32000.000000                       1.0000      9.2063       12.2166    3.910371e-09
1 May 2024 11:16:48.000              23.010            0.0000        23.010                184.3576             0.0000            0.0000                 0.0000                     0.0000          184.3576                    -3.030716                 1.499997                  -161.347               -136.369795                           0.000        0.000             0.000                 0.000                                                                                17.00000000       84.251834       32000.000000                       1.0000      9.2003       12.2106    4.004121e-09
1 May 2024 11:17:18.000              23.010            0.0000        23.010                184.3636             0.0000            0.0000                 0.0000                     0.0000          184.3636                    -3.032388                 1.499997                  -161.353               -136.375804                           0.000        0.000             0.000                 0.000                                                                                17.00000000       84.245825       32000.000000                       1.0000      9.1943       12.2046    4.099976e-09
1 May 2024 11:17:48.000              23.010            0.0000        23.010                184.3696             0.0000            0.0000                 0.0000                     0.0000          184.3696                    -3.033984                 1.499997                  -161.359               -136.381812                           0.000        0.000             0.000                 0.000                                                                                17.00000000       84.239817       32000.000000                       1.0000      9.1883       12.1986    4.197977e-09
1 May 2024 11:18:18.000              23.010            0.0000        23.010                184.3756             0.0000            0.0000                 0.0000                     0.0000          184.3756                    -3.035505                 1.499997                  -161.365               -136.387819                           0.000        0.000             0.000                 0.000                                                                                17.00000000       84.233810       32000.000000                       1.0000      9.1823       12.1926    4.298165e-09
1 May 2024 11:18:48.000              23.010            0.0000        23.010                184.3816             0.0000            0.0000                 0.0000                     0.0000          184.3816                    -3.036951                 1.499997                  -161.371               -136.393824                           0.000        0.000             0.000                 0.000                                                                                17.00000000       84.227805       32000.000000                       1.0000      9.1763       12.1866    4.400584e-09
1 May 2024 11:19:18.000              23.010            0.0000        23.010                184.3876             0.0000            0.0000                 0.0000                     0.0000          184.3876                    -3.038322                 1.499997                  -161.377               -136.399828                           0.000        0.000             0.000                 0.000                                                                                17.00000000       84.221801       32000.000000                       1.0000      9.1703       12.1806    4.505277e-09
1 May 2024 11:19:48.000              23.010            0.0000        23.010                184.3936             0.0000            0.0000                 0.0000                     0.0000          184.3936                    -3.039618                 1.499997                  -161.383               -136.405831                           0.000        0.000             0.000                 0.000                                                                                17.00000000       84.215798       32000.000000                       1.0000      9.1643       12.1746    4.612287e-09
1 May 2024 11:20:18.000              23.010            0.0000        23.010                184.3996             0.0000            0.0000                 0.0000                     0.0000          184.3996                    -3.040839                 1.499997                  -161.389               -136.411832                           0.000        0.000             0.000                 0.000                                                                                17.00000000       84.209797       32000.000000                       1.0000      9.1583       12.1686    4.721659e-09
1 May 2024 11:20:48.000              23.010            0.0000        23.010                184.4056             0.0000            0.0000                 0.0000                     0.0000          184.4056                    -3.041986                 1.499997                  -161.395               -136.417831                           0.000        0.000             0.000                 0.000                                                                                17.00000000       84.203798       32000.000000                       1.0000      9.1523       12.1626    4.833439e-09
1 May 2024 11:21:18.000              23.010            0.0000        23.010                184.4116             0.0000            0.0000                 0.0000                     0.0000          184.4116                    -3.043057                 1.499997                  -161.401               -136.423828                           0.000        0.000             0.000                 0.000                                                                                17.00000000       84.197801       32000.000000                       1.0000      9.1463       12.1566    4.947671e-09
1 May 2024 11:21:48.000              23.010            0.0000        23.010                184.4176             0.0000            0.0000                 0.0000                     0.0000          184.4176                    -3.044054                 1.499997                  -161.407               -136.429823                           0.000        0.000             0.000                 0.000                                                                                17.00000000       84.191806       32000.000000                       1.0000      9.1403       12.1506    5.064403e-09
1 May 2024 11:22:18.000              23.010            0.0000        23.010                184.4236             0.0000            0.0000                 0.0000                     0.0000          184.4236                    -3.044976                 1.499997                  -161.413               -136.435816                           0.000        0.000             0.000                 0.000                                                                                17.00000000       84.185813       32000.000000                       1.0000      9.1343       12.1446    5.183682e-09
1 May 2024 11:22:48.000              23.010            0.0000        23.010                184.4296             0.0000            0.0000                 0.0000                     0.0000          184.4296                    -3.045824                 1.499997                  -161.419               -136.441807                           0.000        0.000             0.000                 0.000                                                                                17.00000000       84.179823       32000.000000                       1.0000      9.1283       12.1386    5.305555e-09
1 May 2024 11:23:18.000              23.010            0.0000        23.010                184.4356             0.0000            0.0000                 0.0000                     0.0000          184.4356                    -3.046598                 1.499997                  -161.425               -136.447795                           0.000        0.000             0.000                 0.000                                                                                17.00000000       84.173835       32000.000000                       1.0000      9.1223       12.1326    5.430070e-09
1 May 2024 11:23:48.000              23.010            0.0000        23.010                184.4416             0.0000            0.0000                 0.0000                     0.0000          184.4416                    -3.047297                 1.499997                  -161.431               -136.453780                           0.000        0.000             0.000                 0.000                                                                                17.00000000       84.167849       32000.000000                       1.0000      9.1163       12.1266    5.557277e-09
1 May 2024 11:24:18.000              23.010            0.0000        23.010                184.4476             0.0000            0.0000                 0.0000                     0.0000          184.4476                    -3.047922                 1.499997                  -161.437               -136.459762                           0.000        0.000             0.000                 0.000                                                                                17.00000000       84.161867       32000.000000                       1.0000      9.1104       12.1207    5.687226e-09
1 May 2024 11:24:48.000              23.010            0.0000        23.010                184.4536             0.0000            0.0000                 0.0000                     0.0000          184.4536                    -3.048473                 1.499997                  -161.443               -136.465742                           0.000        0.000             0.000                 0.000                                                                                17.00000000       84.155887       32000.000000                       1.0000      9.1044       12.1147    5.819967e-09
1 May 2024 11:25:18.000              23.010            0.0000        23.010                184.4595             0.0000            0.0000                 0.0000                     0.0000          184.4595                    -3.048950                 1.499997                  -161.449               -136.471718                           0.000        0.000             0.000                 0.000                                                                                17.00000000       84.149911       32000.000000                       1.0000      9.0984       12.1087    5.955551e-09
1 May 2024 11:25:48.000              23.010            0.0000        23.010                184.4655             0.0000            0.0000                 0.0000                     0.0000          184.4655                    -3.049354                 1.499997                  -161.455               -136.477691                           0.000        0.000             0.000                 0.000                                                                                17.00000000       84.143938       32000.000000                       1.0000      9.0924       12.1027    6.094029e-09
1 May 2024 11:26:18.000              23.010            0.0000        23.010                184.4715             0.0000            0.0000                 0.0000                     0.0000          184.4715                    -3.049684                 1.499997                  -161.461               -136.483661                           0.000        0.000             0.000                 0.000                                                                                17.00000000       84.137968       32000.000000                       1.0000      9.0865       12.0968    6.235455e-09
1 May 2024 11:26:48.000              23.010            0.0000        23.010                184.4774             0.0000            0.0000                 0.0000                     0.0000          184.4774                    -3.049940                 1.499997                  -161.467               -136.489627                           0.000        0.000             0.000                 0.000                                                                                17.00000000       84.132002       32000.000000                       1.0000      9.0805       12.0908    6.379881e-09
1 May 2024 11:27:18.000              23.010            0.0000        23.010                184.4834             0.0000            0.0000                 0.0000                     0.0000          184.4834                    -3.050123                 1.499997                  -161.473               -136.495589                           0.000        0.000             0.000                 0.000                                                                                17.00000000       84.126040       32000.000000                       1.0000      9.0745       12.0848    6.527360e-09
1 May 2024 11:27:48.000              23.010            0.0000        23.010                184.4894             0.0000            0.0000                 0.0000                     0.0000          184.4894                    -3.050232                 1.499997                  -161.479               -136.501548                           0.000        0.000             0.000                 0.000                                                                                17.00000000       84.120081       32000.000000                       1.0000      9.0686       12.0789    6.677948e-09
1 May 2024 11:28:18.000              23.010            0.0000        23.010                184.4953             0.0000            0.0000                 0.0000                     0.0000          184.4953                    -3.050268                 1.499997                  -161.485               -136.507503                           0.000        0.000             0.000                 0.000                                                                                17.00000000       84.114126       32000.000000                       1.0000      9.0626       12.0729    6.831699e-09
1 May 2024 11:28:48.000              23.010            0.0000        23.010                184.5013             0.0000            0.0000                 0.0000                     0.0000          184.5013                    -3.050231                 1.499997                  -161.491               -136.513454                           0.000        0.000             0.000                 0.000                                                                                17.00000000       84.108175       32000.000000                       1.0000      9.0567       12.0670    6.988670e-09
1 May 2024 11:29:18.000              23.010            0.0000        23.010                184.5072             0.0000            0.0000                 0.0000                     0.0000          184.5072                    -3.050121                 1.499997                  -161.497               -136.519400                           0.000        0.000             0.000                 0.000                                                                                17.00000000       84.102229       32000.000000                       1.0000      9.0507       12.0610    7.148915e-09
1 May 2024 11:29:48.000              23.010            0.0000        23.010                184.5132             0.0000            0.0000                 0.0000                     0.0000          184.5132                    -3.049939                 1.499997                  -161.503               -136.525342                           0.000        0.000             0.000                 0.000                                                                                17.00000000       84.096287       32000.000000                       1.0000      9.0448       12.0551    7.312493e-09
1 May 2024 11:30:18.000              23.010            0.0000        23.010                184.5191             0.0000            0.0000                 0.0000                     0.0000          184.5191                    -3.049683                 1.499997                  -161.509               -136.531280                           0.000        0.000             0.000                 0.000                                                                                17.00000000       84.090349       32000.000000                       1.0000      9.0388       12.0491    7.479462e-09
1 May 2024 11:30:48.000              23.010            0.0000        23.010                184.5250             0.0000            0.0000                 0.0000                     0.0000          184.5250                    -3.049355                 1.499997                  -161.515               -136.537213                           0.000        0.000             0.000                 0.000                                                                                17.00000000       84.084416       32000.000000                       1.0000      9.0329       12.0432    7.649879e-09
1 May 2024 11:31:18.000              23.010            0.0000        23.010                184.5310             0.0000            0.0000                 0.0000                     0.0000          184.5310                    -3.048954                 1.499997                  -161.521               -136.543141                           0.000        0.000             0.000                 0.000                                                                                17.00000000       84.078488       32000.000000                       1.0000      9.0270       12.0373    7.823804e-09
1 May 2024 11:31:48.000              23.010            0.0000        23.010                184.5369             0.0000            0.0000                 0.0000                     0.0000          184.5369                    -3.048481                 1.499997                  -161.527               -136.549064                           0.000        0.000             0.000                 0.000                                                                                17.00000000       84.072565       32000.000000                       1.0000      9.0211       12.0314    8.001296e-09
1 May 2024 11:32:18.000              23.010            0.0000        23.010                184.5428             0.0000            0.0000                 0.0000                     0.0000          184.5428                    -3.047936                 1.499997                  -161.532               -136.554983                           0.000        0.000             0.000                 0.000                                                                                17.00000000       84.066646       32000.000000                       1.0000      9.0151       12.0254    8.182416e-09
1 May 2024 11:32:48.000              23.010            0.0000        23.010                184.5487             0.0000            0.0000                 0.0000                     0.0000          184.5487                    -3.047319                 1.499997                  -161.538               -136.560896                           0.000        0.000             0.000                 0.000                                                                                17.00000000       84.060733       32000.000000                       1.0000      9.0092       12.0195    8.367225e-09
1 May 2024 11:33:18.000              23.010            0.0000        23.010                184.5546             0.0000            0.0000                 0.0000                     0.0000          184.5546                    -3.046630                 1.499997                  -161.544               -136.566804                           0.000        0.000             0.000                 0.000                                                                                17.00000000       84.054825       32000.000000                       1.0000      9.0033       12.0136    8.555785e-09
1 May 2024 11:33:48.000              23.010            0.0000        23.010                184.5605             0.0000            0.0000                 0.0000                     0.0000          184.5605                    -3.045868                 1.499997                  -161.550               -136.572706                           0.000        0.000             0.000                 0.000                                                                                17.00000000       84.048923       32000.000000                       1.0000      8.9974       12.0077    8.748158e-09
1 May 2024 11:34:18.000              23.010            0.0000        23.010                184.5664             0.0000            0.0000                 0.0000                     0.0000          184.5664                    -3.045036                 1.499997                  -161.556               -136.578603                           0.000        0.000             0.000                 0.000                                                                                17.00000000       84.043026       32000.000000                       1.0000      8.9915       12.0018    8.944406e-09
1 May 2024 11:34:48.000              23.010            0.0000        23.010                184.5723             0.0000            0.0000                 0.0000                     0.0000          184.5723                    -3.044131                 1.499997                  -161.562               -136.584495                           0.000        0.000             0.000                 0.000                                                                                17.00000000       84.037135       32000.000000                       1.0000      8.9856       11.9959    9.144595e-09
1 May 2024 11:35:18.000              23.010            0.0000        23.010                184.5782             0.0000            0.0000                 0.0000                     0.0000          184.5782                    -3.043156                 1.499997                  -161.568               -136.590380                           0.000        0.000             0.000                 0.000                                                                                17.00000000       84.031249       32000.000000                       1.0000      8.9797       11.9900    9.348787e-09
1 May 2024 11:35:48.000              23.010            0.0000        23.010                184.5841             0.0000            0.0000                 0.0000                     0.0000          184.5841                    -3.042108                 1.499997                  -161.574               -136.596259                           0.000        0.000             0.000                 0.000                                                                                17.00000000       84.025370       32000.000000                       1.0000      8.9739       11.9842    9.557049e-09
1 May 2024 11:36:18.000              23.010            0.0000        23.010                184.5899             0.0000            0.0000                 0.0000                     0.0000          184.5899                    -3.040990                 1.499997                  -161.580               -136.602133                           0.000        0.000             0.000                 0.000                                                                                17.00000000       84.019496       32000.000000                       1.0000      8.9680       11.9783    9.769444e-09
1 May 2024 11:36:48.000              23.010            0.0000        23.010                184.5958             0.0000            0.0000                 0.0000                     0.0000          184.5958                    -3.039801                 1.499997                  -161.586               -136.608000                           0.000        0.000             0.000                 0.000                                                                                17.00000000       84.013629       32000.000000                       1.0000      8.9621       11.9724    9.986041e-09
1 May 2024 11:37:18.000              23.010            0.0000        23.010                184.6017             0.0000            0.0000                 0.0000                     0.0000          184.6017                    -3.038541                 1.499997                  -161.591               -136.613861                           0.000        0.000             0.000                 0.000                                                                                17.00000000       84.007768       32000.000000                       1.0000      8.9563       11.9666    1.020691e-08
1 May 2024 11:37:48.000              23.010            0.0000        23.010                184.6075             0.0000            0.0000                 0.0000                     0.0000          184.6075                    -3.037210                 1.499997                  -161.597               -136.619715                           0.000        0.000             0.000                 0.000                                                                                17.00000000       84.001914       32000.000000                       1.0000      8.9504       11.9607    1.043210e-08
1 May 2024 11:38:18.000              23.010            0.0000        23.010                184.6134             0.0000            0.0000                 0.0000                     0.0000          184.6134                    -3.035809                 1.499997                  -161.603               -136.625563                           0.000        0.000             0.000                 0.000                                                                                17.00000000       83.996066       32000.000000                       1.0000      8.9446       11.9549    1.066171e-08
1 May 2024 11:38:48.000              23.010            0.0000        23.010                184.6192             0.0000            0.0000                 0.0000                     0.0000          184.6192                    -3.034337                 1.499997                  -161.609               -136.631404                           0.000        0.000             0.000                 0.000                                                                                17.00000000       83.990225       32000.000000                       1.0000      8.9387       11.9490    1.089578e-08
1 May 2024 11:39:18.000              23.010            0.0000        23.010                184.6250             0.0000            0.0000                 0.0000                     0.0000          184.6250                    -3.032795                 1.499997                  -161.615               -136.637239                           0.000        0.000             0.000                 0.000                                                                                17.00000000       83.984390       32000.000000                       1.0000      8.9329       11.9432    1.113440e-08
1 May 2024 11:39:48.000              23.010            0.0000        23.010                184.6309             0.0000            0.0000                 0.0000                     0.0000          184.6309                    -3.031183                 1.499997                  -161.621               -136.643066                           0.000        0.000             0.000                 0.000                                                                                17.00000000       83.978563       32000.000000                       1.0000      8.9271       11.9374    1.137762e-08
1 May 2024 11:40:18.000              23.010            0.0000        23.010                184.6367             0.0000            0.0000                 0.0000                     0.0000          184.6367                    -3.029501                 1.499997                  -161.626               -136.648887                           0.000        0.000             0.000                 0.000                                                                                17.00000000       83.972743       32000.000000                       1.0000      8.9212       11.9315    1.162553e-08
1 May 2024 11:40:48.000              23.010            0.0000        23.010                184.6425             0.0000            0.0000                 0.0000                     0.0000          184.6425                    -3.027749                 1.499997                  -161.632               -136.654700                           0.000        0.000             0.000                 0.000                                                                                17.00000000       83.966929       32000.000000                       1.0000      8.9154       11.9257    1.187819e-08
1 May 2024 11:41:18.000              23.010            0.0000        23.010                184.6483             0.0000            0.0000                 0.0000                     0.0000          184.6483                    -3.025928                 1.499997                  -161.638               -136.660506                           0.000        0.000             0.000                 0.000                                                                                17.00000000       83.961124       32000.000000                       1.0000      8.9096       11.9199    1.213568e-08
1 May 2024 11:41:48.000              23.010            0.0000        23.010                184.6541             0.0000            0.0000                 0.0000                     0.0000          184.6541                    -3.024036                 1.499997                  -161.644               -136.666304                           0.000        0.000             0.000                 0.000                                                                                17.00000000       83.955325       32000.000000                       1.0000      8.9038       11.9141    1.239806e-08
1 May 2024 11:42:18.000              23.010            0.0000        23.010                184.6599             0.0000            0.0000                 0.0000                     0.0000          184.6599                    -3.022076                 1.499997                  -161.650               -136.672095                           0.000        0.000             0.000                 0.000                                                                                17.00000000       83.949534       32000.000000                       1.0000      8.8980       11.9083    1.266541e-08
1 May 2024 11:42:48.000              23.010            0.0000        23.010                184.6657             0.0000            0.0000                 0.0000                     0.0000          184.6657                    -3.020046                 1.499997                  -161.655               -136.677878                           0.000        0.000             0.000                 0.000                                                                                17.00000000       83.943751       32000.000000                       1.0000      8.8923       11.9026    1.293780e-08
1 May 2024 11:43:18.000              23.010            0.0000        23.010                184.6715             0.0000            0.0000                 0.0000                     0.0000          184.6715                    -3.017948                 1.499997                  -161.661               -136.683653                           0.000        0.000             0.000                 0.000                                                                                17.00000000       83.937976       32000.000000                       1.0000      8.8865       11.8968    1.321531e-08
1 May 2024 11:43:48.000              23.010            0.0000        23.010                184.6772             0.0000            0.0000                 0.0000                     0.0000          184.6772                    -3.015780                 1.499997                  -161.667               -136.689421                           0.000        0.000             0.000                 0.000                                                                                17.00000000       83.932208       32000.000000                       1.0000      8.8807       11.8910    1.349801e-08
1 May 2024 11:44:18.000              23.010            0.0000        23.010                184.6830             0.0000            0.0000                 0.0000                     0.0000          184.6830                    -3.013544                 1.499997                  -161.673               -136.695180                           0.000        0.000             0.000                 0.000                                                                                17.00000000       83.926449       32000.000000                       1.0000      8.8749       11.8852    1.378597e-08
1 May 2024 11:44:48.000              23.010            0.0000        23.010                184.6887             0.0000            0.0000                 0.0000                     0.0000          184.6887                    -3.011239                 1.499997                  -161.678               -136.700932                           0.000        0.000             0.000                 0.000                                                                                17.00000000       83.920698       32000.000000                       1.0000      8.8692       11.8795    1.407928e-08
1 May 2024 11:45:18.000              23.010            0.0000        23.010                184.6945             0.0000            0.0000                 0.0000                     0.0000          184.6945                    -3.008866                 1.499997                  -161.684               -136.706675                           0.000        0.000             0.000                 0.000                                                                                17.00000000       83.914955       32000.000000                       1.0000      8.8635       11.8738    1.437800e-08
1 May 2024 11:45:48.000              23.010            0.0000        23.010                184.7002             0.0000            0.0000                 0.0000                     0.0000          184.7002                    -3.006425                 1.499997                  -161.690               -136.712409                           0.000        0.000             0.000                 0.000                                                                                17.00000000       83.909220       32000.000000                       1.0000      8.8577       11.8680    1.468222e-08
1 May 2024 11:46:18.000              23.010            0.0000        23.010                184.7059             0.0000            0.0000                 0.0000                     0.0000          184.7059                    -3.003915                 1.499997                  -161.696               -136.718135                           0.000        0.000             0.000                 0.000                                                                                17.00000000       83.903494       32000.000000                       1.0000      8.8520       11.8623    1.499200e-08
1 May 2024 11:46:48.000              23.010            0.0000        23.010                184.7117             0.0000            0.0000                 0.0000                     0.0000          184.7117                    -3.001338                 1.499997                  -161.701               -136.723853                           0.000        0.000             0.000                 0.000                                                                                17.00000000       83.897776       32000.000000                       1.0000      8.8463       11.8566    1.530743e-08
1 May 2024 11:47:18.000              23.010            0.0000        23.010                184.7174             0.0000            0.0000                 0.0000                     0.0000          184.7174                    -2.998693                 1.499997                  -161.707               -136.729562                           0.000        0.000             0.000                 0.000                                                                                17.00000000       83.892067       32000.000000                       1.0000      8.8406       11.8509    1.562859e-08
1 May 2024 11:47:48.000              23.010            0.0000        23.010                184.7231             0.0000            0.0000                 0.0000                     0.0000          184.7231                    -2.995980                 1.499997                  -161.713               -136.735262                           0.000        0.000             0.000                 0.000                                                                                17.00000000       83.886368       32000.000000                       1.0000      8.8349       11.8452    1.595555e-08
1 May 2024 11:48:18.000              23.010            0.0000        23.010                184.7288             0.0000            0.0000                 0.0000                     0.0000          184.7288                    -2.993200                 1.499997                  -161.718               -136.740953                           0.000        0.000             0.000                 0.000                                                                                17.00000000       83.880677       32000.000000                       1.0000      8.8292       11.8395    1.628839e-08
1 May 2024 11:48:48.000              23.010            0.0000        23.010                184.7344             0.0000            0.0000                 0.0000                     0.0000          184.7344                    -2.990352                 1.499997                  -161.724               -136.746634                           0.000        0.000             0.000                 0.000                                                                                17.00000000       83.874995       32000.000000                       1.0000      8.8235       11.8338    1.662719e-08
1 May 2024 11:49:18.000              23.010            0.0000        23.010                184.7401             0.0000            0.0000                 0.0000                     0.0000          184.7401                    -2.987438                 1.499997                  -161.730               -136.752307                           0.000        0.000             0.000                 0.000                                                                                17.00000000       83.869322       32000.000000                       1.0000      8.8178       11.8281    1.697204e-08
1 May 2024 11:49:48.000              23.010            0.0000        23.010                184.7458             0.0000            0.0000                 0.0000                     0.0000          184.7458                    -2.984457                 1.499997                  -161.735               -136.757971                           0.000        0.000             0.000                 0.000                                                                                17.00000000       83.863658       32000.000000                       1.0000      8.8122       11.8225    1.732300e-08
1 May 2024 11:50:18.000              23.010            0.0000        23.010                184.7514             0.0000            0.0000                 0.0000                     0.0000          184.7514                    -2.981409                 1.499997                  -161.741               -136.763625                           0.000        0.000             0.000                 0.000                                                                                17.00000000       83.858004       32000.000000                       1.0000      8.8065       11.8168    1.768016e-08
1 May 2024 11:50:44.162              23.010            0.0000        23.010                184.7564             0.0000            0.0000                 0.0000                     0.0000          184.7564                    -2.978697                 1.499997                  -161.746               -136.768548                           0.000        0.000             0.000                 0.000                                                                                17.00000000       83.853081       32000.000000                       1.0000      8.8016       11.8119    1.799675e-08

      Time (UTCG)          Xmtr Power (dBW)    Xmtr Gain (dB)    EIRP (dBW)    Free Space Loss (dB)    Atmos Loss (dB)    Rain Loss (dB)    CloudsFog Loss (dB)    TropoScintill Loss (dB)    Prop Loss (dB)    Freq. Doppler Shift (kHz)    Rcvd. Frequency (GHz)    Rcvd. Iso. Power (dBW)    Flux Density (dBW/m^2)    Rcvr Gain (dB)    Tatmos (K)    Train (K)    TcloudsFog (K)    TtropoScintill (K)    Tsun (K)    Tearth (K)    Tcosmic (K)    Tantenna (K)    Tequivalent (K)     g/T (dB/K)    C/No (dB*Hz)    Bandwidth (kHz)    Bandwidth Overlap (units)    C/N (dB)    Eb/No (dB)         BER    
-----------------------    ----------------    --------------    ----------    --------------------    ---------------    --------------    -------------------    -----------------------    --------------    -------------------------    ---------------------    ----------------------    ----------------------    --------------    ----------    ---------    --------------    ------------------    --------    ----------    -----------    ------------    ---------------    -----------    ------------    ---------------    -------------------------    --------    ----------    ------------
1 May 2024 16:46:51.240              23.010            0.0000        23.010                184.8470             0.0000            0.0000                 0.0000                     0.0000          184.8470                     2.762383                 1.500003                  -161.837               -136.859218                           0.000        0.000             0.000                 0.000                                                                                17.00000000       83.762411       32000.000000                       1.0000      8.7109       11.7212    2.486859e-08
1 May 2024 16:47:21.000              23.010            0.0000        23.010                184.8419             0.0000            0.0000                 0.0000                     0.0000          184.8419                     2.765074                 1.500003                  -161.832               -136.854078                           0.000        0.000             0.000                 0.000                                                                                17.00000000       83.767551       32000.000000                       1.0000      8.7161       11.7264    2.442110e-08
1 May 2024 16:47:51.000              23.010            0.0000        23.010                184.8367             0.0000            0.0000                 0.0000                     0.0000          184.8367                     2.767720                 1.500003                  -161.826               -136.848889                           0.000        0.000             0.000                 0.000                                                                                17.00000000       83.772740       32000.000000                       1.0000      8.7212       11.7315    2.397696e-08
1 May 2024 16:48:21.000              23.010            0.0000        23.010                184.8315             0.0000            0.0000                 0.0000                     0.0000          184.8315                     2.770302                 1.500003                  -161.821               -136.843692                           0.000        0.000             0.000                 0.000                                                                                17.00000000       83.777937       32000.000000                       1.0000      8.7264       11.7367    2.353973e-08
1 May 2024 16:48:51.000              23.010            0.0000        23.010                184.8263             0.0000            0.0000                 0.0000                     0.0000          184.8263                     2.772817                 1.500003                  -161.816               -136.838487                           0.000        0.000             0.000                 0.000                                                                                17.00000000       83.783142       32000.000000                       1.0000      8.7316       11.7419    2.310933e-08
1 May 2024 16:49:21.000              23.010            0.0000        23.010                184.8211             0.0000            0.0000                 0.0000                     0.0000          184.8211                     2.775267                 1.500003                  -161.811               -136.833274                           0.000        0.000             0.000                 0.000                                                                                17.00000000       83.788355       32000.000000                       1.0000      8.7369       11.7472    2.268569e-08
1 May 2024 16:49:51.000              23.010            0.0000        23.010                184.8159             0.0000            0.0000                 0.0000                     0.0000          184.8159                     2.777651                 1.500003                  -161.806               -136.828054                           0.000        0.000             0.000                 0.000                                                                                17.00000000       83.793575       32000.000000                       1.0000      8.7421       11.7524    2.226873e-08
1 May 2024 16:50:21.000              23.010            0.0000        23.010                184.8106             0.0000            0.0000                 0.0000                     0.0000          184.8106                     2.779968                 1.500003                  -161.800               -136.822826                           0.000        0.000             0.000                 0.000                                                                                17.00000000       83.798804       32000.000000                       1.0000      8.7473       11.7576    2.185836e-08
1 May 2024 16:50:51.000              23.010            0.0000        23.010                184.8054             0.0000            0.0000                 0.0000                     0.0000          184.8054                     2.782219                 1.500003                  -161.795               -136.817590                           0.000        0.000             0.000                 0.000                                                                                17.00000000       83.804039       32000.000000                       1.0000      8.7525       11.7628    2.145452e-08
1 May 2024 16:51:21.000              23.010            0.0000        23.010                184.8002             0.0000            0.0000                 0.0000                     0.0000          184.8002                     2.784404                 1.500003                  -161.790               -136.812347                           0.000        0.000             0.000                 0.000                                                                                17.00000000       83.809282       32000.000000                       1.0000      8.7578       11.7681    2.105714e-08
1 May 2024 16:51:51.000              23.010            0.0000        23.010                184.7949             0.0000            0.0000                 0.0000                     0.0000          184.7949                     2.786522                 1.500003                  -161.785               -136.807097                           0.000        0.000             0.000                 0.000                                                                                17.00000000       83.814532       32000.000000                       1.0000      8.7630       11.7733    2.066612e-08
1 May 2024 16:52:21.000              23.010            0.0000        23.010                184.7896             0.0000            0.0000                 0.0000                     0.0000          184.7896                     2.788573                 1.500003                  -161.779               -136.801840                           0.000        0.000             0.000                 0.000                                                                                17.00000000       83.819789       32000.000000                       1.0000      8.7683       11.7786    2.028141e-08
1 May 2024 16:52:51.000              23.010            0.0000        23.010                184.7844             0.0000            0.0000                 0.0000                     0.0000          184.7844                     2.790558                 1.500003                  -161.774               -136.796576                           0.000        0.000             0.000                 0.000                                                                                17.00000000       83.825053       32000.000000                       1.0000      8.7736       11.7839    1.990291e-08
1 May 2024 16:53:21.000              23.010            0.0000        23.010                184.7791             0.0000            0.0000                 0.0000                     0.0000          184.7791                     2.792475                 1.500003                  -161.769               -136.791305                           0.000        0.000             0.000                 0.000                                                                                17.00000000       83.830325       32000.000000                       1.0000      8.7788       11.7891    1.953057e-08
1 May 2024 16:53:51.000              23.010            0.0000        23.010                184.7738             0.0000            0.0000                 0.0000                     0.0000          184.7738                     2.794325                 1.500003                  -161.764               -136.786027                           0.000        0.000             0.000                 0.000                                                                                17.00000000       83.835602       32000.000000                       1.0000      8.7841       11.7944    1.916430e-08
1 May 2024 16:54:21.000              23.010            0.0000        23.010                184.7686             0.0000            0.0000                 0.0000                     0.0000          184.7686                     2.796108                 1.500003                  -161.758               -136.780742                           0.000        0.000             0.000                 0.000                                                                                17.00000000       83.840887       32000.000000                       1.0000      8.7894       11.7997    1.880403e-08
1 May 2024 16:54:51.000              23.010            0.0000        23.010                184.7633             0.0000            0.0000                 0.0000                     0.0000          184.7633                     2.797823                 1.500003                  -161.753               -136.775451                           0.000        0.000             0.000                 0.000                                                                                17.00000000       83.846178       32000.000000                       1.0000      8.7947       11.8050    1.844968e-08
1 May 2024 16:55:21.000              23.010            0.0000        23.010                184.7580             0.0000            0.0000                 0.0000                     0.0000          184.7580                     2.799471                 1.500003                  -161.748               -136.770154                           0.000        0.000             0.000                 0.000                                                                                17.00000000       83.851475       32000.000000                       1.0000      8.8000       11.8103    1.810119e-08
1 May 2024 16:55:51.000              23.010            0.0000        23.010                184.7527             0.0000            0.0000                 0.0000                     0.0000          184.7527                     2.801051                 1.500003                  -161.742               -136.764850                           0.000        0.000             0.000                 0.000                                                                                17.00000000       83.856779       32000.000000                       1.0000      8.8053       11.8156    1.775848e-08
1 May 2024 16:56:21.000              23.010            0.0000        23.010                184.7474             0.0000            0.0000                 0.0000                     0.0000          184.7474                     2.802563                 1.500003                  -161.737               -136.759540                           0.000        0.000             0.000                 0.000                                                                                17.00000000       83.862089       32000.000000                       1.0000      8.8106       11.8209    1.742147e-08
1 May 2024 16:56:51.000              23.010            0.0000        23.010                184.7420             0.0000            0.0000                 0.0000                     0.0000          184.7420                     2.804007                 1.500003                  -161.732               -136.754224                           0.000        0.000             0.000                 0.000                                                                                17.00000000       83.867405       32000.000000                       1.0000      8.8159       11.8262    1.709009e-08
1 May 2024 16:57:21.000              23.010            0.0000        23.010                184.7367             0.0000            0.0000                 0.0000                     0.0000          184.7367                     2.805383                 1.500003                  -161.726               -136.748903                           0.000        0.000             0.000                 0.000                                                                                17.00000000       83.872727       32000.000000                       1.0000      8.8212       11.8315    1.676427e-08
1 May 2024 16:57:51.000              23.010            0.0000        23.010                184.7314             0.0000            0.0000                 0.0000                     0.0000          184.7314                     2.806691                 1.500003                  -161.721               -136.743575                           0.000        0.000             0.000                 0.000                                                                                17.00000000       83.878054       32000.000000                       1.0000      8.8266       11.8369    1.644394e-08
1 May 2024 16:58:21.000              23.010            0.0000        23.010                184.7261             0.0000            0.0000                 0.0000                     0.0000          184.7261                     2.807930                 1.500003                  -161.716               -136.738242                           0.000        0.000             0.000                 0.000                                                                                17.00000000       83.883388       32000.000000                       1.0000      8.8319       11.8422    1.612903e-08
1 May 2024 16:58:51.000              23.010            0.0000        23.010                184.7207             0.0000            0.0000                 0.0000                     0.0000          184.7207                     2.809100                 1.500003                  -161.710               -136.732903                           0.000        0.000             0.000                 0.000                                                                                17.00000000       83.888727       32000.000000                       1.0000      8.8372       11.8475    1.581947e-08
1 May 2024 16:59:21.000              23.010            0.0000        23.010                184.7154             0.0000            0.0000                 0.0000                     0.0000          184.7154                     2.810203                 1.500003                  -161.705               -136.727558                           0.000        0.000             0.000                 0.000                                                                                17.00000000       83.894071       32000.000000                       1.0000      8.8426       11.8529    1.551517e-08
1 May 2024 16:59:51.000              23.010            0.0000        23.010                184.7100             0.0000            0.0000                 0.0000                     0.0000          184.7100                     2.811236                 1.500003                  -161.700               -136.722209                           0.000        0.000             0.000                 0.000                                                                                17.00000000       83.899421       32000.000000                       1.0000      8.8479       11.8582    1.521609e-08
1 May 2024 17:00:21.000              23.010            0.0000        23.010                184.7047             0.0000            0.0000                 0.0000                     0.0000          184.7047                     2.812200                 1.500003                  -161.694               -136.716854                           0.000        0.000             0.000                 0.000                                                                                17.00000000       83.904775       32000.000000                       1.0000      8.8533       11.8636    1.492213e-08
1 May 2024 17:00:51.000              23.010            0.0000        23.010                184.6993             0.0000            0.0000                 0.0000                     0.0000          184.6993                     2.813095                 1.500003                  -161.689               -136.711494                           0.000        0.000             0.000                 0.000                                                                                17.00000000       83.910135       32000.000000                       1.0000      8.8586       11.8689    1.463325e-08
1 May 2024 17:01:21.000              23.010            0.0000        23.010                184.6939             0.0000            0.0000                 0.0000                     0.0000          184.6939                     2.813922                 1.500003                  -161.684               -136.706129                           0.000        0.000             0.000                 0.000                                                                                17.00000000       83.915500       32000.000000                       1.0000      8.8640       11.8743    1.434936e-08
1 May 2024 17:01:51.000              23.010            0.0000        23.010                184.6886             0.0000            0.0000                 0.0000                     0.0000          184.6886                     2.814679                 1.500003                  -161.678               -136.700759                           0.000        0.000             0.000                 0.000                                                                                17.00000000       83.920870       32000.000000                       1.0000      8.8694       11.8797    1.407040e-08
1 May 2024 17:02:21.000              23.010            0.0000        23.010                184.6832             0.0000            0.0000                 0.0000                     0.0000          184.6832                     2.815366                 1.500003                  -161.673               -136.695385                           0.000        0.000             0.000                 0.000                                                                                17.00000000       83.926245       32000.000000                       1.0000      8.8747       11.8850    1.379629e-08
1 May 2024 17:02:51.000              23.010            0.0000        23.010                184.6778             0.0000            0.0000                 0.0000                     0.0000          184.6778                     2.815984                 1.500003                  -161.668               -136.690006                           0.000        0.000             0.000                 0.000                                                                                17.00000000       83.931624       32000.000000                       1.0000      8.8801       11.8904    1.352698e-08
1 May 2024 17:03:21.000              23.010            0.0000        23.010                184.6724             0.0000            0.0000                 0.0000                     0.0000          184.6724                     2.816532                 1.500003                  -161.662               -136.684622                           0.000        0.000             0.000                 0.000                                                                                17.00000000       83.937007       32000.000000                       1.0000      8.8855       11.8958    1.326240e-08
1 May 2024 17:03:51.000              23.010            0.0000        23.010                184.6670             0.0000            0.0000                 0.0000                     0.0000          184.6670                     2.817011                 1.500003                  -161.657               -136.679234                           0.000        0.000             0.000                 0.000                                                                                17.00000000       83.942395       32000.000000                       1.0000      8.8909       11.9012    1.300247e-08
1 May 2024 17:04:21.000              23.010            0.0000        23.010                184.6617             0.0000            0.0000                 0.0000                     0.0000          184.6617                     2.817420                 1.500003                  -161.651               -136.673842                           0.000        0.000             0.000                 0.000                                                                                17.00000000       83.947787       32000.000000                       1.0000      8.8963       11.9066    1.274714e-08
1 May 2024 17:04:51.000              23.010            0.0000        23.010                184.6563             0.0000            0.0000                 0.0000                     0.0000          184.6563                     2.817759                 1.500003                  -161.646               -136.668446                           0.000        0.000             0.000                 0.000                                                                                17.00000000       83.953183       32000.000000                       1.0000      8.9017       11.9120    1.249634e-08
1 May 2024 17:05:21.000              23.010            0.0000        23.010                184.6509             0.0000            0.0000                 0.0000                     0.0000          184.6509                     2.818027                 1.500003                  -161.641               -136.663046                           0.000        0.000             0.000                 0.000                                                                                17.00000000       83.958583       32000.000000                       1.0000      8.9071       11.9174    1.224999e-08
1 May 2024 17:05:51.000              23.010            0.0000        23.010                184.6455             0.0000            0.0000                 0.0000                     0.0000          184.6455                     2.818226                 1.500003                  -161.635               -136.657642                           0.000        0.000             0.000                 0.000                                                                                17.00000000       83.963987       32000.000000                       1.0000      8.9125       11.9228    1.200805e-08
1 May 2024 17:06:21.000              23.010            0.0000        23.010                184.6400             0.0000            0.0000                 0.0000                     0.0000          184.6400                     2.818354                 1.500003                  -161.630               -136.652235                           0.000        0.000             0.000                 0.000                                                                                17.00000000       83.969394       32000.000000                       1.0000      8.9179       11.9282    1.177044e-08
1 May 2024 17:06:51.000              23.010            0.0000        23.010                184.6346             0.0000            0.0000                 0.0000                     0.0000          184.6346                     2.818412                 1.500003                  -161.624               -136.646824                           0.000        0.000             0.000                 0.000                                                                                17.00000000       83.974805       32000.000000                       1.0000      8.9233       11.9336    1.153710e-08
1 May 2024 17:07:21.000              23.010            0.0000        23.010                184.6292             0.0000            0.0000                 0.0000                     0.0000          184.6292                     2.818399                 1.500003                  -161.619               -136.641410                           0.000        0.000             0.000                 0.000                                                                                17.00000000       83.980220       32000.000000                       1.0000      8.9287       11.9390    1.130797e-08
1 May 2024 17:07:51.000              23.010            0.0000        23.010                184.6238             0.0000            0.0000                 0.0000                     0.0000          184.6238                     2.818316                 1.500003                  -161.614               -136.635992                           0.000        0.000             0.000                 0.000                                                                                17.00000000       83.985637       32000.000000                       1.0000      8.9341       11.9444    1.108299e-08
1 May 2024 17:08:21.000              23.010            0.0000        23.010                184.6184             0.0000            0.0000                 0.0000                     0.0000          184.6184                     2.818162                 1.500003                  -161.608               -136.630571                           0.000        0.000             0.000                 0.000                                                                                17.00000000       83.991058       32000.000000                       1.0000      8.9396       11.9499    1.086209e-08
1 May 2024 17:08:51.000              23.010            0.0000        23.010                184.6130             0.0000            0.0000                 0.0000                     0.0000          184.6130                     2.817937                 1.500003                  -161.603               -136.625147                           0.000        0.000             0.000                 0.000                                                                                17.00000000       83.996482       32000.000000                       1.0000      8.9450       11.9553    1.064521e-08
1 May 2024 17:09:21.000              23.010            0.0000        23.010                184.6075             0.0000            0.0000                 0.0000                     0.0000          184.6075                     2.817641                 1.500003                  -161.597               -136.619720                           0.000        0.000             0.000                 0.000                                                                                17.00000000       84.001909       32000.000000                       1.0000      8.9504       11.9607    1.043229e-08
1 May 2024 17:09:51.000              23.010            0.0000        23.010                184.6021             0.0000            0.0000                 0.0000                     0.0000          184.6021                     2.817274                 1.500003                  -161.592               -136.614291                           0.000        0.000             0.000                 0.000                                                                                17.00000000       84.007338       32000.000000                       1.0000      8.9558       11.9661    1.022328e-08
1 May 2024 17:10:21.000              23.010            0.0000        23.010                184.5967             0.0000            0.0000                 0.0000                     0.0000          184.5967                     2.816836                 1.500003                  -161.586               -136.608859                           0.000        0.000             0.000                 0.000                                                                                17.00000000       84.012771       32000.000000                       1.0000      8.9613       11.9716    1.001811e-08
1 May 2024 17:10:51.000              23.010            0.0000        23.010                184.5912             0.0000            0.0000                 0.0000                     0.0000          184.5912                     2.816327                 1.500003                  -161.581               -136.603424                           0.000        0.000             0.000                 0.000                                                                                17.00000000       84.018205       32000.000000                       1.0000      8.9667       11.9770    9.816724e-09
1 May 2024 17:11:21.000              23.010            0.0000        23.010                184.5858             0.0000            0.0000                 0.0000                     0.0000          184.5858                     2.815747                 1.500003                  -161.575               -136.597987                           0.000        0.000             0.000                 0.000                                                                                17.00000000       84.023642       32000.000000                       1.0000      8.9721       11.9824    9.619065e-09
1 May 2024 17:11:51.000              23.010            0.0000        23.010                184.5804             0.0000            0.0000                 0.0000                     0.0000          184.5804                     2.815095                 1.500003                  -161.570               -136.592548                           0.000        0.000             0.000                 0.000                                                                                17.00000000       84.029081       32000.000000                       1.0000      8.9776       11.9879    9.425073e-09
1 May 2024 17:12:21.000              23.010            0.0000        23.010                184.5749             0.0000            0.0000                 0.0000                     0.0000          184.5749                     2.814372                 1.500003                  -161.565               -136.587106                           0.000        0.000             0.000                 0.000                                                                                17.00000000       84.034523       32000.000000                       1.0000      8.9830       11.9933    9.234692e-09
1 May 2024 17:12:51.000              23.010            0.0000        23.010                184.5695             0.0000            0.0000                 0.0000                     0.0000          184.5695                     2.813577                 1.500003                  -161.559               -136.581663                           0.000        0.000             0.000                 0.000                                                                                17.00000000       84.039966       32000.000000                       1.0000      8.9885       11.9988    9.047865e-09
1 May 2024 17:13:21.000              23.010            0.0000        23.010                184.5640             0.0000            0.0000                 0.0000                     0.0000          184.5640                     2.812710                 1.500003                  -161.554               -136.576218                           0.000        0.000             0.000                 0.000                                                                                17.00000000       84.045411       32000.000000                       1.0000      8.9939       12.0042    8.864538e-09
1 May 2024 17:13:51.000              23.010            0.0000        23.010                184.5586             0.0000            0.0000                 0.0000                     0.0000          184.5586                     2.811772                 1.500003                  -161.548               -136.570771                           0.000        0.000             0.000                 0.000                                                                                17.00000000       84.050858       32000.000000                       1.0000      8.9994       12.0097    8.684653e-09
1 May 2024 17:14:21.000              23.010            0.0000        23.010                184.5531             0.0000            0.0000                 0.0000                     0.0000          184.5531                     2.810762                 1.500003                  -161.543               -136.565323                           0.000        0.000             0.000                 0.000                                                                                17.00000000       84.056306       32000.000000                       1.0000      9.0048       12.0151    8.508156e-09
1 May 2024 17:14:51.000              23.010            0.0000        23.010                184.5477             0.0000            0.0000                 0.0000                     0.0000          184.5477                     2.809680                 1.500003                  -161.537               -136.559874                           0.000        0.000             0.000                 0.000                                                                                17.00000000       84.061755       32000.000000                       1.0000      9.0103       12.0206    8.334994e-09
1 May 2024 17:15:21.000              23.010            0.0000        23.010                184.5422             0.0000            0.0000                 0.0000                     0.0000          184.5422                     2.808526                 1.500003                  -161.532               -136.554423                           0.000        0.000             0.000                 0.000                                                                                17.00000000       84.067206       32000.000000                       1.0000      9.0157       12.0260    8.165113e-09
1 May 2024 17:15:51.000              23.010            0.0000        23.010                184.5368             0.0000            0.0000                 0.0000                     0.0000          184.5368                     2.807300                 1.500003                  -161.526               -136.548971                           0.000        0.000             0.000                 0.000                                                                                17.00000000       84.072658       32000.000000                       1.0000      9.0212       12.0315    7.998459e-09
1 May 2024 17:16:21.000              23.010            0.0000        23.010                184.5313             0.0000            0.0000                 0.0000                     0.0000          184.5313                     2.806001                 1.500003                  -161.521               -136.543518                           0.000        0.000             0.000                 0.000                                                                                17.00000000       84.078111       32000.000000                       1.0000      9.0266       12.0369    7.834980e-09
1 May 2024 17:16:51.000              23.010            0.0000        23.010                184.5259             0.0000            0.0000                 0.0000                     0.0000          184.5259                     2.804631                 1.500003                  -161.516               -136.538064                           0.000        0.000             0.000                 0.000                                                                                17.00000000       84.083565       32000.000000                       1.0000      9.0321       12.0424    7.674625e-09
1 May 2024 17:17:21.000              23.010            0.0000        23.010                184.5204             0.0000            0.0000                 0.0000                     0.0000          184.5204                     2.803188                 1.500003                  -161.510               -136.532610                           0.000        0.000             0.000                 0.000                                                                                17.00000000       84.089020       32000.000000                       1.0000      9.0375       12.0478    7.517342e-09
1 May 2024 17:17:51.000              23.010            0.0000        23.010                184.5150             0.0000            0.0000                 0.0000                     0.0000          184.5150                     2.801673                 1.500003                  -161.505               -136.527155                           0.000        0.000             0.000                 0.000                                                                                17.00000000       84.094475       32000.000000                       1.0000      9.0430       12.0533    7.363081e-09
1 May 2024 17:18:21.000              23.010            0.0000        23.010                184.5095             0.0000            0.0000                 0.0000                     0.0000          184.5095                     2.800085                 1.500003                  -161.499               -136.521699                           0.000        0.000             0.000                 0.000                                                                                17.00000000       84.099930       32000.000000                       1.0000      9.0484       12.0587    7.211791e-09
1 May 2024 17:18:51.000              23.010            0.0000        23.010                184.5041             0.0000            0.0000                 0.0000                     0.0000          184.5041                     2.798425                 1.500003                  -161.494               -136.516243                           0.000        0.000             0.000                 0.000                                                                                17.00000000       84.105386       32000.000000                       1.0000      9.0539       12.0642    7.063423e-09
1 May 2024 17:19:21.000              23.010            0.0000        23.010                184.4986             0.0000            0.0000                 0.0000                     0.0000          184.4986                     2.796692                 1.500003                  -161.488               -136.510788                           0.000        0.000             0.000                 0.000                                                                                17.00000000       84.110841       32000.000000                       1.0000      9.0593       12.0696    6.917929e-09
1 May 2024 17:19:51.000              23.010            0.0000        23.010                184.4931             0.0000            0.0000                 0.0000                     0.0000          184.4931                     2.794887                 1.500003                  -161.483               -136.505332                           0.000        0.000             0.000                 0.000                                                                                17.00000000       84.116297       32000.000000                       1.0000      9.0648       12.0751    6.775260e-09
1 May 2024 17:20:21.000              23.010            0.0000        23.010                184.4877             0.0000            0.0000                 0.0000                     0.0000          184.4877                     2.793009                 1.500003                  -161.477               -136.499876                           0.000        0.000             0.000                 0.000                                                                                17.00000000       84.121753       32000.000000                       1.0000      9.0703       12.0806    6.635368e-09
1 May 2024 17:20:51.000              23.010            0.0000        23.010                184.4822             0.0000            0.0000                 0.0000                     0.0000          184.4822                     2.791058                 1.500003                  -161.472               -136.494421                           0.000        0.000             0.000                 0.000                                                                                17.00000000       84.127208       32000.000000                       1.0000      9.0757       12.0860    6.498207e-09
1 May 2024 17:21:21.000              23.010            0.0000        23.010                184.4768             0.0000            0.0000                 0.0000                     0.0000          184.4768                     2.789034                 1.500003                  -161.466               -136.488966                           0.000        0.000             0.000                 0.000                                                                                17.00000000       84.132663       32000.000000                       1.0000      9.0812       12.0915    6.363729e-09
1 May 2024 17:21:51.000              23.010            0.0000        23.010                184.4713             0.0000            0.0000                 0.0000                     0.0000          184.4713                     2.786938                 1.500003                  -161.461               -136.483512                           0.000        0.000             0.000                 0.000                                                                                17.00000000       84.138117       32000.000000                       1.0000      9.0866       12.0969    6.231890e-09
1 May 2024 17:22:21.000              23.010            0.0000        23.010                184.4659             0.0000            0.0000                 0.0000                     0.0000          184.4659                     2.784768                 1.500003                  -161.456               -136.478058                           0.000        0.000             0.000                 0.000                                                                                17.00000000       84.143571       32000.000000                       1.0000      9.0921       12.1024    6.102643e-09
1 May 2024 17:22:51.000              23.010            0.0000        23.010                184.4604             0.0000            0.0000                 0.0000                     0.0000          184.4604                     2.782526                 1.500003                  -161.450               -136.472606                           0.000        0.000             0.000                 0.000                                                                                17.00000000       84.149023       32000.000000                       1.0000      9.0975       12.1078    5.975944e-09
1 May 2024 17:23:21.000              23.010            0.0000        23.010                184.4550             0.0000            0.0000                 0.0000                     0.0000          184.4550                     2.780210                 1.500003                  -161.445               -136.467154                           0.000        0.000             0.000                 0.000                                                                                17.00000000       84.154475       32000.000000                       1.0000      9.1030       12.1133    5.851750e-09
1 May 2024 17:23:51.000              23.010            0.0000        23.010                184.4495             0.0000            0.0000                 0.0000                     0.0000          184.4495                     2.777821                 1.500003                  -161.439               -136.461704                           0.000        0.000             0.000                 0.000                                                                                17.00000000       84.159925       32000.000000                       1.0000      9.1084       12.1187    5.730015e-09
1 May 2024 17:24:21.000              23.010            0.0000        23.010                184.4441             0.0000            0.0000                 0.0000                     0.0000          184.4441                     2.775360                 1.500003                  -161.434               -136.456255                           0.000        0.000             0.000                 0.000                                                                                17.00000000       84.165374       32000.000000                       1.0000      9.1139       12.1242    5.610698e-09
1 May 2024 17:24:51.000              23.010            0.0000        23.010                184.4386             0.0000            0.0000                 0.0000                     0.0000          184.4386                     2.772825                 1.500003                  -161.428               -136.450807                           0.000        0.000             0.000                 0.000                                                                                17.00000000       84.170822       32000.000000                       1.0000      9.1193       12.1296    5.493756e-09
1 May 2024 17:25:21.000              23.010            0.0000        23.010                184.4332             0.0000            0.0000                 0.0000                     0.0000          184.4332                     2.770216                 1.500003                  -161.423               -136.445361                           0.000        0.000             0.000                 0.000                                                                                17.00000000       84.176268       32000.000000                       1.0000      9.1248       12.1351    5.379147e-09
1 May 2024 17:25:51.000              23.010            0.0000        23.010                184.4277             0.0000            0.0000                 0.0000                     0.0000          184.4277                     2.767535                 1.500003                  -161.417               -136.439917                           0.000        0.000             0.000                 0.000                                                                                17.00000000       84.181712       32000.000000                       1.0000      9.1302       12.1405    5.266829e-09
1 May 2024 17:26:21.000              23.010            0.0000        23.010                184.4223             0.0000            0.0000                 0.0000                     0.0000          184.4223                     2.764780                 1.500003                  -161.412               -136.434475                           0.000        0.000             0.000                 0.000                                                                                17.00000000       84.187154       32000.000000                       1.0000      9.1357       12.1460    5.156763e-09
1 May 2024 17:26:51.000              23.010            0.0000        23.010                184.4168             0.0000            0.0000                 0.0000                     0.0000          184.4168                     2.761952                 1.500003                  -161.407               -136.429035                           0.000        0.000             0.000                 0.000                                                                                17.00000000       84.192594       32000.000000                       1.0000      9.1411       12.1514    5.048908e-09
1 May 2024 17:27:21.000              23.010            0.0000        23.010                184.4114             0.0000            0.0000                 0.0000                     0.0000          184.4114                     2.759050                 1.500003                  -161.401               -136.423597                           0.000        0.000             0.000                 0.000                                                                                17.00000000       84.198032       32000.000000                       1.0000      9.1465       12.1568    4.943224e-09
1 May 2024 17:27:51.000              23.010            0.0000        23.010                184.4060             0.0000            0.0000                 0.0000                     0.0000          184.4060                     2.756075                 1.500003                  -161.396               -136.418162                           0.000        0.000             0.000                 0.000                                                                                17.00000000       84.203467       32000.000000                       1.0000      9.1520       12.1623    4.839673e-09
1 May 2024 17:28:21.000              23.010            0.0000        23.010                184.4005             0.0000            0.0000                 0.0000                     0.0000          184.4005                     2.753026                 1.500003                  -161.390               -136.412729                           0.000        0.000             0.000                 0.000                                                                                17.00000000       84.208900       32000.000000                       1.0000      9.1574       12.1677    4.738215e-09
1 May 2024 17:28:51.000              23.010            0.0000        23.010                184.3951             0.0000            0.0000                 0.0000                     0.0000          184.3951                     2.749904                 1.500003                  -161.385               -136.407299                           0.000        0.000             0.000                 0.000                                                                                17.00000000       84.214331       32000.000000                       1.0000      9.1628       12.1731    4.638813e-09
1 May 2024 17:29:21.000              23.010            0.0000        23.010                184.3897             0.0000            0.0000                 0.0000                     0.0000          184.3897                     2.746709                 1.500003                  -161.379               -136.401871                           0.000        0.000             0.000                 0.000                                                                                17.00000000       84.219758       32000.000000                       1.0000      9.1683       12.1786    4.541430e-09
1 May 2024 17:29:51.000              23.010            0.0000        23.010                184.3843             0.0000            0.0000                 0.0000                     0.0000          184.3843                     2.743440                 1.500003                  -161.374               -136.396447                           0.000        0.000             0.000                 0.000                                                                                17.00000000       84.225182       32000.000000                       1.0000      9.1737       12.1840    4.446029e-09
1 May 2024 17:30:21.000              23.010            0.0000        23.010                184.3788             0.0000            0.0000                 0.0000                     0.0000          184.3788                     2.740097                 1.500003                  -161.369               -136.391026                           0.000        0.000             0.000                 0.000                                                                                17.00000000       84.230604       32000.000000                       1.0000      9.1791       12.1894    4.352573e-09
1 May 2024 17:30:51.000              23.010            0.0000        23.010                184.3734             0.0000            0.0000                 0.0000                     0.0000          184.3734                     2.736680                 1.500003                  -161.363               -136.385608                           0.000        0.000             0.000                 0.000                                                                                17.00000000       84.236022       32000.000000                       1.0000      9.1845       12.1948    4.261026e-09
1 May 2024 17:31:21.000              23.010            0.0000        23.010                184.3680             0.0000            0.0000                 0.0000                     0.0000          184.3680                     2.733191                 1.500003                  -161.358               -136.380193                           0.000        0.000             0.000                 0.000                                                                                17.00000000       84.241436       32000.000000                       1.0000      9.1899       12.2002    4.171354e-09
1 May 2024 17:31:51.000              23.010            0.0000        23.010                184.3626             0.0000            0.0000                 0.0000                     0.0000          184.3626                     2.729627                 1.500003                  -161.352               -136.374782                           0.000        0.000             0.000                 0.000                                                                                17.00000000       84.246847       32000.000000                       1.0000      9.1953       12.2056    4.083522e-09
1 May 2024 17:32:21.000              23.010            0.0000        23.010                184.3572             0.0000            0.0000                 0.0000                     0.0000          184.3572                     2.725990                 1.500003                  -161.347               -136.369375                           0.000        0.000             0.000                 0.000                                                                                17.00000000       84.252254       32000.000000                       1.0000      9.2008       12.2111    3.997495e-09
1 May 2024 17:32:51.000              23.010            0.0000        23.010                184.3518             0.0000            0.0000                 0.0000                     0.0000          184.3518                     2.722279                 1.500003                  -161.341               -136.363972                           0.000        0.000             0.000                 0.000                                                                                17.00000000       84.257657       32000.000000                       1.0000      9.2062       12.2165    3.913240e-09
1 May 2024 17:33:21.000              23.010            0.0000        23.010                184.3464             0.0000            0.0000                 0.0000                     0.0000          184.3464                     2.718494                 1.500003                  -161.336               -136.358573                           0.000        0.000             0.000                 0.000                                                                                17.00000000       84.263056       32000.000000                       1.0000      9.2116       12.2219    3.830723e-09
1 May 2024 17:33:51.000              23.010            0.0000        23.010                184.3410             0.0000            0.0000                 0.0000                     0.0000          184.3410                     2.714636                 1.500003                  -161.331               -136.353178                           0.000        0.000             0.000                 0.000                                                                                17.00000000       84.268451       32000.000000                       1.0000      9.2170       12.2273    3.749913e-09
1 May 2024 17:34:21.000              23.010            0.0000        23.010                184.3356             0.0000            0.0000                 0.0000                     0.0000          184.3356                     2.710704                 1.500003                  -161.325               -136.347787                           0.000        0.000             0.000                 0.000                                                                                17.00000000       84.273842       32000.000000                       1.0000      9.2223       12.2326    3.670776e-09
1 May 2024 17:34:51.000              23.010            0.0000        23.010                184.3302             0.0000            0.0000                 0.0000                     0.0000          184.3302                     2.706698                 1.500003                  -161.320               -136.342401                           0.000        0.000             0.000                 0.000                                                                                17.00000000       84.279228       32000.000000                       1.0000      9.2277       12.2380    3.593281e-09
1 May 2024 17:35:21.000              23.010            0.0000        23.010                184.3248             0.0000            0.0000                 0.0000                     0.0000          184.3248                     2.702619                 1.500003                  -161.315               -136.337020                           0.000        0.000             0.000                 0.000                                                                                17.00000000       84.284609       32000.000000                       1.0000      9.2331       12.2434    3.517398e-09
1 May 2024 17:35:51.000              23.010            0.0000        23.010                184.3195             0.0000            0.0000                 0.0000                     0.0000          184.3195                     2.698466                 1.500003                  -161.309               -136.331644                           0.000        0.000             0.000                 0.000                                                                                17.00000000       84.289985       32000.000000                       1.0000      9.2385       12.2488    3.443094e-09
1 May 2024 17:36:21.000              23.010            0.0000        23.010                184.3141             0.0000            0.0000                 0.0000                     0.0000          184.3141                     2.694239                 1.500003                  -161.304               -136.326272                           0.000        0.000             0.000                 0.000                                                                                17.00000000       84.295357       32000.000000                       1.0000      9.2439       12.2542    3.370341e-09
1 May 2024 17:36:51.000              23.010            0.0000        23.010                184.3087             0.0000            0.0000                 0.0000                     0.0000          184.3087                     2.689938                 1.500003                  -161.298               -136.320906                           0.000        0.000             0.000                 0.000                                                                                17.00000000       84.300723       32000.000000                       1.0000      9.2492       12.2595    3.299108e-09
1 May 2024 17:37:21.000              23.010            0.0000        23.010                184.3034             0.0000            0.0000                 0.0000                     0.0000          184.3034                     2.685564                 1.500003                  -161.293               -136.315545                           0.000        0.000             0.000                 0.000                                                                                17.00000000       84.306084       32000.000000                       1.0000      9.2546       12.2649    3.229367e-09
1 May 2024 17:37:51.000              23.010            0.0000        23.010                184.2980             0.0000            0.0000                 0.0000                     0.0000          184.2980                     2.681116                 1.500003                  -161.288               -136.310190                           0.000        0.000             0.000                 0.000                                                                                17.00000000       84.311439       32000.000000                       1.0000      9.2599       12.2702    3.161087e-09
1 May 2024 17:38:21.000              23.010            0.0000        23.010                184.2927             0.0000            0.0000                 0.0000                     0.0000          184.2927                     2.676595                 1.500003                  -161.282               -136.304840                           0.000        0.000             0.000                 0.000                                                                                17.00000000       84.316789       32000.000000                       1.0000      9.2653       12.2756    3.094242e-09
1 May 2024 17:38:51.000              23.010            0.0000        23.010                184.2873             0.0000            0.0000                 0.0000                     0.0000          184.2873                     2.672000                 1.500003                  -161.277               -136.299496                           0.000        0.000             0.000                 0.000                                                                                17.00000000       84.322133       32000.000000                       1.0000      9.2706       12.2809    3.028804e-09
1 May 2024 17:39:21.000              23.010            0.0000        23.010                184.2820             0.0000            0.0000                 0.0000                     0.0000          184.2820                     2.667331                 1.500003                  -161.272               -136.294159                           0.000        0.000             0.000                 0.000                                                                                17.00000000       84.327471       32000.000000                       1.0000      9.2760       12.2863    2.964744e-09
1 May 2024 17:39:51.000              23.010            0.0000        23.010                184.2766             0.0000            0.0000                 0.0000                     0.0000          184.2766                     2.662588                 1.500003                  -161.266               -136.288827                           0.000        0.000             0.000                 0.000                                                                                17.00000000       84.332802       32000.000000                       1.0000      9.2813       12.2916    2.902036e-09
1 May 2024 17:40:21.000              23.010            0.0000        23.010                184.2713             0.0000            0.0000                 0.0000                     0.0000          184.2713                     2.657772                 1.500003                  -161.261               -136.283501                           0.000        0.000             0.000                 0.000                                                                                17.00000000       84.338128       32000.000000                       1.0000      9.2866       12.2969    2.840654e-09
1 May 2024 17:40:51.000              23.010            0.0000        23.010                184.2660             0.0000            0.0000                 0.0000                     0.0000          184.2660                     2.652883                 1.500003                  -161.256               -136.278182                           0.000        0.000             0.000                 0.000                                                                                17.00000000       84.343447       32000.000000                       1.0000      9.2919       12.3022    2.780571e-09
1 May 2024 17:41:21.000              23.010            0.0000        23.010                184.2607             0.0000            0.0000                 0.0000                     0.0000          184.2607                     2.647919                 1.500003                  -161.250               -136.272870                           0.000        0.000             0.000                 0.000                                                                                17.00000000       84.348759       32000.000000                       1.0000      9.2973       12.3076    2.721762e-09
1 May 2024 17:41:51.000              23.010            0.0000        23.010                184.2554             0.0000            0.0000                 0.0000                     0.0000          184.2554                     2.642883                 1.500003                  -161.245               -136.267564                           0.000        0.000             0.000                 0.000                                                                                17.00000000       84.354065       32000.000000                       1.0000      9.3026       12.3129    2.664201e-09
1 May 2024 17:42:21.000              23.010            0.0000        23.010                184.2501             0.0000            0.0000                 0.0000                     0.0000          184.2501                     2.637772                 1.500003                  -161.240               -136.262266                           0.000        0.000             0.000                 0.000                                                                                17.00000000       84.359363       32000.000000                       1.0000      9.3079       12.3182    2.607865e-09
1 May 2024 17:42:51.000              23.010            0.0000        23.010                184.2448             0.0000            0.0000                 0.0000                     0.0000          184.2448                     2.632589                 1.500003                  -161.234               -136.256974                           0.000        0.000             0.000                 0.000                                                                                17.00000000       84.364655       32000.000000                       1.0000      9.3132       12.3235    2.552728e-09
1 May 2024 17:43:21.000              23.010            0.0000        23.010                184.2395             0.0000            0.0000                 0.0000                     0.0000          184.2395                     2.627331                 1.500003                  -161.229               -136.251690                           0.000        0.000             0.000                 0.000                                                                                17.00000000       84.369939       32000.000000                       1.0000      9.3184       12.3287    2.498768e-09
1 May 2024 17:43:51.000              23.010            0.0000        23.010                184.2342             0.0000            0.0000                 0.0000                     0.0000          184.2342                     2.622001                 1.500003                  -161.224               -136.246413                           0.000        0.000             0.000                 0.000                                                                                17.00000000       84.375216       32000.000000                       1.0000      9.3237       12.3340    2.445959e-09
1 May 2024 17:44:21.000              23.010            0.0000        23.010                184.2290             0.0000            0.0000                 0.0000                     0.0000          184.2290                     2.616597                 1.500003                  -161.219               -136.241144                           0.000        0.000             0.000                 0.000                                                                                17.00000000       84.380486       32000.000000                       1.0000      9.3290       12.3393    2.394279e-09
1 May 2024 17:44:51.000              23.010            0.0000        23.010                184.2237             0.0000            0.0000                 0.0000                     0.0000          184.2237                     2.611120                 1.500003                  -161.213               -136.235882                           0.000        0.000             0.000                 0.000                                                                                17.00000000       84.385747       32000.000000                       1.0000      9.3342       12.3445    2.343707e-09
1 May 2024 17:45:21.000              23.010            0.0000        23.010                184.2184             0.0000            0.0000                 0.0000                     0.0000          184.2184                     2.605569                 1.500003                  -161.208               -136.230628                           0.000        0.000             0.000                 0.000                                                                                17.00000000       84.391001       32000.000000                       1.0000      9.3395       12.3498    2.294218e-09
1 May 2024 17:45:51.000              23.010            0.0000        23.010                184.2132             0.0000            0.0000                 0.0000                     0.0000          184.2132                     2.599945                 1.500003                  -161.203               -136.225383                           0.000        0.000             0.000                 0.000                                                                                17.00000000       84.396246       32000.000000                       1.0000      9.3447       12.3550    2.245792e-09
1 May 2024 17:46:21.000              23.010            0.0000        23.010                184.2080             0.0000            0.0000                 0.0000                     0.0000          184.2080                     2.594249                 1.500003                  -161.198               -136.220146                           0.000        0.000             0.000                 0.000                                                                                17.00000000       84.401483       32000.000000                       1.0000      9.3500       12.3603    2.198406e-09
1 May 2024 17:46:51.000              23.010            0.0000        23.010                184.2027             0.0000            0.0000                 0.0000                     0.0000          184.2027                     2.588479                 1.500003                  -161.192               -136.214917                           0.000        0.000             0.000                 0.000                                                                                17.00000000       84.406712       32000.000000                       1.0000      9.3552       12.3655    2.152040e-09
1 May 2024 17:47:21.000              23.010            0.0000        23.010                184.1975             0.0000            0.0000                 0.0000                     0.0000          184.1975                     2.582636                 1.500003                  -161.187               -136.209696                           0.000        0.000             0.000                 0.000                                                                                17.00000000       84.411933       32000.000000                       1.0000      9.3604       12.3707    2.106673e-09
1 May 2024 17:47:51.000              23.010            0.0000        23.010                184.1923             0.0000            0.0000                 0.0000                     0.0000          184.1923                     2.576719                 1.500003                  -161.182               -136.204485                           0.000        0.000             0.000                 0.000                                                                                17.00000000       84.417144       32000.000000                       1.0000      9.3656       12.3759    2.062285e-09
1 May 2024 17:48:21.000              23.010            0.0000        23.010                184.1871             0.0000            0.0000                 0.0000                     0.0000          184.1871                     2.570730                 1.500003                  -161.177               -136.199282                           0.000        0.000             0.000                 0.000                                                                                17.00000000       84.422347       32000.000000                       1.0000      9.3708       12.3811    2.018855e-09
1 May 2024 17:48:51.000              23.010            0.0000        23.010                184.1819             0.0000            0.0000                 0.0000                     0.0000          184.1819                     2.564669                 1.500003                  -161.172               -136.194089                           0.000        0.000             0.000                 0.000                                                                                17.00000000       84.427540       32000.000000                       1.0000      9.3760       12.3863    1.976365e-09
1 May 2024 17:49:21.000              23.010            0.0000        23.010                184.1767             0.0000            0.0000                 0.0000                     0.0000          184.1767                     2.558534                 1.500003                  -161.166               -136.188904                           0.000        0.000             0.000                 0.000                                                                                17.00000000       84.432725       32000.000000                       1.0000      9.3812       12.3915    1.934793e-09
1 May 2024 17:49:51.000              23.010            0.0000        23.010                184.1715             0.0000            0.0000                 0.0000                     0.0000          184.1715                     2.552326                 1.500003                  -161.161               -136.183729                           0.000        0.000             0.000                 0.000                                                                                17.00000000       84.437900       32000.000000                       1.0000      9.3864       12.3967    1.894123e-09
1 May 2024 17:50:21.000              23.010            0.0000        23.010                184.1664             0.0000            0.0000                 0.0000                     0.0000          184.1664                     2.546046                 1.500003                  -161.156               -136.178564                           0.000        0.000             0.000                 0.000                                                                                17.00000000       84.443065       32000.000000                       1.0000      9.3916       12.4019    1.854335e-09
1 May 2024 17:50:51.000              23.010            0.0000        23.010                184.1612             0.0000            0.0000                 0.0000                     0.0000          184.1612                     2.539694                 1.500003                  -161.151               -136.173409                           0.000        0.000             0.000                 0.000                                                                                17.00000000       84.448221       32000.000000                       1.0000      9.3967       12.4070    1.815410e-09
1 May 2024 17:51:21.000              23.010            0.0000        23.010                184.1561             0.0000            0.0000                 0.0000                     0.0000          184.1561                     2.533268                 1.500003                  -161.146               -136.168263                           0.000        0.000             0.000                 0.000                                                                                17.00000000       84.453366       32000.000000                       1.0000      9.4019       12.4122    1.777332e-09
1 May 2024 17:51:51.000              23.010            0.0000        23.010                184.1509             0.0000            0.0000                 0.0000                     0.0000          184.1509                     2.526771                 1.500003                  -161.141               -136.163127                           0.000        0.000             0.000                 0.000                                                                                17.00000000       84.458502       32000.000000                       1.0000      9.4070       12.4173    1.740082e-09
1 May 2024 17:52:21.000              23.010            0.0000        23.010                184.1458             0.0000            0.0000                 0.0000                     0.0000          184.1458                     2.520201                 1.500003                  -161.136               -136.158002                           0.000        0.000             0.000                 0.000                                                                                17.00000000       84.463627       32000.000000                       1.0000      9.4121       12.4224    1.703643e-09
1 May 2024 17:52:51.000              23.010            0.0000        23.010                184.1407             0.0000            0.0000                 0.0000                     0.0000          184.1407                     2.513558                 1.500003                  -161.130               -136.152887                           0.000        0.000             0.000                 0.000                                                                                17.00000000       84.468742       32000.000000                       1.0000      9.4172       12.4275    1.667998e-09
1 May 2024 17:53:21.000              23.010            0.0000        23.010                184.1356             0.0000            0.0000                 0.0000                     0.0000          184.1356                     2.506844                 1.500003                  -161.125               -136.147782                           0.000        0.000             0.000                 0.000                                                                                17.00000000       84.473847       32000.000000                       1.0000      9.4223       12.4326    1.633131e-09
1 May 2024 17:53:51.000              23.010            0.0000        23.010                184.1305             0.0000            0.0000                 0.0000                     0.0000          184.1305                     2.500057                 1.500003                  -161.120               -136.142689                           0.000        0.000             0.000                 0.000                                                                                17.00000000       84.478940       32000.000000                       1.0000      9.4274       12.4377    1.599025e-09
1 May 2024 17:54:21.000              23.010            0.0000        23.010                184.1254             0.0000            0.0000                 0.0000                     0.0000          184.1254                     2.493198                 1.500002                  -161.115               -136.137606                           0.000        0.000             0.000                 0.000                                                                                17.00000000       84.484023       32000.000000                       1.0000      9.4325       12.4428    1.565665e-09
1 May 2024 17:54:51.000              23.010            0.0000        23.010                184.1203             0.0000            0.0000                 0.0000                     0.0000          184.1203                     2.486268                 1.500002                  -161.110               -136.132534                           0.000        0.000             0.000                 0.000                                                                                17.00000000       84.489095       32000.000000                       1.0000      9.4376       12.4479    1.533034e-09
1 May 2024 17:55:21.000              23.010            0.0000        23.010                184.1153             0.0000            0.0000                 0.0000                     0.0000          184.1153                     2.479266                 1.500002                  -161.105               -136.127474                           0.000        0.000             0.000                 0.000                                                                                17.00000000       84.494155       32000.000000                       1.0000      9.4427       12.4530    1.501117e-09
1 May 2024 17:55:51.000              23.010            0.0000        23.010                184.1102             0.0000            0.0000                 0.0000                     0.0000          184.1102                     2.472192                 1.500002                  -161.100               -136.122425                           0.000        0.000             0.000                 0.000                                                                                17.00000000       84.499205       32000.000000                       1.0000      9.4477       12.4580    1.469900e-09
1 May 2024 17:56:21.000              23.010            0.0000        23.010                184.1052             0.0000            0.0000                 0.0000                     0.0000          184.1052                     2.465046                 1.500002                  -161.095               -136.117387                           0.000        0.000             0.000                 0.000                                                                                17.00000000       84.504242       32000.000000                       1.0000      9.4527       12.4630    1.439367e-09
1 May 2024 17:56:51.000              23.010            0.0000        23.010                184.1002             0.0000            0.0000                 0.0000                     0.0000          184.1002                     2.457829                 1.500002                  -161.090               -136.112361                           0.000        0.000             0.000                 0.000                                                                                17.00000000       84.509268       32000.000000                       1.0000      9.4578       12.4681    1.409503e-09
1 May 2024 17:57:21.000              23.010            0.0000        23.010                184.0952             0.0000            0.0000                 0.0000                     0.0000          184.0952                     2.450540                 1.500002                  -161.085               -136.107348                           0.000        0.000             0.000                 0.000                                                                                17.00000000       84.514282       32000.000000                       1.0000      9.4628       12.4731    1.380296e-09
1 May 2024 17:57:51.000              23.010            0.0000        23.010                184.0902             0.0000            0.0000                 0.0000                     0.0000          184.0902                     2.443180                 1.500002                  -161.080               -136.102346                           0.000        0.000             0.000                 0.000                                                                                17.00000000       84.519283       32000.000000                       1.0000      9.4678       12.4781    1.351730e-09
1 May 2024 17:58:21.000              23.010            0.0000        23.010                184.0852             0.0000            0.0000                 0.0000                     0.0000          184.0852                     2.435749                 1.500002                  -161.075               -136.097356                           0.000        0.000             0.000                 0.000                                                                                17.00000000       84.524273       32000.000000                       1.0000      9.4728       12.4831    1.323792e-09
1 May 2024 17:58:51.000              23.010            0.0000        23.010                184.0802             0.0000            0.0000                 0.0000                     0.0000          184.0802                     2.428247                 1.500002                  -161.070               -136.092379                           0.000        0.000             0.000                 0.000                                                                                17.00000000       84.529250       32000.000000                       1.0000      9.4778       12.4881    1.296468e-09
1 May 2024 17:59:21.000              23.010            0.0000        23.010                184.0752             0.0000            0.0000                 0.0000                     0.0000          184.0752                     2.420674                 1.500002                  -161.065               -136.087415                           0.000        0.000             0.000                 0.000                                                                                17.00000000       84.534214       32000.000000                       1.0000      9.4827       12.4930    1.269746e-09
1 May 2024 17:59:51.000              23.010            0.0000        23.010                184.0703             0.0000            0.0000                 0.0000                     0.0000          184.0703                     2.413030                 1.500002                  -161.060               -136.082463                           0.000        0.000             0.000                 0.000                                                                                17.00000000       84.539166       32000.000000                       1.0000      9.4877       12.4980    1.243613e-09
1 May 2024 18:00:21.000              23.010            0.0000        23.010                184.0653             0.0000            0.0000                 0.0000                     0.0000          184.0653                     2.405316                 1.500002                  -161.055               -136.077524                           0.000        0.000             0.000                 0.000                                                                                17.00000000       84.544105       32000.000000                       1.0000      9.4926       12.5029    1.218055e-09
1 May 2024 18:00:51.000              23.010            0.0000        23.010                184.0604             0.0000            0.0000                 0.0000                     0.0000          184.0604                     2.397531                 1.500002                  -161.050               -136.072598                           0.000        0.000             0.000                 0.000                                                                                17.00000000       84.549031       32000.000000                       1.0000      9.4975       12.5078    1.193061e-09
1 May 2024 18:01:21.000              23.010            0.0000        23.010                184.0555             0.0000            0.0000                 0.0000                     0.0000          184.0555                     2.389676                 1.500002                  -161.045               -136.067686                           0.000        0.000             0.000                 0.000                                                                                17.00000000       84.553943       32000.000000                       1.0000      9.5024       12.5127    1.168619e-09
1 May 2024 18:01:51.000              23.010            0.0000        23.010                184.0506             0.0000            0.0000                 0.0000                     0.0000          184.0506                     2.381750                 1.500002                  -161.040               -136.062787                           0.000        0.000             0.000                 0.000                                                                                17.00000000       84.558842       32000.000000                       1.0000      9.5073       12.5176    1.144716e-09
1 May 2024 18:02:21.000              23.010            0.0000        23.010                184.0457             0.0000            0.0000                 0.0000                     0.0000          184.0457                     2.373754                 1.500002                  -161.035               -136.057901                           0.000        0.000             0.000                 0.000                                                                                17.00000000       84.563728       32000.000000                       1.0000      9.5122       12.5225    1.121340e-09
1 May 2024 18:02:51.000              23.010            0.0000        23.010                184.0408             0.0000            0.0000                 0.0000                     0.0000          184.0408                     2.365688                 1.500002                  -161.031               -136.053030                           0.000        0.000             0.000                 0.000                                                                                17.00000000       84.568599       32000.000000                       1.0000      9.5171       12.5274    1.098482e-09
1 May 2024 18:03:21.000              23.010            0.0000        23.010                184.0360             0.0000            0.0000                 0.0000                     0.0000          184.0360                     2.357553                 1.500002                  -161.026               -136.048172                           0.000        0.000             0.000                 0.000                                                                                17.00000000       84.573457       32000.000000                       1.0000      9.5220       12.5323    1.076128e-09
1 May 2024 18:03:51.000              23.010            0.0000        23.010                184.0311             0.0000            0.0000                 0.0000                     0.0000          184.0311                     2.349347                 1.500002                  -161.021               -136.043328                           0.000        0.000             0.000                 0.000                                                                                17.00000000       84.578301       32000.000000                       1.0000      9.5268       12.5371    1.054268e-09
1 May 2024 18:04:21.000              23.010            0.0000        23.010                184.0263             0.0000            0.0000                 0.0000                     0.0000          184.0263                     2.341072                 1.500002                  -161.016               -136.038499                           0.000        0.000             0.000                 0.000                                                                                17.00000000       84.583130       32000.000000                       1.0000      9.5316       12.5419    1.032893e-09
1 May 2024 18:04:51.000              23.010            0.0000        23.010                184.0215             0.0000            0.0000                 0.0000                     0.0000          184.0215                     2.332728                 1.500002                  -161.011               -136.033684                           0.000        0.000             0.000                 0.000                                                                                17.00000000       84.587945       32000.000000                       1.0000      9.5364       12.5467    1.011990e-09
1 May 2024 18:05:21.000              23.010            0.0000        23.010                184.0167             0.0000            0.0000                 0.0000                     0.0000          184.0167                     2.324315                 1.500002                  -161.006               -136.028884                           0.000        0.000             0.000                 0.000                                                                                17.00000000       84.592746       32000.000000                       1.0000      9.5412       12.5515    9.915494e-10
1 May 2024 18:05:51.000              23.010            0.0000        23.010                184.0119             0.0000            0.0000                 0.0000                     0.0000          184.0119                     2.315832                 1.500002                  -161.002               -136.024098                           0.000        0.000             0.000                 0.000                                                                                17.00000000       84.597531       32000.000000                       1.0000      9.5460       12.5563    9.715617e-10
1 May 2024 18:06:21.000              23.010            0.0000        23.010                184.0071             0.0000            0.0000                 0.0000                     0.0000          184.0071                     2.307280                 1.500002                  -160.997               -136.019327                           0.000        0.000             0.000                 0.000                                                                                17.00000000       84.602302       32000.000000                       1.0000      9.5508       12.5611    9.520168e-10
1 May 2024 18:06:51.000              23.010            0.0000        23.010                184.0024             0.0000            0.0000                 0.0000                     0.0000          184.0024                     2.298660                 1.500002                  -160.992               -136.014572                           0.000        0.000             0.000                 0.000                                                                                17.00000000       84.607057       32000.000000                       1.0000      9.5556       12.5659    9.329048e-10
1 May 2024 18:07:21.000              23.010            0.0000        23.010                183.9976             0.0000            0.0000                 0.0000                     0.0000          183.9976                     2.289971                 1.500002                  -160.987               -136.009832                           0.000        0.000             0.000                 0.000                                                                                17.00000000       84.611797       32000.000000                       1.0000      9.5603       12.5706    9.142164e-10
1 May 2024 18:07:51.000              23.010            0.0000        23.010                183.9929             0.0000            0.0000                 0.0000                     0.0000          183.9929                     2.281214                 1.500002                  -160.983               -136.005107                           0.000        0.000             0.000                 0.000                                                                                17.00000000       84.616522       32000.000000                       1.0000      9.5650       12.5753    8.959423e-10
1 May 2024 18:08:21.000              23.010            0.0000        23.010                183.9882             0.0000            0.0000                 0.0000                     0.0000          183.9882                     2.272388                 1.500002                  -160.978               -136.000398                           0.000        0.000             0.000                 0.000                                                                                17.00000000       84.621231       32000.000000                       1.0000      9.5697       12.5800    8.780732e-10
1 May 2024 18:08:51.000              23.010            0.0000        23.010                183.9835             0.0000            0.0000                 0.0000                     0.0000          183.9835                     2.263495                 1.500002                  -160.973               -135.995704                           0.000        0.000             0.000                 0.000                                                                                17.00000000       84.625925       32000.000000                       1.0000      9.5744       12.5847    8.606005e-10
1 May 2024 18:09:21.000              23.010            0.0000        23.010                183.9788             0.0000            0.0000                 0.0000                     0.0000          183.9788                     2.254533                 1.500002                  -160.969               -135.991027                           0.000        0.000             0.000                 0.000                                                                                17.00000000       84.630602       32000.000000                       1.0000      9.5791       12.5894    8.435152e-10
1 May 2024 18:09:51.000              23.010            0.0000        23.010                183.9742             0.0000            0.0000                 0.0000                     0.0000          183.9742                     2.245504                 1.500002                  -160.964               -135.986366                           0.000        0.000             0.000                 0.000                                                                                17.00000000       84.635263       32000.000000                       1.0000      9.5838       12.5941    8.268090e-10
1 May 2024 18:10:21.000              23.010            0.0000        23.010                183.9695             0.0000            0.0000                 0.0000                     0.0000          183.9695                     2.236408                 1.500002                  -160.959               -135.981721                           0.000        0.000             0.000                 0.000                                                                                17.00000000       84.639908       32000.000000                       1.0000      9.5884       12.5987    8.104733e-10
1 May 2024 18:10:51.000              23.010            0.0000        23.010                183.9649             0.0000            0.0000                 0.0000                     0.0000          183.9649                     2.227244                 1.500002                  -160.955               -135.977092                           0.000        0.000             0.000                 0.000                                                                                17.00000000       84.644537       32000.000000                       1.0000      9.5930       12.6033    7.945001e-10
1 May 2024 18:11:21.000              23.010            0.0000        23.010                183.9603             0.0000            0.0000                 0.0000                     0.0000          183.9603                     2.218012                 1.500002                  -160.950               -135.972480                           0.000        0.000             0.000                 0.000                                                                                17.00000000       84.649149       32000.000000                       1.0000      9.5976       12.6079    7.788814e-10
1 May 2024 18:11:51.000              23.010            0.0000        23.010                183.9557             0.0000            0.0000                 0.0000                     0.0000          183.9557                     2.208714                 1.500002                  -160.945               -135.967885                           0.000        0.000             0.000                 0.000                                                                                17.00000000       84.653744       32000.000000                       1.0000      9.6022       12.6125    7.636093e-10
1 May 2024 18:12:21.000              23.010            0.0000        23.010                183.9511             0.0000            0.0000                 0.0000                     0.0000          183.9511                     2.199350                 1.500002                  -160.941               -135.963307                           0.000        0.000             0.000                 0.000                                                                                17.00000000       84.658322       32000.000000                       1.0000      9.6068       12.6171    7.486760e-10
1 May 2024 18:12:51.000              23.010            0.0000        23.010                183.9466             0.0000            0.0000                 0.0000                     0.0000          183.9466                     2.189918                 1.500002                  -160.936               -135.958746                           0.000        0.000             0.000                 0.000                                                                                17.00000000       84.662883       32000.000000                       1.0000      9.6114       12.6217    7.340742e-10
1 May 2024 18:13:21.000              23.010            0.0000        23.010                183.9420             0.0000            0.0000                 0.0000                     0.0000          183.9420                     2.180421                 1.500002                  -160.932               -135.954202                           0.000        0.000             0.000                 0.000                                                                                17.00000000       84.667427       32000.000000                       1.0000      9.6159       12.6262    7.197965e-10
1 May 2024 18:13:51.000              23.010            0.0000        23.010                183.9375             0.0000            0.0000                 0.0000                     0.0000          183.9375                     2.170857                 1.500002                  -160.927               -135.949676                           0.000        0.000             0.000                 0.000                                                                                17.00000000       84.671953       32000.000000                       1.0000      9.6205       12.6308    7.058357e-10
1 May 2024 18:14:21.000              23.010            0.0000        23.010                183.9330             0.0000            0.0000                 0.0000                     0.0000          183.9330                     2.161227                 1.500002                  -160.923               -135.945167                           0.000        0.000             0.000                 0.000                                                                                17.00000000       84.676462       32000.000000                       1.0000      9.6250       12.6353    6.921847e-10
1 May 2024 18:14:51.000              23.010            0.0000        23.010                183.9285             0.0000            0.0000                 0.0000                     0.0000          183.9285                     2.151532                 1.500002                  -160.918               -135.940676                           0.000        0.000             0.000                 0.000                                                                                17.00000000       84.680953       32000.000000                       1.0000      9.6295       12.6398    6.788366e-10
1 May 2024 18:15:21.000              23.010            0.0000        23.010                183.9240             0.0000            0.0000                 0.0000                     0.0000          183.9240                     2.141771                 1.500002                  -160.914               -135.936203                           0.000        0.000             0.000                 0.000                                                                                17.00000000       84.685426       32000.000000                       1.0000      9.6339       12.6442    6.657848e-10
1 May 2024 18:15:51.000              23.010            0.0000        23.010                183.9196             0.0000            0.0000                 0.0000                     0.0000          183.9196                     2.131945                 1.500002                  -160.909               -135.931748                           0.000        0.000             0.000                 0.000                                                                                17.00000000       84.689881       32000.000000                       1.0000      9.6384       12.6487    6.530226e-10
1 May 2024 18:16:21.000              23.010            0.0000        23.010                183.9151             0.0000            0.0000                 0.0000                     0.0000          183.9151                     2.122054                 1.500002                  -160.905               -135.927312                           0.000        0.000             0.000                 0.000                                                                                17.00000000       84.694317       32000.000000                       1.0000      9.6428       12.6531    6.405435e-10
1 May 2024 18:16:51.000              23.010            0.0000        23.010                183.9107             0.0000            0.0000                 0.0000                     0.0000          183.9107                     2.112098                 1.500002                  -160.900               -135.922894                           0.000        0.000             0.000                 0.000                                                                                17.00000000       84.698736       32000.000000                       1.0000      9.6472       12.6575    6.283414e-10
1 May 2024 18:17:21.000              23.010            0.0000        23.010                183.9063             0.0000            0.0000                 0.0000                     0.0000          183.9063                     2.102078                 1.500002                  -160.896               -135.918494                           0.000        0.000             0.000                 0.000                                                                                17.00000000       84.703135       32000.000000                       1.0000      9.6516       12.6619    6.164099e-10
1 May 2024 18:17:51.000              23.010            0.0000        23.010                183.9019             0.0000            0.0000                 0.0000                     0.0000          183.9019                     2.091993                 1.500002                  -160.892               -135.914113                           0.000        0.000             0.000                 0.000                                                                                17.00000000       84.707516       32000.000000                       1.0000      9.6560       12.6663    6.047430e-10
1 May 2024 18:18:21.000              23.010            0.0000        23.010                183.8976             0.0000            0.0000                 0.0000                     0.0000          183.8976                     2.081844                 1.500002                  -160.887               -135.909752                           0.000        0.000             0.000                 0.000                                                                                17.00000000       84.711878       32000.000000                       1.0000      9.6604       12.6707    5.933349e-10
1 May 2024 18:18:51.000              23.010            0.0000        23.010                183.8932             0.0000            0.0000                 0.0000                     0.0000          183.8932                     2.071631                 1.500002                  -160.883               -135.905409                           0.000        0.000             0.000                 0.000                                                                                17.00000000       84.716220       32000.000000                       1.0000      9.6647       12.6750    5.821798e-10
1 May 2024 18:19:21.000              23.010            0.0000        23.010                183.8889             0.0000            0.0000                 0.0000                     0.0000          183.8889                     2.061355                 1.500002                  -160.879               -135.901085                           0.000        0.000             0.000                 0.000                                                                                17.00000000       84.720544       32000.000000                       1.0000      9.6690       12.6793    5.712720e-10
1 May 2024 18:19:51.000              23.010            0.0000        23.010                183.8846             0.0000            0.0000                 0.0000                     0.0000          183.8846                     2.051015                 1.500002                  -160.874               -135.896781                           0.000        0.000             0.000                 0.000                                                                                17.00000000       84.724848       32000.000000                       1.0000      9.6733       12.6836    5.606059e-10
1 May 2024 18:20:21.000              23.010            0.0000        23.010                183.8803             0.0000            0.0000                 0.0000                     0.0000          183.8803                     2.040612                 1.500002                  -160.870               -135.892497                           0.000        0.000             0.000                 0.000                                                                                17.00000000       84.729132       32000.000000                       1.0000      9.6776       12.6879    5.501762e-10
1 May 2024 18:20:51.000              23.010            0.0000        23.010                183.8760             0.0000            0.0000                 0.0000                     0.0000          183.8760                     2.030146                 1.500002                  -160.866               -135.888232                           0.000        0.000             0.000                 0.000                                                                                17.00000000       84.733397       32000.000000                       1.0000      9.6819       12.6922    5.399777e-10
1 May 2024 18:21:21.000              23.010            0.0000        23.010                183.8718             0.0000            0.0000                 0.0000                     0.0000          183.8718                     2.019618                 1.500002                  -160.861               -135.883988                           0.000        0.000             0.000                 0.000                                                                                17.00000000       84.737641       32000.000000                       1.0000      9.6861       12.6964    5.300050e-10
1 May 2024 18:21:51.000              23.010            0.0000        23.010                183.8676             0.0000            0.0000                 0.0000                     0.0000          183.8676                     2.009027                 1.500002                  -160.857               -135.879763                           0.000        0.000             0.000                 0.000                                                                                17.00000000       84.741866       32000.000000                       1.0000      9.6904       12.7007    5.202532e-10
1 May 2024 18:22:21.000              23.010            0.0000        23.010                183.8634             0.0000            0.0000                 0.0000                     0.0000          183.8634                     1.998375                 1.500002                  -160.853               -135.875559                           0.000        0.000             0.000                 0.000                                                                                17.00000000       84.746070       32000.000000                       1.0000      9.6946       12.7049    5.107173e-10
1 May 2024 18:22:51.000              23.010            0.0000        23.010                183.8592             0.0000            0.0000                 0.0000                     0.0000          183.8592                     1.987660                 1.500002                  -160.849               -135.871375                           0.000        0.000             0.000                 0.000                                                                                17.00000000       84.750254       32000.000000                       1.0000      9.6988       12.7091    5.013925e-10
1 May 2024 18:23:21.000              23.010            0.0000        23.010                183.8550             0.0000            0.0000                 0.0000                     0.0000          183.8550                     1.976884                 1.500002                  -160.845               -135.867211                           0.000        0.000             0.000                 0.000                                                                                17.00000000       84.754418       32000.000000                       1.0000      9.7029       12.7132    4.922740e-10
1 May 2024 18:23:51.000              23.010            0.0000        23.010                183.8509             0.0000            0.0000                 0.0000                     0.0000          183.8509                     1.966046                 1.500002                  -160.841               -135.863068                           0.000        0.000             0.000                 0.000                                                                                17.00000000       84.758561       32000.000000                       1.0000      9.7071       12.7174    4.833573e-10
1 May 2024 18:24:21.000              23.010            0.0000        23.010                183.8468             0.0000            0.0000                 0.0000                     0.0000          183.8468                     1.955148                 1.500002                  -160.836               -135.858947                           0.000        0.000             0.000                 0.000                                                                                17.00000000       84.762683       32000.000000                       1.0000      9.7112       12.7215    4.746377e-10
1 May 2024 18:24:51.000              23.010            0.0000        23.010                183.8427             0.0000            0.0000                 0.0000                     0.0000          183.8427                     1.944189                 1.500002                  -160.832               -135.854846                           0.000        0.000             0.000                 0.000                                                                                17.00000000       84.766783       32000.000000                       1.0000      9.7153       12.7256    4.661110e-10
1 May 2024 18:25:21.000              23.010            0.0000        23.010                183.8386             0.0000            0.0000                 0.0000                     0.0000          183.8386                     1.933169                 1.500002                  -160.828               -135.850766                           0.000        0.000             0.000                 0.000                                                                                17.00000000       84.770863       32000.000000                       1.0000      9.7194       12.7297    4.577727e-10
1 May 2024 18:25:51.000              23.010            0.0000        23.010                183.8345             0.0000            0.0000                 0.0000                     0.0000          183.8345                     1.922089                 1.500002                  -160.824               -135.846708                           0.000        0.000             0.000                 0.000                                                                                17.00000000       84.774921       32000.000000                       1.0000      9.7234       12.7337    4.496187e-10
1 May 2024 18:26:21.000              23.010            0.0000        23.010                183.8305             0.0000            0.0000                 0.0000                     0.0000          183.8305                     1.910949                 1.500002                  -160.820               -135.842671                           0.000        0.000             0.000                 0.000                                                                                17.00000000       84.778958       32000.000000                       1.0000      9.7275       12.7378    4.416448e-10
1 May 2024 18:26:51.000              23.010            0.0000        23.010                183.8265             0.0000            0.0000                 0.0000                     0.0000          183.8265                     1.899750                 1.500002                  -160.816               -135.838656                           0.000        0.000             0.000                 0.000                                                                                17.00000000       84.782973       32000.000000                       1.0000      9.7315       12.7418    4.338471e-10
1 May 2024 18:27:21.000              23.010            0.0000        23.010                183.8225             0.0000            0.0000                 0.0000                     0.0000          183.8225                     1.888491                 1.500002                  -160.812               -135.834663                           0.000        0.000             0.000                 0.000                                                                                17.00000000       84.786966       32000.000000                       1.0000      9.7355       12.7458    4.262214e-10
1 May 2024 18:27:51.000              23.010            0.0000        23.010                183.8185             0.0000            0.0000                 0.0000                     0.0000          183.8185                     1.877174                 1.500002                  -160.808               -135.830691                           0.000        0.000             0.000                 0.000                                                                                17.00000000       84.790938       32000.000000                       1.0000      9.7394       12.7497    4.187640e-10
1 May 2024 18:28:21.000              23.010            0.0000        23.010                183.8146             0.0000            0.0000                 0.0000                     0.0000          183.8146                     1.865797                 1.500002                  -160.804               -135.826742                           0.000        0.000             0.000                 0.000                                                                                17.00000000       84.794887       32000.000000                       1.0000      9.7434       12.7537    4.114712e-10
1 May 2024 18:28:51.000              23.010            0.0000        23.010                183.8106             0.0000            0.0000                 0.0000                     0.0000          183.8106                     1.854362                 1.500002                  -160.800               -135.822815                           0.000        0.000             0.000                 0.000                                                                                17.00000000       84.798814       32000.000000                       1.0000      9.7473       12.7576    4.043392e-10
1 May 2024 18:29:21.000              23.010            0.0000        23.010                183.8067             0.0000            0.0000                 0.0000                     0.0000          183.8067                     1.842870                 1.500002                  -160.796               -135.818911                           0.000        0.000             0.000                 0.000                                                                                17.00000000       84.802718       32000.000000                       1.0000      9.7512       12.7615    3.973644e-10
1 May 2024 18:29:51.000              23.010            0.0000        23.010                183.8028             0.0000            0.0000                 0.0000                     0.0000          183.8028                     1.831319                 1.500002                  -160.793               -135.815029                           0.000        0.000             0.000                 0.000                                                                                17.00000000       84.806600       32000.000000                       1.0000      9.7551       12.7654    3.905434e-10
1 May 2024 18:30:21.000              23.010            0.0000        23.010                183.7990             0.0000            0.0000                 0.0000                     0.0000          183.7990                     1.819711                 1.500002                  -160.789               -135.811170                           0.000        0.000             0.000                 0.000                                                                                17.00000000       84.810459       32000.000000                       1.0000      9.7590       12.7693    3.838726e-10
1 May 2024 18:30:51.000              23.010            0.0000        23.010                183.7951             0.0000            0.0000                 0.0000                     0.0000          183.7951                     1.808045                 1.500002                  -160.785               -135.807334                           0.000        0.000             0.000                 0.000                                                                                17.00000000       84.814295       32000.000000                       1.0000      9.7628       12.7731    3.773488e-10
1 May 2024 18:31:21.000              23.010            0.0000        23.010                183.7913             0.0000            0.0000                 0.0000                     0.0000          183.7913                     1.796323                 1.500002                  -160.781               -135.803521                           0.000        0.000             0.000                 0.000                                                                                17.00000000       84.818109       32000.000000                       1.0000      9.7666       12.7769    3.709686e-10
1 May 2024 18:31:51.000              23.010            0.0000        23.010                183.7875             0.0000            0.0000                 0.0000                     0.0000          183.7875                     1.784545                 1.500002                  -160.777               -135.799731                           0.000        0.000             0.000                 0.000                                                                                17.00000000       84.821898       32000.000000                       1.0000      9.7704       12.7807    3.647288e-10
1 May 2024 18:32:21.000              23.010            0.0000        23.010                183.7838             0.0000            0.0000                 0.0000                     0.0000          183.7838                     1.772710                 1.500002                  -160.773               -135.795964                           0.000        0.000             0.000                 0.000                                                                                17.00000000       84.825665       32000.000000                       1.0000      9.7742       12.7845    3.586264e-10
1 May 2024 18:32:51.000              23.010            0.0000        23.010                183.7800             0.0000            0.0000                 0.0000                     0.0000          183.7800                     1.760819                 1.500002                  -160.770               -135.792221                           0.000        0.000             0.000                 0.000                                                                                17.00000000       84.829408       32000.000000                       1.0000      9.7779       12.7882    3.526582e-10
1 May 2024 18:33:21.000              23.010            0.0000        23.010                183.7763             0.0000            0.0000                 0.0000                     0.0000          183.7763                     1.748872                 1.500002                  -160.766               -135.788502                           0.000        0.000             0.000                 0.000                                                                                17.00000000       84.833128       32000.000000                       1.0000      9.7816       12.7919    3.468212e-10
1 May 2024 18:33:51.000              23.010            0.0000        23.010                183.7726             0.0000            0.0000                 0.0000                     0.0000          183.7726                     1.736871                 1.500002                  -160.762               -135.784806                           0.000        0.000             0.000                 0.000                                                                                17.00000000       84.836823       32000.000000                       1.0000      9.7853       12.7956    3.411125e-10
1 May 2024 18:34:21.000              23.010            0.0000        23.010                183.7689             0.0000            0.0000                 0.0000                     0.0000          183.7689                     1.724814                 1.500002                  -160.759               -135.781134                           0.000        0.000             0.000                 0.000                                                                                17.00000000       84.840495       32000.000000                       1.0000      9.7890       12.7993    3.355294e-10
1 May 2024 18:34:51.000              23.010            0.0000        23.010                183.7653             0.0000            0.0000                 0.0000                     0.0000          183.7653                     1.712703                 1.500002                  -160.755               -135.777487                           0.000        0.000             0.000                 0.000                                                                                17.00000000       84.844142       32000.000000                       1.0000      9.7926       12.8029    3.300689e-10
1 May 2024 18:35:21.000              23.010            0.0000        23.010                183.7617             0.0000            0.0000                 0.0000                     0.0000          183.7617                     1.700538                 1.500002                  -160.751               -135.773863                           0.000        0.000             0.000                 0.000                                                                                17.00000000       84.847766       32000.000000                       1.0000      9.7963       12.8066    3.247283e-10
1 May 2024 18:35:51.000              23.010            0.0000        23.010                183.7581             0.0000            0.0000                 0.0000                     0.0000          183.7581                     1.688319                 1.500002                  -160.748               -135.770264                           0.000        0.000             0.000                 0.000                                                                                17.00000000       84.851365       32000.000000                       1.0000      9.7999       12.8102    3.195050e-10
1 May 2024 18:36:21.000              23.010            0.0000        23.010                183.7545             0.0000            0.0000                 0.0000                     0.0000          183.7545                     1.676047                 1.500002                  -160.744               -135.766690                           0.000        0.000             0.000                 0.000                                                                                17.00000000       84.854939       32000.000000                       1.0000      9.8034       12.8137    3.143964e-10
1 May 2024 18:36:51.000              23.010            0.0000        23.010                183.7509             0.0000            0.0000                 0.0000                     0.0000          183.7509                     1.663721                 1.500002                  -160.741               -135.763140                           0.000        0.000             0.000                 0.000                                                                                17.00000000       84.858489       32000.000000                       1.0000      9.8070       12.8173    3.094000e-10
1 May 2024 18:37:21.000              23.010            0.0000        23.010                183.7474             0.0000            0.0000                 0.0000                     0.0000          183.7474                     1.651342                 1.500002                  -160.737               -135.759615                           0.000        0.000             0.000                 0.000                                                                                17.00000000       84.862014       32000.000000                       1.0000      9.8105       12.8208    3.045132e-10
1 May 2024 18:37:51.000              23.010            0.0000        23.010                183.7439             0.0000            0.0000                 0.0000                     0.0000          183.7439                     1.638911                 1.500002                  -160.734               -135.756115                           0.000        0.000             0.000                 0.000                                                                                17.00000000       84.865514       32000.000000                       1.0000      9.8140       12.8243    2.997337e-10
1 May 2024 18:38:21.000              23.010            0.0000        23.010                183.7405             0.0000            0.0000                 0.0000                     0.0000          183.7405                     1.626428                 1.500002                  -160.730               -135.752640                           0.000        0.000             0.000                 0.000                                                                                17.00000000       84.868989       32000.000000                       1.0000      9.8175       12.8278    2.950590e-10
1 May 2024 18:38:51.000              23.010            0.0000        23.010                183.7370             0.0000            0.0000                 0.0000                     0.0000          183.7370                     1.613894                 1.500002                  -160.727               -135.749191                           0.000        0.000             0.000                 0.000                                                                                17.00000000       84.872438       32000.000000                       1.0000      9.8209       12.8312    2.904868e-10
1 May 2024 18:39:21.000              23.010            0.0000        23.010                183.7336             0.0000            0.0000                 0.0000                     0.0000          183.7336                     1.601307                 1.500002                  -160.723               -135.745767                           0.000        0.000             0.000                 0.000                                                                                17.00000000       84.875862       32000.000000                       1.0000      9.8244       12.8347    2.860150e-10
1 May 2024 18:39:51.000              23.010            0.0000        23.010                183.7302             0.0000            0.0000                 0.0000                     0.0000          183.7302                     1.588670                 1.500002                  -160.720               -135.742368                           0.000        0.000             0.000                 0.000                                                                                17.00000000       84.879261       32000.000000                       1.0000      9.8278       12.8381    2.816412e-10
1 May 2024 18:40:21.000              23.010            0.0000        23.010                183.7268             0.0000            0.0000                 0.0000                     0.0000          183.7268                     1.575983                 1.500002                  -160.717               -135.738995                           0.000        0.000             0.000                 0.000                                                                                17.00000000       84.882634       32000.000000                       1.0000      9.8311       12.8414    2.773634e-10
1 May 2024 18:40:51.000              23.010            0.0000        23.010                183.7235             0.0000            0.0000                 0.0000                     0.0000          183.7235                     1.563244                 1.500002                  -160.713               -135.735648                           0.000        0.000             0.000                 0.000                                                                                17.00000000       84.885981       32000.000000                       1.0000      9.8345       12.8448    2.731794e-10
1 May 2024 18:41:21.000              23.010            0.0000        23.010                183.7201             0.0000            0.0000                 0.0000                     0.0000          183.7201                     1.550457                 1.500002                  -160.710               -135.732327                           0.000        0.000             0.000                 0.000                                                                                17.00000000       84.889303       32000.000000                       1.0000      9.8378       12.8481    2.690872e-10
1 May 2024 18:41:51.000              23.010            0.0000        23.010                183.7168             0.0000            0.0000                 0.0000                     0.0000          183.7168                     1.537619                 1.500002                  -160.707               -135.729031                           0.000        0.000             0.000                 0.000                                                                                17.00000000       84.892598       32000.000000                       1.0000      9.8411       12.8514    2.650847e-10
1 May 2024 18:42:21.000              23.010            0.0000        23.010                183.7136             0.0000            0.0000                 0.0000                     0.0000          183.7136                     1.524733                 1.500002                  -160.703               -135.725762                           0.000        0.000             0.000                 0.000                                                                                17.00000000       84.895867       32000.000000                       1.0000      9.8444       12.8547    2.611700e-10
1 May 2024 18:42:51.000              23.010            0.0000        23.010                183.7103             0.0000            0.0000                 0.0000                     0.0000          183.7103                     1.511797                 1.500002                  -160.700               -135.722520                           0.000        0.000             0.000                 0.000                                                                                17.00000000       84.899109       32000.000000                       1.0000      9.8476       12.8579    2.573413e-10
1 May 2024 18:43:21.000              23.010            0.0000        23.010                183.7071             0.0000            0.0000                 0.0000                     0.0000          183.7071                     1.498814                 1.500001                  -160.697               -135.719304                           0.000        0.000             0.000                 0.000                                                                                17.00000000       84.902325       32000.000000                       1.0000      9.8508       12.8611    2.535965e-10
1 May 2024 18:43:51.000              23.010            0.0000        23.010                183.7039             0.0000            0.0000                 0.0000                     0.0000          183.7039                     1.485782                 1.500001                  -160.694               -135.716114                           0.000        0.000             0.000                 0.000                                                                                17.00000000       84.905515       32000.000000                       1.0000      9.8540       12.8643    2.499339e-10
1 May 2024 18:44:21.000              23.010            0.0000        23.010                183.7008             0.0000            0.0000                 0.0000                     0.0000          183.7008                     1.472703                 1.500001                  -160.690               -135.712951                           0.000        0.000             0.000                 0.000                                                                                17.00000000       84.908678       32000.000000                       1.0000      9.8572       12.8675    2.463517e-10
1 May 2024 18:44:51.000              23.010            0.0000        23.010                183.6976             0.0000            0.0000                 0.0000                     0.0000          183.6976                     1.459577                 1.500001                  -160.687               -135.709815                           0.000        0.000             0.000                 0.000                                                                                17.00000000       84.911814       32000.000000                       1.0000      9.8603       12.8706    2.428482e-10
1 May 2024 18:45:21.000              23.010            0.0000        23.010                183.6945             0.0000            0.0000                 0.0000                     0.0000          183.6945                     1.446404                 1.500001                  -160.684               -135.706707                           0.000        0.000             0.000                 0.000                                                                                17.00000000       84.914923       32000.000000                       1.0000      9.8634       12.8737    2.394217e-10
1 May 2024 18:45:51.000              23.010            0.0000        23.010                183.6914             0.0000            0.0000                 0.0000                     0.0000          183.6914                     1.433185                 1.500001                  -160.681               -135.703625                           0.000        0.000             0.000                 0.000                                                                                17.00000000       84.918004       32000.000000                       1.0000      9.8665       12.8768    2.360705e-10
1 May 2024 18:46:21.000              23.010            0.0000        23.010                183.6884             0.0000            0.0000                 0.0000                     0.0000          183.6884                     1.419920                 1.500001                  -160.678               -135.700570                           0.000        0.000             0.000                 0.000                                                                                17.00000000       84.921059       32000.000000                       1.0000      9.8696       12.8799    2.327930e-10
1 May 2024 18:46:51.000              23.010            0.0000        23.010                183.6854             0.0000            0.0000                 0.0000                     0.0000          183.6854                     1.406609                 1.500001                  -160.675               -135.697543                           0.000        0.000             0.000                 0.000                                                                                17.00000000       84.924086       32000.000000                       1.0000      9.8726       12.8829    2.295876e-10
1 May 2024 18:47:21.000              23.010            0.0000        23.010                183.6824             0.0000            0.0000                 0.0000                     0.0000          183.6824                     1.393253                 1.500001                  -160.672               -135.694544                           0.000        0.000             0.000                 0.000                                                                                17.00000000       84.927085       32000.000000                       1.0000      9.8756       12.8859    2.264527e-10
1 May 2024 18:47:51.000              23.010            0.0000        23.010                183.6794             0.0000            0.0000                 0.0000                     0.0000          183.6794                     1.379852                 1.500001                  -160.669               -135.691572                           0.000        0.000             0.000                 0.000                                                                                17.00000000       84.930057       32000.000000                       1.0000      9.8786       12.8889    2.233869e-10
1 May 2024 18:48:21.000              23.010            0.0000        23.010                183.6764             0.0000            0.0000                 0.0000                     0.0000          183.6764                     1.366407                 1.500001                  -160.666               -135.688628                           0.000        0.000             0.000                 0.000                                                                                17.00000000       84.933002       32000.000000                       1.0000      9.8815       12.8918    2.203888e-10
1 May 2024 18:48:51.000              23.010            0.0000        23.010                183.6735             0.0000            0.0000                 0.0000                     0.0000          183.6735                     1.352918                 1.500001                  -160.663               -135.685711                           0.000        0.000             0.000                 0.000                                                                                17.00000000       84.935918       32000.000000                       1.0000      9.8844       12.8947    2.174567e-10
1 May 2024 18:49:21.000              23.010            0.0000        23.010                183.6706             0.0000            0.0000                 0.0000                     0.0000          183.6706                     1.339386                 1.500001                  -160.660               -135.682823                           0.000        0.000             0.000                 0.000                                                                                17.00000000       84.938806       32000.000000                       1.0000      9.8873       12.8976    2.145894e-10
1 May 2024 18:49:51.000              23.010            0.0000        23.010                183.6678             0.0000            0.0000                 0.0000                     0.0000          183.6678                     1.325811                 1.500001                  -160.657               -135.679963                           0.000        0.000             0.000                 0.000                                                                                17.00000000       84.941666       32000.000000                       1.0000      9.8902       12.9005    2.117855e-10
1 May 2024 18:50:21.000              23.010            0.0000        23.010                183.6649             0.0000            0.0000                 0.0000                     0.0000          183.6649                     1.312192                 1.500001                  -160.655               -135.677131                           0.000        0.000             0.000                 0.000                                                                                17.00000000       84.944498       32000.000000                       1.0000      9.8930       12.9033    2.090437e-10
1 May 2024 18:50:51.000              23.010            0.0000        23.010                183.6621             0.0000            0.0000                 0.0000                     0.0000          183.6621                     1.298532                 1.500001                  -160.652               -135.674327                           0.000        0.000             0.000                 0.000                                                                                17.00000000       84.947302       32000.000000                       1.0000      9.8958       12.9061    2.063626e-10
1 May 2024 18:51:21.000              23.010            0.0000        23.010                183.6594             0.0000            0.0000                 0.0000                     0.0000          183.6594                     1.284830                 1.500001                  -160.649               -135.671552                           0.000        0.000             0.000                 0.000                                                                                17.00000000       84.950077       32000.000000                       1.0000      9.8986       12.9089    2.037410e-10
1 May 2024 18:51:51.000              23.010            0.0000        23.010                183.6566             0.0000            0.0000                 0.0000                     0.0000          183.6566                     1.271087                 1.500001                  -160.646               -135.668806                           0.000        0.000             0.000                 0.000                                                                                17.00000000       84.952823       32000.000000                       1.0000      9.9013       12.9116    2.011776e-10
1 May 2024 18:52:21.000              23.010            0.0000        23.010                183.6539             0.0000            0.0000                 0.0000                     0.0000          183.6539                     1.257303                 1.500001                  -160.644               -135.666088                           0.000        0.000             0.000                 0.000                                                                                17.00000000       84.955541       32000.000000                       1.0000      9.9040       12.9143    1.986713e-10
1 May 2024 18:52:51.000              23.010            0.0000        23.010                183.6512             0.0000            0.0000                 0.0000                     0.0000          183.6512                     1.243478                 1.500001                  -160.641               -135.663400                           0.000        0.000             0.000                 0.000                                                                                17.00000000       84.958230       32000.000000                       1.0000      9.9067       12.9170    1.962208e-10
1 May 2024 18:53:21.000              23.010            0.0000        23.010                183.6485             0.0000            0.0000                 0.0000                     0.0000          183.6485                     1.229613                 1.500001                  -160.638               -135.660740                           0.000        0.000             0.000                 0.000                                                                                17.00000000       84.960889       32000.000000                       1.0000      9.9094       12.9197    1.938250e-10
1 May 2024 18:53:51.000              23.010            0.0000        23.010                183.6459             0.0000            0.0000                 0.0000                     0.0000          183.6459                     1.215709                 1.500001                  -160.636               -135.658109                           0.000        0.000             0.000                 0.000                                                                                17.00000000       84.963520       32000.000000                       1.0000      9.9120       12.9223    1.914827e-10
1 May 2024 18:54:21.000              23.010            0.0000        23.010                183.6433             0.0000            0.0000                 0.0000                     0.0000          183.6433                     1.201766                 1.500001                  -160.633               -135.655507                           0.000        0.000             0.000                 0.000                                                                                17.00000000       84.966122       32000.000000                       1.0000      9.9146       12.9249    1.891930e-10
1 May 2024 18:54:51.000              23.010            0.0000        23.010                183.6407             0.0000            0.0000                 0.0000                     0.0000          183.6407                     1.187784                 1.500001                  -160.630               -135.652935                           0.000        0.000             0.000                 0.000                                                                                17.00000000       84.968694       32000.000000                       1.0000      9.9172       12.9275    1.869546e-10
1 May 2024 18:55:21.000              23.010            0.0000        23.010                183.6382             0.0000            0.0000                 0.0000                     0.0000          183.6382                     1.173763                 1.500001                  -160.628               -135.650392                           0.000        0.000             0.000                 0.000                                                                                17.00000000       84.971237       32000.000000                       1.0000      9.9197       12.9300    1.847666e-10
1 May 2024 18:55:51.000              23.010            0.0000        23.010                183.6357             0.0000            0.0000                 0.0000                     0.0000          183.6357                     1.159705                 1.500001                  -160.625               -135.647878                           0.000        0.000             0.000                 0.000                                                                                17.00000000       84.973751       32000.000000                       1.0000      9.9223       12.9326    1.826279e-10
1 May 2024 18:56:21.000              23.010            0.0000        23.010                183.6332             0.0000            0.0000                 0.0000                     0.0000          183.6332                     1.145610                 1.500001                  -160.623               -135.645395                           0.000        0.000             0.000                 0.000                                                                                17.00000000       84.976234       32000.000000                       1.0000      9.9247       12.9350    1.805376e-10
1 May 2024 18:56:51.000              23.010            0.0000        23.010                183.6308             0.0000            0.0000                 0.0000                     0.0000          183.6308                     1.131477                 1.500001                  -160.620               -135.642941                           0.000        0.000             0.000                 0.000                                                                                17.00000000       84.978689       32000.000000                       1.0000      9.9272       12.9375    1.784947e-10
1 May 2024 18:57:21.000              23.010            0.0000        23.010                183.6283             0.0000            0.0000                 0.0000                     0.0000          183.6283                     1.117308                 1.500001                  -160.618               -135.640516                           0.000        0.000             0.000                 0.000                                                                                17.00000000       84.981113       32000.000000                       1.0000      9.9296       12.9399    1.764982e-10
1 May 2024 18:57:51.000              23.010            0.0000        23.010                183.6259             0.0000            0.0000                 0.0000                     0.0000          183.6259                     1.103104                 1.500001                  -160.616               -135.638122                           0.000        0.000             0.000                 0.000                                                                                17.00000000       84.983507       32000.000000                       1.0000      9.9320       12.9423    1.745472e-10
1 May 2024 18:58:21.000              23.010            0.0000        23.010                183.6236             0.0000            0.0000                 0.0000                     0.0000          183.6236                     1.088863                 1.500001                  -160.613               -135.635757                           0.000        0.000             0.000                 0.000                                                                                17.00000000       84.985872       32000.000000                       1.0000      9.9344       12.9447    1.726408e-10
1 May 2024 18:58:51.000              23.010            0.0000        23.010                183.6212             0.0000            0.0000                 0.0000                     0.0000          183.6212                     1.074588                 1.500001                  -160.611               -135.633423                           0.000        0.000             0.000                 0.000                                                                                17.00000000       84.988206       32000.000000                       1.0000      9.9367       12.9470    1.707782e-10
1 May 2024 18:59:21.000              23.010            0.0000        23.010                183.6189             0.0000            0.0000                 0.0000                     0.0000          183.6189                     1.060278                 1.500001                  -160.609               -135.631119                           0.000        0.000             0.000                 0.000                                                                                17.00000000       84.990510       32000.000000                       1.0000      9.9390       12.9493    1.689584e-10
1 May 2024 18:59:51.000              23.010            0.0000        23.010                183.6167             0.0000            0.0000                 0.0000                     0.0000          183.6167                     1.045934                 1.500001                  -160.606               -135.628846                           0.000        0.000             0.000                 0.000                                                                                17.00000000       84.992784       32000.000000                       1.0000      9.9413       12.9516    1.671807e-10
1 May 2024 19:00:21.000              23.010            0.0000        23.010                183.6144             0.0000            0.0000                 0.0000                     0.0000          183.6144                     1.031557                 1.500001                  -160.604               -135.626602                           0.000        0.000             0.000                 0.000                                                                                17.00000000       84.995027       32000.000000                       1.0000      9.9435       12.9538    1.654443e-10
1 May 2024 19:00:51.000              23.010            0.0000        23.010                183.6122             0.0000            0.0000                 0.0000                     0.0000          183.6122                     1.017146                 1.500001                  -160.602               -135.624390                           0.000        0.000             0.000                 0.000                                                                                17.00000000       84.997240       32000.000000                       1.0000      9.9457       12.9560    1.637483e-10
1 May 2024 19:01:21.000              23.010            0.0000        23.010                183.6100             0.0000            0.0000                 0.0000                     0.0000          183.6100                     1.002703                 1.500001                  -160.600               -135.622207                           0.000        0.000             0.000                 0.000                                                                                17.00000000       84.999422       32000.000000                       1.0000      9.9479       12.9582    1.620919e-10
1 May 2024 19:01:51.000              23.010            0.0000        23.010                183.6079             0.0000            0.0000                 0.0000                     0.0000          183.6079                     0.988227                 1.500001                  -160.598               -135.620056                           0.000        0.000             0.000                 0.000                                                                                17.00000000       85.001573       32000.000000                       1.0000      9.9501       12.9604    1.604745e-10
1 May 2024 19:02:21.000              23.010            0.0000        23.010                183.6057             0.0000            0.0000                 0.0000                     0.0000          183.6057                     0.973719                 1.500001                  -160.595               -135.617935                           0.000        0.000             0.000                 0.000                                                                                17.00000000       85.003694       32000.000000                       1.0000      9.9522       12.9625    1.588953e-10
1 May 2024 19:02:51.000              23.010            0.0000        23.010                183.6037             0.0000            0.0000                 0.0000                     0.0000          183.6037                     0.959181                 1.500001                  -160.593               -135.615846                           0.000        0.000             0.000                 0.000                                                                                17.00000000       85.005783       32000.000000                       1.0000      9.9543       12.9646    1.573536e-10
1 May 2024 19:03:21.000              23.010            0.0000        23.010                183.6016             0.0000            0.0000                 0.0000                     0.0000          183.6016                     0.944611                 1.500001                  -160.591               -135.613787                           0.000        0.000             0.000                 0.000                                                                                17.00000000       85.007842       32000.000000                       1.0000      9.9563       12.9666    1.558486e-10
1 May 2024 19:03:51.000              23.010            0.0000        23.010                183.5996             0.0000            0.0000                 0.0000                     0.0000          183.5996                     0.930012                 1.500001                  -160.589               -135.611759                           0.000        0.000             0.000                 0.000                                                                                17.00000000       85.009870       32000.000000                       1.0000      9.9584       12.9687    1.543798e-10
1 May 2024 19:04:21.000              23.010            0.0000        23.010                183.5976             0.0000            0.0000                 0.0000                     0.0000          183.5976                     0.915382                 1.500001                  -160.587               -135.609763                           0.000        0.000             0.000                 0.000                                                                                17.00000000       85.011866       32000.000000                       1.0000      9.9604       12.9707    1.529464e-10
1 May 2024 19:04:51.000              23.010            0.0000        23.010                183.5956             0.0000            0.0000                 0.0000                     0.0000          183.5956                     0.900723                 1.500001                  -160.585               -135.607797                           0.000        0.000             0.000                 0.000                                                                                17.00000000       85.013832       32000.000000                       1.0000      9.9623       12.9726    1.515478e-10
1 May 2024 19:05:21.000              23.010            0.0000        23.010                183.5937             0.0000            0.0000                 0.0000                     0.0000          183.5937                     0.886036                 1.500001                  -160.583               -135.605863                           0.000        0.000             0.000                 0.000                                                                                17.00000000       85.015766       32000.000000                       1.0000      9.9643       12.9746    1.501834e-10
1 May 2024 19:05:51.000              23.010            0.0000        23.010                183.5918             0.0000            0.0000                 0.0000                     0.0000          183.5918                     0.871320                 1.500001                  -160.581               -135.603961                           0.000        0.000             0.000                 0.000                                                                                17.00000000       85.017668       32000.000000                       1.0000      9.9662       12.9765    1.488525e-10
1 May 2024 19:06:21.000              23.010            0.0000        23.010                183.5899             0.0000            0.0000                 0.0000                     0.0000          183.5899                     0.856576                 1.500001                  -160.580               -135.602090                           0.000        0.000             0.000                 0.000                                                                                17.00000000       85.019539       32000.000000                       1.0000      9.9680       12.9783    1.475547e-10
1 May 2024 19:06:51.000              23.010            0.0000        23.010                183.5881             0.0000            0.0000                 0.0000                     0.0000          183.5881                     0.841805                 1.500001                  -160.578               -135.600250                           0.000        0.000             0.000                 0.000                                                                                17.00000000       85.021379       32000.000000                       1.0000      9.9699       12.9802    1.462892e-10
1 May 2024 19:07:21.000              23.010            0.0000        23.010                183.5863             0.0000            0.0000                 0.0000                     0.0000          183.5863                     0.827007                 1.500001                  -160.576               -135.598442                           0.000        0.000             0.000                 0.000                                                                                17.00000000       85.023187       32000.000000                       1.0000      9.9717       12.9820    1.450556e-10
1 May 2024 19:07:51.000              23.010            0.0000        23.010                183.5845             0.0000            0.0000                 0.0000                     0.0000          183.5845                     0.812182                 1.500001                  -160.574               -135.596666                           0.000        0.000             0.000                 0.000                                                                                17.00000000       85.024963       32000.000000                       1.0000      9.9735       12.9838    1.438533e-10
1 May 2024 19:08:21.000              23.010            0.0000        23.010                183.5827             0.0000            0.0000                 0.0000                     0.0000          183.5827                     0.797332                 1.500001                  -160.572               -135.594922                           0.000        0.000             0.000                 0.000                                                                                17.00000000       85.026707       32000.000000                       1.0000      9.9752       12.9855    1.426817e-10
1 May 2024 19:08:51.000              23.010            0.0000        23.010                183.5810             0.0000            0.0000                 0.0000                     0.0000          183.5810                     0.782456                 1.500001                  -160.571               -135.593209                           0.000        0.000             0.000                 0.000                                                                                17.00000000       85.028420       32000.000000                       1.0000      9.9769       12.9872    1.415404e-10
1 May 2024 19:09:21.000              23.010            0.0000        23.010                183.5793             0.0000            0.0000                 0.0000                     0.0000          183.5793                     0.767556                 1.500001                  -160.569               -135.591529                           0.000        0.000             0.000                 0.000                                                                                17.00000000       85.030100       32000.000000                       1.0000      9.9786       12.9889    1.404288e-10
1 May 2024 19:09:51.000              23.010            0.0000        23.010                183.5777             0.0000            0.0000                 0.0000                     0.0000          183.5777                     0.752631                 1.500001                  -160.567               -135.589880                           0.000        0.000             0.000                 0.000                                                                                17.00000000       85.031749       32000.000000                       1.0000      9.9802       12.9905    1.393465e-10
1 May 2024 19:10:21.000              23.010            0.0000        23.010                183.5761             0.0000            0.0000                 0.0000                     0.0000          183.5761                     0.737682                 1.500001                  -160.566               -135.588264                           0.000        0.000             0.000                 0.000                                                                                17.00000000       85.033365       32000.000000                       1.0000      9.9819       12.9922    1.382930e-10
1 May 2024 19:10:51.000              23.010            0.0000        23.010                183.5745             0.0000            0.0000                 0.0000                     0.0000          183.5745                     0.722710                 1.500001                  -160.564               -135.586680                           0.000        0.000             0.000                 0.000                                                                                17.00000000       85.034949       32000.000000                       1.0000      9.9834       12.9937    1.372678e-10
1 May 2024 19:11:21.000              23.010            0.0000        23.010                183.5729             0.0000            0.0000                 0.0000                     0.0000          183.5729                     0.707715                 1.500001                  -160.563               -135.585128                           0.000        0.000             0.000                 0.000                                                                                17.00000000       85.036501       32000.000000                       1.0000      9.9850       12.9953    1.362705e-10
1 May 2024 19:11:51.000              23.010            0.0000        23.010                183.5714             0.0000            0.0000                 0.0000                     0.0000          183.5714                     0.692698                 1.500001                  -160.561               -135.583608                           0.000        0.000             0.000                 0.000                                                                                17.00000000       85.038021       32000.000000                       1.0000      9.9865       12.9968    1.353006e-10
1 May 2024 19:12:21.000              23.010            0.0000        23.010                183.5699             0.0000            0.0000                 0.0000                     0.0000          183.5699                     0.677659                 1.500001                  -160.560               -135.582121                           0.000        0.000             0.000                 0.000                                                                                17.00000000       85.039508       32000.000000                       1.0000      9.9880       12.9983    1.343578e-10
1 May 2024 19:12:51.000              23.010            0.0000        23.010                183.5685             0.0000            0.0000                 0.0000                     0.0000          183.5685                     0.662598                 1.500001                  -160.558               -135.580666                           0.000        0.000             0.000                 0.000                                                                                17.00000000       85.040963       32000.000000                       1.0000      9.9895       12.9998    1.334415e-10
1 May 2024 19:13:21.000              23.010            0.0000        23.010                183.5671             0.0000            0.0000                 0.0000                     0.0000          183.5671                     0.647517                 1.500001                  -160.557               -135.579243                           0.000        0.000             0.000                 0.000                                                                                17.00000000       85.042386       32000.000000                       1.0000      9.9909       13.0012    1.325515e-10
1 May 2024 19:13:51.000              23.010            0.0000        23.010                183.5657             0.0000            0.0000                 0.0000                     0.0000          183.5657                     0.632415                 1.500001                  -160.555               -135.577853                           0.000        0.000             0.000                 0.000                                                                                17.00000000       85.043776       32000.000000                       1.0000      9.9923       13.0026    1.316872e-10
1 May 2024 19:14:21.000              23.010            0.0000        23.010                183.5643             0.0000            0.0000                 0.0000                     0.0000          183.5643                     0.617294                 1.500001                  -160.554               -135.576496                           0.000        0.000             0.000                 0.000                                                                                17.00000000       85.045133       32000.000000                       1.0000      9.9936       13.0039    1.308485e-10
1 May 2024 19:14:51.000              23.010            0.0000        23.010                183.5630             0.0000            0.0000                 0.0000                     0.0000          183.5630                     0.602153                 1.500001                  -160.553               -135.575172                           0.000        0.000             0.000                 0.000                                                                                17.00000000       85.046458       32000.000000                       1.0000      9.9950       13.0053    1.300348e-10
1 May 2024 19:15:21.000              23.010            0.0000        23.010                183.5617             0.0000            0.0000                 0.0000                     0.0000          183.5617                     0.586994                 1.500001                  -160.551               -135.573880                           0.000        0.000             0.000                 0.000                                                                                17.00000000       85.047749       32000.000000                       1.0000      9.9962       13.0065    1.292459e-10
1 May 2024 19:15:51.000              23.010            0.0000        23.010                183.5604             0.0000            0.0000                 0.0000                     0.0000          183.5604                     0.571816                 1.500001                  -160.550               -135.572620                           0.000        0.000             0.000                 0.000                                                                                17.00000000       85.049009       32000.000000                       1.0000      9.9975       13.0078    1.284813e-10
1 May 2024 19:16:21.000              23.010            0.0000        23.010                183.5592             0.0000            0.0000                 0.0000                     0.0000          183.5592                     0.556621                 1.500001                  -160.549               -135.571394                           0.000        0.000             0.000                 0.000                                                                                17.00000000       85.050235       32000.000000                       1.0000      9.9987       13.0090    1.277409e-10
1 May 2024 19:16:51.000              23.010            0.0000        23.010                183.5580             0.0000            0.0000                 0.0000                     0.0000          183.5580                     0.541408                 1.500001                  -160.548               -135.570201                           0.000        0.000             0.000                 0.000                                                                                17.00000000       85.051428       32000.000000                       1.0000      9.9999       13.0102    1.270242e-10
1 May 2024 19:17:21.000              23.010            0.0000        23.010                183.5568             0.0000            0.0000                 0.0000                     0.0000          183.5568                     0.526179                 1.500001                  -160.547               -135.569040                           0.000        0.000             0.000                 0.000                                                                                17.00000000       85.052589       32000.000000                       1.0000     10.0011       13.0114    1.263309e-10
1 May 2024 19:17:51.000              23.010            0.0000        23.010                183.5557             0.0000            0.0000                 0.0000                     0.0000          183.5557                     0.510934                 1.500001                  -160.545               -135.567913                           0.000        0.000             0.000                 0.000                                                                                17.00000000       85.053716       32000.000000                       1.0000     10.0022       13.0125    1.256608e-10
1 May 2024 19:18:21.000              23.010            0.0000        23.010                183.5546             0.0000            0.0000                 0.0000                     0.0000          183.5546                     0.495672                 1.500000                  -160.544               -135.566818                           0.000        0.000             0.000                 0.000                                                                                17.00000000       85.054811       32000.000000                       1.0000     10.0033       13.0136    1.250136e-10
1 May 2024 19:18:51.000              23.010            0.0000        23.010                183.5536             0.0000            0.0000                 0.0000                     0.0000          183.5536                     0.480396                 1.500000                  -160.543               -135.565757                           0.000        0.000             0.000                 0.000                                                                                17.00000000       85.055872       32000.000000                       1.0000     10.0044       13.0147    1.243890e-10
1 May 2024 19:19:21.000              23.010            0.0000        23.010                183.5525             0.0000            0.0000                 0.0000                     0.0000          183.5525                     0.465105                 1.500000                  -160.542               -135.564728                           0.000        0.000             0.000                 0.000                                                                                17.00000000       85.056901       32000.000000                       1.0000     10.0054       13.0157    1.237866e-10
1 May 2024 19:19:51.000              23.010            0.0000        23.010                183.5515             0.0000            0.0000                 0.0000                     0.0000          183.5515                     0.449800                 1.500000                  -160.541               -135.563733                           0.000        0.000             0.000                 0.000                                                                                17.00000000       85.057896       32000.000000                       1.0000     10.0064       13.0167    1.232064e-10
1 May 2024 19:20:21.000              23.010            0.0000        23.010                183.5506             0.0000            0.0000                 0.0000                     0.0000          183.5506                     0.434482                 1.500000                  -160.540               -135.562771                           0.000        0.000             0.000                 0.000                                                                                17.00000000       85.058858       32000.000000                       1.0000     10.0074       13.0177    1.226479e-10
1 May 2024 19:20:51.000              23.010            0.0000        23.010                183.5497             0.0000            0.0000                 0.0000                     0.0000          183.5497                     0.419150                 1.500000                  -160.539               -135.561843                           0.000        0.000             0.000                 0.000                                                                                17.00000000       85.059786       32000.000000                       1.0000     10.0083       13.0186    1.221111e-10
1 May 2024 19:21:21.000              23.010            0.0000        23.010                183.5488             0.0000            0.0000                 0.0000                     0.0000          183.5488                     0.403806                 1.500000                  -160.538               -135.560947                           0.000        0.000             0.000                 0.000                                                                                17.00000000       85.060682       32000.000000                       1.0000     10.0092       13.0195    1.215956e-10
1 May 2024 19:21:51.000              23.010            0.0000        23.010                183.5479             0.0000            0.0000                 0.0000                     0.0000          183.5479                     0.388450                 1.500000                  -160.538               -135.560085                           0.000        0.000             0.000                 0.000                                                                                17.00000000       85.061544       32000.000000                       1.0000     10.0100       13.0203    1.211013e-10
1 May 2024 19:22:21.000              23.010            0.0000        23.010                183.5471             0.0000            0.0000                 0.0000                     0.0000          183.5471                     0.373083                 1.500000                  -160.537               -135.559256                           0.000        0.000             0.000                 0.000                                                                                17.00000000       85.062373       32000.000000                       1.0000     10.0109       13.0212    1.206278e-10
1 May 2024 19:22:51.000              23.010            0.0000        23.010                183.5463             0.0000            0.0000                 0.0000                     0.0000          183.5463                     0.357704                 1.500000                  -160.536               -135.558461                           0.000        0.000             0.000                 0.000                                                                                17.00000000       85.063168       32000.000000                       1.0000     10.0117       13.0220    1.201752e-10
1 May 2024 19:23:21.000              23.010            0.0000        23.010                183.5455             0.0000            0.0000                 0.0000                     0.0000          183.5455                     0.342316                 1.500000                  -160.535               -135.557699                           0.000        0.000             0.000                 0.000                                                                                17.00000000       85.063930       32000.000000                       1.0000     10.0124       13.0227    1.197430e-10
1 May 2024 19:23:51.000              23.010            0.0000        23.010                183.5448             0.0000            0.0000                 0.0000                     0.0000          183.5448                     0.326917                 1.500000                  -160.534               -135.556970                           0.000        0.000             0.000                 0.000                                                                                17.00000000       85.064659       32000.000000                       1.0000     10.0132       13.0235    1.193312e-10
1 May 2024 19:24:21.000              23.010            0.0000        23.010                183.5441             0.0000            0.0000                 0.0000                     0.0000          183.5441                     0.311509                 1.500000                  -160.534               -135.556275                           0.000        0.000             0.000                 0.000                                                                                17.00000000       85.065354       32000.000000                       1.0000     10.0139       13.0242    1.189396e-10
1 May 2024 19:24:51.000              23.010            0.0000        23.010                183.5434             0.0000            0.0000                 0.0000                     0.0000          183.5434                     0.296092                 1.500000                  -160.533               -135.555614                           0.000        0.000             0.000                 0.000                                                                                17.00000000       85.066015       32000.000000                       1.0000     10.0145       13.0248    1.185680e-10
1 May 2024 19:25:21.000              23.010            0.0000        23.010                183.5428             0.0000            0.0000                 0.0000                     0.0000          183.5428                     0.280666                 1.500000                  -160.532               -135.554986                           0.000        0.000             0.000                 0.000                                                                                17.00000000       85.066643       32000.000000                       1.0000     10.0151       13.0254    1.182162e-10
1 May 2024 19:25:51.000              23.010            0.0000        23.010                183.5422             0.0000            0.0000                 0.0000                     0.0000          183.5422                     0.265233                 1.500000                  -160.532               -135.554391                           0.000        0.000             0.000                 0.000                                                                                17.00000000       85.067238       32000.000000                       1.0000     10.0157       13.0260    1.178842e-10
1 May 2024 19:26:21.000              23.010            0.0000        23.010                183.5416             0.0000            0.0000                 0.0000                     0.0000          183.5416                     0.249793                 1.500000                  -160.531               -135.553831                           0.000        0.000             0.000                 0.000                                                                                17.00000000       85.067798       32000.000000                       1.0000     10.0163       13.0266    1.175718e-10
1 May 2024 19:26:51.000              23.010            0.0000        23.010                183.5411             0.0000            0.0000                 0.0000                     0.0000          183.5411                     0.234346                 1.500000                  -160.531               -135.553303                           0.000        0.000             0.000                 0.000                                                                                17.00000000       85.068326       32000.000000                       1.0000     10.0168       13.0271    1.172787e-10
1 May 2024 19:27:21.000              23.010            0.0000        23.010                183.5406             0.0000            0.0000                 0.0000                     0.0000          183.5406                     0.218893                 1.500000                  -160.530               -135.552810                           0.000        0.000             0.000                 0.000                                                                                17.00000000       85.068819       32000.000000                       1.0000     10.0173       13.0276    1.170050e-10
1 May 2024 19:27:51.000              23.010            0.0000        23.010                183.5402             0.0000            0.0000                 0.0000                     0.0000          183.5402                     0.203434                 1.500000                  -160.530               -135.552350                           0.000        0.000             0.000                 0.000                                                                                17.00000000       85.069279       32000.000000                       1.0000     10.0178       13.0281    1.167505e-10
1 May 2024 19:28:21.000              23.010            0.0000        23.010                183.5397             0.0000            0.0000                 0.0000                     0.0000          183.5397                     0.187970                 1.500000                  -160.529               -135.551923                           0.000        0.000             0.000                 0.000                                                                                17.00000000       85.069706       32000.000000                       1.0000     10.0182       13.0285    1.165151e-10
1 May 2024 19:28:51.000              23.010            0.0000        23.010                183.5393             0.0000            0.0000                 0.0000                     0.0000          183.5393                     0.172501                 1.500000                  -160.529               -135.551531                           0.000        0.000             0.000                 0.000                                                                                17.00000000       85.070098       32000.000000                       1.0000     10.0186       13.0289    1.162987e-10
1 May 2024 19:29:21.000              23.010            0.0000        23.010                183.5390             0.0000            0.0000                 0.0000                     0.0000          183.5390                     0.157028                 1.500000                  -160.529               -135.551172                           0.000        0.000             0.000                 0.000                                                                                17.00000000       85.070457       32000.000000                       1.0000     10.0190       13.0293    1.161012e-10
1 May 2024 19:29:51.000              23.010            0.0000        23.010                183.5387             0.0000            0.0000                 0.0000                     0.0000          183.5387                     0.141552                 1.500000                  -160.528               -135.550847                           0.000        0.000             0.000                 0.000                                                                                17.00000000       85.070783       32000.000000                       1.0000     10.0193       13.0296    1.159225e-10
1 May 2024 19:30:21.000              23.010            0.0000        23.010                183.5384             0.0000            0.0000                 0.0000                     0.0000          183.5384                     0.126072                 1.500000                  -160.528               -135.550555                           0.000        0.000             0.000                 0.000                                                                                17.00000000       85.071074       32000.000000                       1.0000     10.0196       13.0299    1.157626e-10
1 May 2024 19:30:51.000              23.010            0.0000        23.010                183.5381             0.0000            0.0000                 0.0000                     0.0000          183.5381                     0.110590                 1.500000                  -160.528               -135.550297                           0.000        0.000             0.000                 0.000                                                                                17.00000000       85.071332       32000.000000                       1.0000     10.0198       13.0301    1.156213e-10
1 May 2024 19:31:21.000              23.010            0.0000        23.010                183.5379             0.0000            0.0000                 0.0000                     0.0000          183.5379                     0.095106                 1.500000                  -160.528               -135.550073                           0.000        0.000             0.000                 0.000                                                                                17.00000000       85.071556       32000.000000                       1.0000     10.0201       13.0304    1.154986e-10
1 May 2024 19:31:51.000              23.010            0.0000        23.010                183.5377             0.0000            0.0000                 0.0000                     0.0000          183.5377                     0.079621                 1.500000                  -160.527               -135.549883                           0.000        0.000             0.000                 0.000                                                                                17.00000000       85.071746       32000.000000                       1.0000     10.0202       13.0305    1.153945e-10
1 May 2024 19:32:21.000              23.010            0.0000        23.010                183.5375             0.0000            0.0000                 0.0000                     0.0000          183.5375                     0.064135                 1.500000                  -160.527               -135.549726                           0.000        0.000             0.000                 0.000                                                                                17.00000000       85.071903       32000.000000                       1.0000     10.0204       13.0307    1.153090e-10
1 May 2024 19:32:51.000              23.010            0.0000        23.010                183.5374             0.0000            0.0000                 0.0000                     0.0000          183.5374                     0.048648                 1.500000                  -160.527               -135.549603                           0.000        0.000             0.000                 0.000                                                                                17.00000000       85.072026       32000.000000                       1.0000     10.0205       13.0308    1.152419e-10
1 May 2024 19:33:21.000              23.010            0.0000        23.010                183.5373             0.0000            0.0000                 0.0000                     0.0000          183.5373                     0.033161                 1.500000                  -160.527               -135.549514                           0.000        0.000             0.000                 0.000                                                                                17.00000000       85.072115       32000.000000                       1.0000     10.0206       13.0309    1.151932e-10
1 May 2024 19:33:51.000              23.010            0.0000        23.010                183.5373             0.0000            0.0000                 0.0000                     0.0000          183.5373                     0.017675                 1.500000                  -160.527               -135.549459                           0.000        0.000             0.000                 0.000                                                                                17.00000000       85.072170       32000.000000                       1.0000     10.0207       13.0310    1.151630e-10
1 May 2024 19:34:21.000              23.010            0.0000        23.010                183.5372             0.0000            0.0000                 0.0000                     0.0000          183.5372                     0.002190                 1.500000                  -160.527               -135.549437                           0.000        0.000             0.000                 0.000                                                                                17.00000000       85.072192       32000.000000                       1.0000     10.0207       13.0310    1.151512e-10
1 May 2024 19:34:51.000              23.010            0.0000        23.010                183.5373             0.0000            0.0000                 0.0000                     0.0000          183.5373                    -0.013293                 1.500000                  -160.527               -135.549449                           0.000        0.000             0.000                 0.000                                                                                17.00000000       85.072180       32000.000000                       1.0000     10.0207       13.0310    1.151578e-10
1 May 2024 19:35:21.000              23.010            0.0000        23.010                183.5373             0.0000            0.0000                 0.0000                     0.0000          183.5373                    -0.028774                 1.500000                  -160.527               -135.549495                           0.000        0.000             0.000                 0.000                                                                                17.00000000       85.072134       32000.000000                       1.0000     10.0206       13.0309    1.151828e-10
1 May 2024 19:35:51.000              23.010            0.0000        23.010                183.5374             0.0000            0.0000                 0.0000                     0.0000          183.5374                    -0.044252                 1.500000                  -160.527               -135.549575                           0.000        0.000             0.000                 0.000                                                                                17.00000000       85.072055       32000.000000                       1.0000     10.0206       13.0309    1.152262e-10
1 May 2024 19:36:21.000              23.010            0.0000        23.010                183.5375             0.0000            0.0000                 0.0000                     0.0000          183.5375                    -0.059727                 1.500000                  -160.527               -135.549688                           0.000        0.000             0.000                 0.000                                                                                17.00000000       85.071941       32000.000000                       1.0000     10.0204       13.0307    1.152881e-10
1 May 2024 19:36:51.000              23.010            0.0000        23.010                183.5376             0.0000            0.0000                 0.0000                     0.0000          183.5376                    -0.075199                 1.500000                  -160.527               -135.549835                           0.000        0.000             0.000                 0.000                                                                                17.00000000       85.071794       32000.000000                       1.0000     10.0203       13.0306    1.153684e-10
1 May 2024 19:37:21.000              23.010            0.0000        23.010                183.5378             0.0000            0.0000                 0.0000                     0.0000          183.5378                    -0.090666                 1.500000                  -160.528               -135.550016                           0.000        0.000             0.000                 0.000                                                                                17.00000000       85.071614       32000.000000                       1.0000     10.0201       13.0304    1.154672e-10
1 May 2024 19:37:51.000              23.010            0.0000        23.010                183.5380             0.0000            0.0000                 0.0000                     0.0000          183.5380                    -0.106128                 1.500000                  -160.528               -135.550230                           0.000        0.000             0.000                 0.000                                                                                17.00000000       85.071399       32000.000000                       1.0000     10.0199       13.0302    1.155845e-10
1 May 2024 19:38:21.000              23.010            0.0000        23.010                183.5383             0.0000            0.0000                 0.0000                     0.0000          183.5383                    -0.121585                 1.500000                  -160.528               -135.550478                           0.000        0.000             0.000                 0.000                                                                                17.00000000       85.071151       32000.000000                       1.0000     10.0197       13.0300    1.157204e-10
1 May 2024 19:38:51.000              23.010            0.0000        23.010                183.5386             0.0000            0.0000                 0.0000                     0.0000          183.5386                    -0.137036                 1.500000                  -160.528               -135.550760                           0.000        0.000             0.000                 0.000                                                                                17.00000000       85.070869       32000.000000                       1.0000     10.0194       13.0297    1.158749e-10
1 May 2024 19:39:21.000              23.010            0.0000        23.010                183.5389             0.0000            0.0000                 0.0000                     0.0000          183.5389                    -0.152481                 1.500000                  -160.529               -135.551075                           0.000        0.000             0.000                 0.000                                                                                17.00000000       85.070554       32000.000000                       1.0000     10.0191       13.0294    1.160481e-10
1 May 2024 19:39:51.000              23.010            0.0000        23.010                183.5392             0.0000            0.0000                 0.0000                     0.0000          183.5392                    -0.167918                 1.500000                  -160.529               -135.551424                           0.000        0.000             0.000                 0.000                                                                                17.00000000       85.070205       32000.000000                       1.0000     10.0187       13.0290    1.162400e-10
1 May 2024 19:40:21.000              23.010            0.0000        23.010                183.5396             0.0000            0.0000                 0.0000                     0.0000          183.5396                    -0.183349                 1.500000                  -160.529               -135.551807                           0.000        0.000             0.000                 0.000                                                                                17.00000000       85.069822       32000.000000                       1.0000     10.0183       13.0286    1.164508e-10
1 May 2024 19:40:51.000              23.010            0.0000        23.010                183.5400             0.0000            0.0000                 0.0000                     0.0000          183.5400                    -0.198771                 1.500000                  -160.530               -135.552223                           0.000        0.000             0.000                 0.000                                                                                17.00000000       85.069406       32000.000000                       1.0000     10.0179       13.0282    1.166805e-10
1 May 2024 19:41:21.000              23.010            0.0000        23.010                183.5405             0.0000            0.0000                 0.0000                     0.0000          183.5405                    -0.214185                 1.500000                  -160.530               -135.552673                           0.000        0.000             0.000                 0.000                                                                                17.00000000       85.068956       32000.000000                       1.0000     10.0175       13.0278    1.169292e-10
1 May 2024 19:41:51.000              23.010            0.0000        23.010                183.5410             0.0000            0.0000                 0.0000                     0.0000          183.5410                    -0.229591                 1.500000                  -160.531               -135.553156                           0.000        0.000             0.000                 0.000                                                                                17.00000000       85.068473       32000.000000                       1.0000     10.0170       13.0273    1.171971e-10
1 May 2024 19:42:21.000              23.010            0.0000        23.010                183.5415             0.0000            0.0000                 0.0000                     0.0000          183.5415                    -0.244987                 1.500000                  -160.531               -135.553673                           0.000        0.000             0.000                 0.000                                                                                17.00000000       85.067956       32000.000000                       1.0000     10.0165       13.0268    1.174841e-10
1 May 2024 19:42:51.000              23.010            0.0000        23.010                183.5420             0.0000            0.0000                 0.0000                     0.0000          183.5420                    -0.260372                 1.500000                  -160.532               -135.554223                           0.000        0.000             0.000                 0.000                                                                                17.00000000       85.067406       32000.000000                       1.0000     10.0159       13.0262    1.177905e-10
1 May 2024 19:43:21.000              23.010            0.0000        23.010                183.5426             0.0000            0.0000                 0.0000                     0.0000          183.5426                    -0.275748                 1.500000                  -160.532               -135.554807                           0.000        0.000             0.000                 0.000                                                                                17.00000000       85.066822       32000.000000                       1.0000     10.0153       13.0256    1.181163e-10
1 May 2024 19:43:51.000              23.010            0.0000        23.010                183.5432             0.0000            0.0000                 0.0000                     0.0000          183.5432                    -0.291112                 1.500000                  -160.533               -135.555424                           0.000        0.000             0.000                 0.000                                                                                17.00000000       85.066205       32000.000000                       1.0000     10.0147       13.0250    1.184617e-10
1 May 2024 19:44:21.000              23.010            0.0000        23.010                183.5439             0.0000            0.0000                 0.0000                     0.0000          183.5439                    -0.306465                 1.500000                  -160.534               -135.556075                           0.000        0.000             0.000                 0.000                                                                                17.00000000       85.065554       32000.000000                       1.0000     10.0141       13.0244    1.188269e-10
1 May 2024 19:44:51.000              23.010            0.0000        23.010                183.5446             0.0000            0.0000                 0.0000                     0.0000          183.5446                    -0.321806                 1.500000                  -160.534               -135.556759                           0.000        0.000             0.000                 0.000                                                                                17.00000000       85.064870       32000.000000                       1.0000     10.0134       13.0237    1.192119e-10
1 May 2024 19:45:21.000              23.010            0.0000        23.010                183.5453             0.0000            0.0000                 0.0000                     0.0000          183.5453                    -0.337135                 1.500000                  -160.535               -135.557476                           0.000        0.000             0.000                 0.000                                                                                17.00000000       85.064153       32000.000000                       1.0000     10.0127       13.0230    1.196170e-10
1 May 2024 19:45:51.000              23.010            0.0000        23.010                183.5460             0.0000            0.0000                 0.0000                     0.0000          183.5460                    -0.352451                 1.500000                  -160.536               -135.558227                           0.000        0.000             0.000                 0.000                                                                                17.00000000       85.063402       32000.000000                       1.0000     10.0119       13.0222    1.200423e-10
1 May 2024 19:46:21.000              23.010            0.0000        23.010                183.5468             0.0000            0.0000                 0.0000                     0.0000          183.5468                    -0.367753                 1.500000                  -160.537               -135.559011                           0.000        0.000             0.000                 0.000                                                                                17.00000000       85.062618       32000.000000                       1.0000     10.0111       13.0214    1.204880e-10
1 May 2024 19:46:51.000              23.010            0.0000        23.010                183.5476             0.0000            0.0000                 0.0000                     0.0000          183.5476                    -0.383041                 1.500000                  -160.537               -135.559828                           0.000        0.000             0.000                 0.000                                                                                17.00000000       85.061801       32000.000000                       1.0000     10.0103       13.0206    1.209542e-10
1 May 2024 19:47:21.000              23.010            0.0000        23.010                183.5485             0.0000            0.0000                 0.0000                     0.0000          183.5485                    -0.398315                 1.500000                  -160.538               -135.560678                           0.000        0.000             0.000                 0.000                                                                                17.00000000       85.060951       32000.000000                       1.0000     10.0095       13.0198    1.214412e-10
1 May 2024 19:47:51.000              23.010            0.0000        23.010                183.5494             0.0000            0.0000                 0.0000                     0.0000          183.5494                    -0.413574                 1.500000                  -160.539               -135.561562                           0.000        0.000             0.000                 0.000                                                                                17.00000000       85.060067       32000.000000                       1.0000     10.0086       13.0189    1.219491e-10
1 May 2024 19:48:21.000              23.010            0.0000        23.010                183.5503             0.0000            0.0000                 0.0000                     0.0000          183.5503                    -0.428817                 1.500000                  -160.540               -135.562478                           0.000        0.000             0.000                 0.000                                                                                17.00000000       85.059151       32000.000000                       1.0000     10.0077       13.0180    1.224782e-10
1 May 2024 19:48:51.000              23.010            0.0000        23.010                183.5512             0.0000            0.0000                 0.0000                     0.0000          183.5512                    -0.444044                 1.500000                  -160.541               -135.563428                           0.000        0.000             0.000                 0.000                                                                                17.00000000       85.058201       32000.000000                       1.0000     10.0067       13.0170    1.230287e-10
1 May 2024 19:49:21.000              23.010            0.0000        23.010                183.5522             0.0000            0.0000                 0.0000                     0.0000          183.5522                    -0.459255                 1.500000                  -160.542               -135.564410                           0.000        0.000             0.000                 0.000                                                                                17.00000000       85.057219       32000.000000                       1.0000     10.0057       13.0160    1.236008e-10
1 May 2024 19:49:51.000              23.010            0.0000        23.010                183.5532             0.0000            0.0000                 0.0000                     0.0000          183.5532                    -0.474450                 1.500000                  -160.543               -135.565426                           0.000        0.000             0.000                 0.000                                                                                17.00000000       85.056203       32000.000000                       1.0000     10.0047       13.0150    1.241948e-10
1 May 2024 19:50:21.000              23.010            0.0000        23.010                183.5543             0.0000            0.0000                 0.0000                     0.0000          183.5543                    -0.489626                 1.500000                  -160.544               -135.566474                           0.000        0.000             0.000                 0.000                                                                                17.00000000       85.055155       32000.000000                       1.0000     10.0037       13.0140    1.248108e-10
1 May 2024 19:50:51.000              23.010            0.0000        23.010                183.5554             0.0000            0.0000                 0.0000                     0.0000          183.5554                    -0.504785                 1.499999                  -160.545               -135.567556                           0.000        0.000             0.000                 0.000                                                                                17.00000000       85.054074       32000.000000                       1.0000     10.0026       13.0129    1.254493e-10
1 May 2024 19:51:21.000              23.010            0.0000        23.010                183.5565             0.0000            0.0000                 0.0000                     0.0000          183.5565                    -0.519926                 1.499999                  -160.546               -135.568670                           0.000        0.000             0.000                 0.000                                                                                17.00000000       85.052960       32000.000000                       1.0000     10.0015       13.0118    1.261103e-10
1 May 2024 19:51:51.000              23.010            0.0000        23.010                183.5576             0.0000            0.0000                 0.0000                     0.0000          183.5576                    -0.535047                 1.499999                  -160.547               -135.569816                           0.000        0.000             0.000                 0.000                                                                                17.00000000       85.051813       32000.000000                       1.0000     10.0003       13.0106    1.267942e-10
1 May 2024 19:52:21.000              23.010            0.0000        23.010                183.5588             0.0000            0.0000                 0.0000                     0.0000          183.5588                    -0.550149                 1.499999                  -160.549               -135.570996                           0.000        0.000             0.000                 0.000                                                                                17.00000000       85.050633       32000.000000                       1.0000      9.9991       13.0094    1.275013e-10
1 May 2024 19:52:51.000              23.010            0.0000        23.010                183.5600             0.0000            0.0000                 0.0000                     0.0000          183.5600                    -0.565232                 1.499999                  -160.550               -135.572208                           0.000        0.000             0.000                 0.000                                                                                17.00000000       85.049421       32000.000000                       1.0000      9.9979       13.0082    1.282319e-10
1 May 2024 19:53:21.000              23.010            0.0000        23.010                183.5613             0.0000            0.0000                 0.0000                     0.0000          183.5613                    -0.580294                 1.499999                  -160.551               -135.573453                           0.000        0.000             0.000                 0.000                                                                                17.00000000       85.048176       32000.000000                       1.0000      9.9967       13.0070    1.289863e-10
1 May 2024 19:53:51.000              23.010            0.0000        23.010                183.5625             0.0000            0.0000                 0.0000                     0.0000          183.5625                    -0.595336                 1.499999                  -160.552               -135.574730                           0.000        0.000             0.000                 0.000                                                                                17.00000000       85.046899       32000.000000                       1.0000      9.9954       13.0057    1.297648e-10
1 May 2024 19:54:21.000              23.010            0.0000        23.010                183.5638             0.0000            0.0000                 0.0000                     0.0000          183.5638                    -0.610356                 1.499999                  -160.554               -135.576040                           0.000        0.000             0.000                 0.000                                                                                17.00000000       85.045589       32000.000000                       1.0000      9.9941       13.0044    1.305677e-10
1 May 2024 19:54:51.000              23.010            0.0000        23.010                183.5652             0.0000            0.0000                 0.0000                     0.0000          183.5652                    -0.625354                 1.499999                  -160.555               -135.577382                           0.000        0.000             0.000                 0.000                                                                                17.00000000       85.044247       32000.000000                       1.0000      9.9927       13.0030    1.313954e-10
1 May 2024 19:55:21.000              23.010            0.0000        23.010                183.5666             0.0000            0.0000                 0.0000                     0.0000          183.5666                    -0.640331                 1.499999                  -160.556               -135.578757                           0.000        0.000             0.000                 0.000                                                                                17.00000000       85.042872       32000.000000                       1.0000      9.9914       13.0017    1.322482e-10
1 May 2024 19:55:51.000              23.010            0.0000        23.010                183.5680             0.0000            0.0000                 0.0000                     0.0000          183.5680                    -0.655284                 1.499999                  -160.558               -135.580163                           0.000        0.000             0.000                 0.000                                                                                17.00000000       85.041466       32000.000000                       1.0000      9.9900       13.0003    1.331265e-10
1 May 2024 19:56:21.000              23.010            0.0000        23.010                183.5694             0.0000            0.0000                 0.0000                     0.0000          183.5694                    -0.670215                 1.499999                  -160.559               -135.581602                           0.000        0.000             0.000                 0.000                                                                                17.00000000       85.040027       32000.000000                       1.0000      9.9885       12.9988    1.340307e-10
1 May 2024 19:56:51.000              23.010            0.0000        23.010                183.5709             0.0000            0.0000                 0.0000                     0.0000          183.5709                    -0.685122                 1.499999                  -160.561               -135.583074                           0.000        0.000             0.000                 0.000                                                                                17.00000000       85.038555       32000.000000                       1.0000      9.9871       12.9974    1.349611e-10
1 May 2024 19:57:21.000              23.010            0.0000        23.010                183.5724             0.0000            0.0000                 0.0000                     0.0000          183.5724                    -0.700005                 1.499999                  -160.562               -135.584577                           0.000        0.000             0.000                 0.000                                                                                17.00000000       85.037052       32000.000000                       1.0000      9.9856       12.9959    1.359181e-10
1 May 2024 19:57:51.000              23.010            0.0000        23.010                183.5739             0.0000            0.0000                 0.0000                     0.0000          183.5739                    -0.714864                 1.499999                  -160.564               -135.586112                           0.000        0.000             0.000                 0.000                                                                                17.00000000       85.035517       32000.000000                       1.0000      9.9840       12.9943    1.369022e-10
1 May 2024 19:58:21.000              23.010            0.0000        23.010                183.5755             0.0000            0.0000                 0.0000                     0.0000          183.5755                    -0.729698                 1.499999                  -160.565               -135.587679                           0.000        0.000             0.000                 0.000                                                                                17.00000000       85.033950       32000.000000                       1.0000      9.9825       12.9928    1.379137e-10
1 May 2024 19:58:51.000              23.010            0.0000        23.010                183.5771             0.0000            0.0000                 0.0000                     0.0000          183.5771                    -0.744506                 1.499999                  -160.567               -135.589278                           0.000        0.000             0.000                 0.000                                                                                17.00000000       85.032351       32000.000000                       1.0000      9.9809       12.9912    1.389531e-10
1 May 2024 19:59:21.000              23.010            0.0000        23.010                183.5787             0.0000            0.0000                 0.0000                     0.0000          183.5787                    -0.759288                 1.499999                  -160.568               -135.590909                           0.000        0.000             0.000                 0.000                                                                                17.00000000       85.030720       32000.000000                       1.0000      9.9792       12.9895    1.400209e-10
1 May 2024 19:59:51.000              23.010            0.0000        23.010                183.5804             0.0000            0.0000                 0.0000                     0.0000          183.5804                    -0.774045                 1.499999                  -160.570               -135.592572                           0.000        0.000             0.000                 0.000                                                                                17.00000000       85.029057       32000.000000                       1.0000      9.9776       12.9879    1.411175e-10
1 May 2024 20:00:21.000              23.010            0.0000        23.010                183.5821             0.0000            0.0000                 0.0000                     0.0000          183.5821                    -0.788774                 1.499999                  -160.572               -135.594266                           0.000        0.000             0.000                 0.000                                                                                17.00000000       85.027363       32000.000000                       1.0000      9.9759       12.9862    1.422434e-10
1 May 2024 20:00:51.000              23.010            0.0000        23.010                183.5838             0.0000            0.0000                 0.0000                     0.0000          183.5838                    -0.803476                 1.499999                  -160.574               -135.595992                           0.000        0.000             0.000                 0.000                                                                                17.00000000       85.025637       32000.000000                       1.0000      9.9741       12.9844    1.433990e-10
1 May 2024 20:01:21.000              23.010            0.0000        23.010                183.5856             0.0000            0.0000                 0.0000                     0.0000          183.5856                    -0.818151                 1.499999                  -160.575               -135.597749                           0.000        0.000             0.000                 0.000                                                                                17.00000000       85.023880       32000.000000                       1.0000      9.9724       12.9827    1.445850e-10
1 May 2024 20:01:51.000              23.010            0.0000        23.010                183.5873             0.0000            0.0000                 0.0000                     0.0000          183.5873                    -0.832798                 1.499999                  -160.577               -135.599538                           0.000        0.000             0.000                 0.000                                                                                17.00000000       85.022092       32000.000000                       1.0000      9.9706       12.9809    1.458016e-10
1 May 2024 20:02:21.000              23.010            0.0000        23.010                183.5892             0.0000            0.0000                 0.0000                     0.0000          183.5892                    -0.847416                 1.499999                  -160.579               -135.601357                           0.000        0.000             0.000                 0.000                                                                                17.00000000       85.020272       32000.000000                       1.0000      9.9688       12.9791    1.470496e-10
1 May 2024 20:02:51.000              23.010            0.0000        23.010                183.5910             0.0000            0.0000                 0.0000                     0.0000          183.5910                    -0.862005                 1.499999                  -160.581               -135.603209                           0.000        0.000             0.000                 0.000                                                                                17.00000000       85.018420       32000.000000                       1.0000      9.9669       12.9772    1.483295e-10
1 May 2024 20:03:21.000              23.010            0.0000        23.010                183.5929             0.0000            0.0000                 0.0000                     0.0000          183.5929                    -0.876565                 1.499999                  -160.583               -135.605091                           0.000        0.000             0.000                 0.000                                                                                17.00000000       85.016538       32000.000000                       1.0000      9.9650       12.9753    1.496418e-10
1 May 2024 20:03:51.000              23.010            0.0000        23.010                183.5948             0.0000            0.0000                 0.0000                     0.0000          183.5948                    -0.891095                 1.499999                  -160.585               -135.607005                           0.000        0.000             0.000                 0.000                                                                                17.00000000       85.014625       32000.000000                       1.0000      9.9631       12.9734    1.509870e-10
1 May 2024 20:04:21.000              23.010            0.0000        23.010                183.5968             0.0000            0.0000                 0.0000                     0.0000          183.5968                    -0.905595                 1.499999                  -160.586               -135.608949                           0.000        0.000             0.000                 0.000                                                                                17.00000000       85.012680       32000.000000                       1.0000      9.9612       12.9715    1.523658e-10
1 May 2024 20:04:51.000              23.010            0.0000        23.010                183.5987             0.0000            0.0000                 0.0000                     0.0000          183.5987                    -0.920065                 1.499999                  -160.588               -135.610924                           0.000        0.000             0.000                 0.000                                                                                17.00000000       85.010705       32000.000000                       1.0000      9.9592       12.9695    1.537789e-10
1 May 2024 20:05:21.000              23.010            0.0000        23.010                183.6007             0.0000            0.0000                 0.0000                     0.0000          183.6007                    -0.934503                 1.499999                  -160.590               -135.612931                           0.000        0.000             0.000                 0.000                                                                                17.00000000       85.008698       32000.000000                       1.0000      9.9572       12.9675    1.552267e-10
1 May 2024 20:05:51.000              23.010            0.0000        23.010                183.6028             0.0000            0.0000                 0.0000                     0.0000          183.6028                    -0.948910                 1.499999                  -160.592               -135.614968                           0.000        0.000             0.000                 0.000                                                                                17.00000000       85.006662       32000.000000                       1.0000      9.9552       12.9655    1.567099e-10
1 May 2024 20:06:21.000              23.010            0.0000        23.010                183.6048             0.0000            0.0000                 0.0000                     0.0000          183.6048                    -0.963285                 1.499999                  -160.595               -135.617035                           0.000        0.000             0.000                 0.000                                                                                17.00000000       85.004594       32000.000000                       1.0000      9.9531       12.9634    1.582293e-10
1 May 2024 20:06:51.000              23.010            0.0000        23.010                183.6069             0.0000            0.0000                 0.0000                     0.0000          183.6069                    -0.977628                 1.499999                  -160.597               -135.619133                           0.000        0.000             0.000                 0.000                                                                                17.00000000       85.002496       32000.000000                       1.0000      9.9510       12.9613    1.597855e-10
1 May 2024 20:07:21.000              23.010            0.0000        23.010                183.6091             0.0000            0.0000                 0.0000                     0.0000          183.6091                    -0.991938                 1.499999                  -160.599               -135.621262                           0.000        0.000             0.000                 0.000                                                                                17.00000000       85.000367       32000.000000                       1.0000      9.9489       12.9592    1.613791e-10
1 May 2024 20:07:51.000              23.010            0.0000        23.010                183.6112             0.0000            0.0000                 0.0000                     0.0000          183.6112                    -1.006215                 1.499999                  -160.601               -135.623421                           0.000        0.000             0.000                 0.000                                                                                17.00000000       84.998208       32000.000000                       1.0000      9.9467       12.9570    1.630108e-10
1 May 2024 20:08:21.000              23.010            0.0000        23.010                183.6134             0.0000            0.0000                 0.0000                     0.0000          183.6134                    -1.020458                 1.499999                  -160.603               -135.625610                           0.000        0.000             0.000                 0.000                                                                                17.00000000       84.996019       32000.000000                       1.0000      9.9445       12.9548    1.646815e-10
1 May 2024 20:08:51.000              23.010            0.0000        23.010                183.6156             0.0000            0.0000                 0.0000                     0.0000          183.6156                    -1.034668                 1.499999                  -160.605               -135.627829                           0.000        0.000             0.000                 0.000                                                                                17.00000000       84.993800       32000.000000                       1.0000      9.9423       12.9526    1.663919e-10
1 May 2024 20:09:21.000              23.010            0.0000        23.010                183.6179             0.0000            0.0000                 0.0000                     0.0000          183.6179                    -1.048843                 1.499999                  -160.608               -135.630079                           0.000        0.000             0.000                 0.000                                                                                17.00000000       84.991550       32000.000000                       1.0000      9.9401       12.9504    1.681426e-10
1 May 2024 20:09:51.000              23.010            0.0000        23.010                183.6202             0.0000            0.0000                 0.0000                     0.0000          183.6202                    -1.062983                 1.499999                  -160.610               -135.632358                           0.000        0.000             0.000                 0.000                                                                                17.00000000       84.989271       32000.000000                       1.0000      9.9378       12.9481    1.699346e-10
1 May 2024 20:10:21.000              23.010            0.0000        23.010                183.6225             0.0000            0.0000                 0.0000                     0.0000          183.6225                    -1.077089                 1.499999                  -160.612               -135.634667                           0.000        0.000             0.000                 0.000                                                                                17.00000000       84.986962       32000.000000                       1.0000      9.9355       12.9458    1.717686e-10
1 May 2024 20:10:51.000              23.010            0.0000        23.010                183.6248             0.0000            0.0000                 0.0000                     0.0000          183.6248                    -1.091159                 1.499999                  -160.615               -135.637006                           0.000        0.000             0.000                 0.000                                                                                17.00000000       84.984623       32000.000000                       1.0000      9.9331       12.9434    1.736454e-10
1 May 2024 20:11:21.000              23.010            0.0000        23.010                183.6272             0.0000            0.0000                 0.0000                     0.0000          183.6272                    -1.105193                 1.499999                  -160.617               -135.639375                           0.000        0.000             0.000                 0.000                                                                                17.00000000       84.982254       32000.000000                       1.0000      9.9308       12.9411    1.755659e-10
1 May 2024 20:11:51.000              23.010            0.0000        23.010                183.6296             0.0000            0.0000                 0.0000                     0.0000          183.6296                    -1.119191                 1.499999                  -160.619               -135.641773                           0.000        0.000             0.000                 0.000                                                                                17.00000000       84.979856       32000.000000                       1.0000      9.9284       12.9387    1.775309e-10
1 May 2024 20:12:21.000              23.010            0.0000        23.010                183.6320             0.0000            0.0000                 0.0000                     0.0000          183.6320                    -1.133152                 1.499999                  -160.622               -135.644201                           0.000        0.000             0.000                 0.000                                                                                17.00000000       84.977428       32000.000000                       1.0000      9.9259       12.9362    1.795415e-10
1 May 2024 20:12:51.000              23.010            0.0000        23.010                183.6345             0.0000            0.0000                 0.0000                     0.0000          183.6345                    -1.147076                 1.499999                  -160.624               -135.646658                           0.000        0.000             0.000                 0.000                                                                                17.00000000       84.974971       32000.000000                       1.0000      9.9235       12.9338    1.815983e-10
1 May 2024 20:13:21.000              23.010            0.0000        23.010                183.6370             0.0000            0.0000                 0.0000                     0.0000          183.6370                    -1.160963                 1.499999                  -160.627               -135.649145                           0.000        0.000             0.000                 0.000                                                                                17.00000000       84.972484       32000.000000                       1.0000      9.9210       12.9313    1.837025e-10
1 May 2024 20:13:51.000              23.010            0.0000        23.010                183.6395             0.0000            0.0000                 0.0000                     0.0000          183.6395                    -1.174812                 1.499999                  -160.629               -135.651660                           0.000        0.000             0.000                 0.000                                                                                17.00000000       84.969969       32000.000000                       1.0000      9.9185       12.9288    1.858550e-10
1 May 2024 20:14:21.000              23.010            0.0000        23.010                183.6420             0.0000            0.0000                 0.0000                     0.0000          183.6420                    -1.188623                 1.499999                  -160.632               -135.654205                           0.000        0.000             0.000                 0.000                                                                                17.00000000       84.967424       32000.000000                       1.0000      9.9159       12.9262    1.880567e-10
1 May 2024 20:14:51.000              23.010            0.0000        23.010                183.6446             0.0000            0.0000                 0.0000                     0.0000          183.6446                    -1.202395                 1.499999                  -160.634               -135.656779                           0.000        0.000             0.000                 0.000                                                                                17.00000000       84.964851       32000.000000                       1.0000      9.9134       12.9237    1.903086e-10
1 May 2024 20:15:21.000              23.010            0.0000        23.010                183.6472             0.0000            0.0000                 0.0000                     0.0000          183.6472                    -1.216129                 1.499999                  -160.637               -135.659381                           0.000        0.000             0.000                 0.000                                                                                17.00000000       84.962248       32000.000000                       1.0000      9.9107       12.9210    1.926119e-10
1 May 2024 20:15:51.000              23.010            0.0000        23.010                183.6498             0.0000            0.0000                 0.0000                     0.0000          183.6498                    -1.229823                 1.499999                  -160.640               -135.662012                           0.000        0.000             0.000                 0.000                                                                                17.00000000       84.959617       32000.000000                       1.0000      9.9081       12.9184    1.949675e-10
1 May 2024 20:16:21.000              23.010            0.0000        23.010                183.6525             0.0000            0.0000                 0.0000                     0.0000          183.6525                    -1.243478                 1.499999                  -160.642               -135.664672                           0.000        0.000             0.000                 0.000                                                                                17.00000000       84.956957       32000.000000                       1.0000      9.9055       12.9158    1.973766e-10
1 May 2024 20:16:51.000              23.010            0.0000        23.010                183.6552             0.0000            0.0000                 0.0000                     0.0000          183.6552                    -1.257092                 1.499999                  -160.645               -135.667360                           0.000        0.000             0.000                 0.000                                                                                17.00000000       84.954269       32000.000000                       1.0000      9.9028       12.9131    1.998403e-10
1 May 2024 20:17:21.000              23.010            0.0000        23.010                183.6579             0.0000            0.0000                 0.0000                     0.0000          183.6579                    -1.270667                 1.499999                  -160.648               -135.670077                           0.000        0.000             0.000                 0.000                                                                                17.00000000       84.951553       32000.000000                       1.0000      9.9001       12.9104    2.023596e-10
1 May 2024 20:17:51.000              23.010            0.0000        23.010                183.6606             0.0000            0.0000                 0.0000                     0.0000          183.6606                    -1.284201                 1.499999                  -160.650               -135.672821                           0.000        0.000             0.000                 0.000                                                                                17.00000000       84.948808       32000.000000                       1.0000      9.8973       12.9076    2.049359e-10
1 May 2024 20:18:21.000              23.010            0.0000        23.010                183.6634             0.0000            0.0000                 0.0000                     0.0000          183.6634                    -1.297694                 1.499999                  -160.653               -135.675594                           0.000        0.000             0.000                 0.000                                                                                17.00000000       84.946035       32000.000000                       1.0000      9.8945       12.9048    2.075702e-10
1 May 2024 20:18:51.000              23.010            0.0000        23.010                183.6662             0.0000            0.0000                 0.0000                     0.0000          183.6662                    -1.311145                 1.499999                  -160.656               -135.678396                           0.000        0.000             0.000                 0.000                                                                                17.00000000       84.943234       32000.000000                       1.0000      9.8917       12.9020    2.102639e-10
1 May 2024 20:19:21.000              23.010            0.0000        23.010                183.6690             0.0000            0.0000                 0.0000                     0.0000          183.6690                    -1.324555                 1.499999                  -160.659               -135.681225                           0.000        0.000             0.000                 0.000                                                                                17.00000000       84.940405       32000.000000                       1.0000      9.8889       12.8992    2.130181e-10
1 May 2024 20:19:51.000              23.010            0.0000        23.010                183.6719             0.0000            0.0000                 0.0000                     0.0000          183.6719                    -1.337923                 1.499999                  -160.662               -135.684081                           0.000        0.000             0.000                 0.000                                                                                17.00000000       84.937548       32000.000000                       1.0000      9.8860       12.8963    2.158342e-10
1 May 2024 20:20:21.000              23.010            0.0000        23.010                183.6748             0.0000            0.0000                 0.0000                     0.0000          183.6748                    -1.351248                 1.499999                  -160.664               -135.686966                           0.000        0.000             0.000                 0.000                                                                                17.00000000       84.934663       32000.000000                       1.0000      9.8832       12.8935    2.187135e-10
1 May 2024 20:20:51.000              23.010            0.0000        23.010                183.6777             0.0000            0.0000                 0.0000                     0.0000          183.6777                    -1.364531                 1.499999                  -160.667               -135.689878                           0.000        0.000             0.000                 0.000                                                                                17.00000000       84.931751       32000.000000                       1.0000      9.8803       12.8906    2.216573e-10
1 May 2024 20:21:21.000              23.010            0.0000        23.010                183.6806             0.0000            0.0000                 0.0000                     0.0000          183.6806                    -1.377771                 1.499999                  -160.670               -135.692817                           0.000        0.000             0.000                 0.000                                                                                17.00000000       84.928812       32000.000000                       1.0000      9.8773       12.8876    2.246671e-10
1 May 2024 20:21:51.000              23.010            0.0000        23.010                183.6836             0.0000            0.0000                 0.0000                     0.0000          183.6836                    -1.390968                 1.499999                  -160.673               -135.695784                           0.000        0.000             0.000                 0.000                                                                                17.00000000       84.925845       32000.000000                       1.0000      9.8743       12.8846    2.277443e-10
1 May 2024 20:22:21.000              23.010            0.0000        23.010                183.6866             0.0000            0.0000                 0.0000                     0.0000          183.6866                    -1.404120                 1.499999                  -160.676               -135.698778                           0.000        0.000             0.000                 0.000                                                                                17.00000000       84.922851       32000.000000                       1.0000      9.8714       12.8817    2.308902e-10
1 May 2024 20:22:51.000              23.010            0.0000        23.010                183.6896             0.0000            0.0000                 0.0000                     0.0000          183.6896                    -1.417229                 1.499999                  -160.679               -135.701799                           0.000        0.000             0.000                 0.000                                                                                17.00000000       84.919830       32000.000000                       1.0000      9.8683       12.8786    2.341065e-10
1 May 2024 20:23:21.000              23.010            0.0000        23.010                183.6927             0.0000            0.0000                 0.0000                     0.0000          183.6927                    -1.430294                 1.499999                  -160.682               -135.704847                           0.000        0.000             0.000                 0.000                                                                                17.00000000       84.916782       32000.000000                       1.0000      9.8653       12.8756    2.373947e-10
1 May 2024 20:23:51.000              23.010            0.0000        23.010                183.6957             0.0000            0.0000                 0.0000                     0.0000          183.6957                    -1.443314                 1.499999                  -160.685               -135.707922                           0.000        0.000             0.000                 0.000                                                                                17.00000000       84.913707       32000.000000                       1.0000      9.8622       12.8725    2.407562e-10
1 May 2024 20:24:21.000              23.010            0.0000        23.010                183.6988             0.0000            0.0000                 0.0000                     0.0000          183.6988                    -1.456290                 1.499999                  -160.689               -135.711024                           0.000        0.000             0.000                 0.000                                                                                17.00000000       84.910605       32000.000000                       1.0000      9.8591       12.8694    2.441928e-10
1 May 2024 20:24:51.000              23.010            0.0000        23.010                183.7020             0.0000            0.0000                 0.0000                     0.0000          183.7020                    -1.469220                 1.499999                  -160.692               -135.714152                           0.000        0.000             0.000                 0.000                                                                                17.00000000       84.907477       32000.000000                       1.0000      9.8560       12.8663    2.477061e-10
1 May 2024 20:25:21.000              23.010            0.0000        23.010                183.7051             0.0000            0.0000                 0.0000                     0.0000          183.7051                    -1.482104                 1.499999                  -160.695               -135.717307                           0.000        0.000             0.000                 0.000                                                                                17.00000000       84.904322       32000.000000                       1.0000      9.8528       12.8631    2.512977e-10
1 May 2024 20:25:51.000              23.010            0.0000        23.010                183.7083             0.0000            0.0000                 0.0000                     0.0000          183.7083                    -1.494943                 1.499999                  -160.698               -135.720488                           0.000        0.000             0.000                 0.000                                                                                17.00000000       84.901141       32000.000000                       1.0000      9.8496       12.8599    2.549693e-10
1 May 2024 20:26:21.000              23.010            0.0000        23.010                183.7115             0.0000            0.0000                 0.0000                     0.0000          183.7115                    -1.507736                 1.499998                  -160.701               -135.723695                           0.000        0.000             0.000                 0.000                                                                                17.00000000       84.897934       32000.000000                       1.0000      9.8464       12.8567    2.587229e-10
1 May 2024 20:26:51.000              23.010            0.0000        23.010                183.7147             0.0000            0.0000                 0.0000                     0.0000          183.7147                    -1.520482                 1.499998                  -160.704               -135.726928                           0.000        0.000             0.000                 0.000                                                                                17.00000000       84.894701       32000.000000                       1.0000      9.8432       12.8535    2.625600e-10
1 May 2024 20:27:21.000              23.010            0.0000        23.010                183.7180             0.0000            0.0000                 0.0000                     0.0000          183.7180                    -1.533182                 1.499998                  -160.708               -135.730188                           0.000        0.000             0.000                 0.000                                                                                17.00000000       84.891441       32000.000000                       1.0000      9.8399       12.8502    2.664827e-10
1 May 2024 20:27:51.000              23.010            0.0000        23.010                183.7213             0.0000            0.0000                 0.0000                     0.0000          183.7213                    -1.545834                 1.499998                  -160.711               -135.733473                           0.000        0.000             0.000                 0.000                                                                                17.00000000       84.888156       32000.000000                       1.0000      9.8367       12.8470    2.704928e-10
1 May 2024 20:28:21.000              23.010            0.0000        23.010                183.7246             0.0000            0.0000                 0.0000                     0.0000          183.7246                    -1.558440                 1.499998                  -160.714               -135.736784                           0.000        0.000             0.000                 0.000                                                                                17.00000000       84.884846       32000.000000                       1.0000      9.8333       12.8436    2.745923e-10
1 May 2024 20:28:51.000              23.010            0.0000        23.010                183.7279             0.0000            0.0000                 0.0000                     0.0000          183.7279                    -1.570998                 1.499998                  -160.718               -135.740120                           0.000        0.000             0.000                 0.000                                                                                17.00000000       84.881509       32000.000000                       1.0000      9.8300       12.8403    2.787831e-10
1 May 2024 20:29:21.000              23.010            0.0000        23.010                183.7313             0.0000            0.0000                 0.0000                     0.0000          183.7313                    -1.583508                 1.499998                  -160.721               -135.743482                           0.000        0.000             0.000                 0.000                                                                                17.00000000       84.878147       32000.000000                       1.0000      9.8266       12.8369    2.830673e-10
1 May 2024 20:29:51.000              23.010            0.0000        23.010                183.7347             0.0000            0.0000                 0.0000                     0.0000          183.7347                    -1.595970                 1.499998                  -160.724               -135.746869                           0.000        0.000             0.000                 0.000                                                                                17.00000000       84.874760       32000.000000                       1.0000      9.8233       12.8336    2.874469e-10
1 May 2024 20:30:21.000              23.010            0.0000        23.010                183.7381             0.0000            0.0000                 0.0000                     0.0000          183.7381                    -1.608384                 1.499998                  -160.728               -135.750281                           0.000        0.000             0.000                 0.000                                                                                17.00000000       84.871348       32000.000000                       1.0000      9.8198       12.8301    2.919242e-10
1 May 2024 20:30:51.000              23.010            0.0000        23.010                183.7415             0.0000            0.0000                 0.0000                     0.0000          183.7415                    -1.620749                 1.499998                  -160.731               -135.753718                           0.000        0.000             0.000                 0.000                                                                                17.00000000       84.867911       32000.000000                       1.0000      9.8164       12.8267    2.965013e-10
1 May 2024 20:31:21.000              23.010            0.0000        23.010                183.7450             0.0000            0.0000                 0.0000                     0.0000          183.7450                    -1.633066                 1.499998                  -160.735               -135.757180                           0.000        0.000             0.000                 0.000                                                                                17.00000000       84.864449       32000.000000                       1.0000      9.8129       12.8232    3.011804e-10
1 May 2024 20:31:51.000              23.010            0.0000        23.010                183.7485             0.0000            0.0000                 0.0000                     0.0000          183.7485                    -1.645333                 1.499998                  -160.738               -135.760667                           0.000        0.000             0.000                 0.000                                                                                17.00000000       84.860962       32000.000000                       1.0000      9.8095       12.8198    3.059638e-10
1 May 2024 20:32:21.000              23.010            0.0000        23.010                183.7520             0.0000            0.0000                 0.0000                     0.0000          183.7520                    -1.657551                 1.499998                  -160.742               -135.764179                           0.000        0.000             0.000                 0.000                                                                                17.00000000       84.857450       32000.000000                       1.0000      9.8060       12.8163    3.108539e-10
1 May 2024 20:32:51.000              23.010            0.0000        23.010                183.7555             0.0000            0.0000                 0.0000                     0.0000          183.7555                    -1.669720                 1.499998                  -160.745               -135.767715                           0.000        0.000             0.000                 0.000                                                                                17.00000000       84.853914       32000.000000                       1.0000      9.8024       12.8127    3.158532e-10
1 May 2024 20:33:21.000              23.010            0.0000        23.010                183.7591             0.0000            0.0000                 0.0000                     0.0000          183.7591                    -1.681838                 1.499998                  -160.749               -135.771275                           0.000        0.000             0.000                 0.000                                                                                17.00000000       84.850354       32000.000000                       1.0000      9.7989       12.8092    3.209639e-10
1 May 2024 20:33:51.000              23.010            0.0000        23.010                183.7627             0.0000            0.0000                 0.0000                     0.0000          183.7627                    -1.693906                 1.499998                  -160.752               -135.774860                           0.000        0.000             0.000                 0.000                                                                                17.00000000       84.846769       32000.000000                       1.0000      9.7953       12.8056    3.261888e-10
1 May 2024 20:34:21.000              23.010            0.0000        23.010                183.7663             0.0000            0.0000                 0.0000                     0.0000          183.7663                    -1.705925                 1.499998                  -160.756               -135.778468                           0.000        0.000             0.000                 0.000                                                                                17.00000000       84.843161       32000.000000                       1.0000      9.7917       12.8020    3.315303e-10
1 May 2024 20:34:51.000              23.010            0.0000        23.010                183.7699             0.0000            0.0000                 0.0000                     0.0000          183.7699                    -1.717892                 1.499998                  -160.760               -135.782101                           0.000        0.000             0.000                 0.000                                                                                17.00000000       84.839528       32000.000000                       1.0000      9.7880       12.7983    3.369911e-10
1 May 2024 20:35:21.000              23.010            0.0000        23.010                183.7736             0.0000            0.0000                 0.0000                     0.0000          183.7736                    -1.729809                 1.499998                  -160.763               -135.785758                           0.000        0.000             0.000                 0.000                                                                                17.00000000       84.835872       32000.000000                       1.0000      9.7844       12.7947    3.425739e-10
1 May 2024 20:35:51.000              23.010            0.0000        23.010                183.7772             0.0000            0.0000                 0.0000                     0.0000          183.7772                    -1.741674                 1.499998                  -160.767               -135.789438                           0.000        0.000             0.000                 0.000                                                                                17.00000000       84.832191       32000.000000                       1.0000      9.7807       12.7910    3.482815e-10
1 May 2024 20:36:21.000              23.010            0.0000        23.010                183.7810             0.0000            0.0000                 0.0000                     0.0000          183.7810                    -1.753489                 1.499998                  -160.771               -135.793141                           0.000        0.000             0.000                 0.000                                                                                17.00000000       84.828488       32000.000000                       1.0000      9.7770       12.7873    3.541167e-10
1 May 2024 20:36:51.000              23.010            0.0000        23.010                183.7847             0.0000            0.0000                 0.0000                     0.0000          183.7847                    -1.765252                 1.499998                  -160.774               -135.796868                           0.000        0.000             0.000                 0.000                                                                                17.00000000       84.824761       32000.000000                       1.0000      9.7733       12.7836    3.600825e-10
1 May 2024 20:37:21.000              23.010            0.0000        23.010                183.7884             0.0000            0.0000                 0.0000                     0.0000          183.7884                    -1.776963                 1.499998                  -160.778               -135.800619                           0.000        0.000             0.000                 0.000                                                                                17.00000000       84.821011       32000.000000                       1.0000      9.7695       12.7798    3.661817e-10
1 May 2024 20:37:51.000              23.010            0.0000        23.010                183.7922             0.0000            0.0000                 0.0000                     0.0000          183.7922                    -1.788622                 1.499998                  -160.782               -135.804392                           0.000        0.000             0.000                 0.000                                                                                17.00000000       84.817237       32000.000000                       1.0000      9.7657       12.7760    3.724175e-10
1 May 2024 20:38:21.000              23.010            0.0000        23.010                183.7960             0.0000            0.0000                 0.0000                     0.0000          183.7960                    -1.800229                 1.499998                  -160.786               -135.808188                           0.000        0.000             0.000                 0.000                                                                                17.00000000       84.813441       32000.000000                       1.0000      9.7619       12.7722    3.787929e-10
1 May 2024 20:38:51.000              23.010            0.0000        23.010                183.7998             0.0000            0.0000                 0.0000                     0.0000          183.7998                    -1.811784                 1.499998                  -160.790               -135.812007                           0.000        0.000             0.000                 0.000                                                                                17.00000000       84.809622       32000.000000                       1.0000      9.7581       12.7684    3.853111e-10
1 May 2024 20:39:21.000              23.010            0.0000        23.010                183.8037             0.0000            0.0000                 0.0000                     0.0000          183.8037                    -1.823286                 1.499998                  -160.793               -135.815849                           0.000        0.000             0.000                 0.000                                                                                17.00000000       84.805780       32000.000000                       1.0000      9.7543       12.7646    3.919755e-10
1 May 2024 20:39:51.000              23.010            0.0000        23.010                183.8075             0.0000            0.0000                 0.0000                     0.0000          183.8075                    -1.834735                 1.499998                  -160.797               -135.819714                           0.000        0.000             0.000                 0.000                                                                                17.00000000       84.801915       32000.000000                       1.0000      9.7504       12.7607    3.987892e-10
1 May 2024 20:40:21.000              23.010            0.0000        23.010                183.8114             0.0000            0.0000                 0.0000                     0.0000          183.8114                    -1.846132                 1.499998                  -160.801               -135.823601                           0.000        0.000             0.000                 0.000                                                                                17.00000000       84.798029       32000.000000                       1.0000      9.7465       12.7568    4.057558e-10
1 May 2024 20:40:51.000              23.010            0.0000        23.010                183.8153             0.0000            0.0000                 0.0000                     0.0000          183.8153                    -1.857475                 1.499998                  -160.805               -135.827510                           0.000        0.000             0.000                 0.000                                                                                17.00000000       84.794120       32000.000000                       1.0000      9.7426       12.7529    4.128788e-10
1 May 2024 20:41:21.000              23.010            0.0000        23.010                183.8193             0.0000            0.0000                 0.0000                     0.0000          183.8193                    -1.868765                 1.499998                  -160.809               -135.831441                           0.000        0.000             0.000                 0.000                                                                                17.00000000       84.790188       32000.000000                       1.0000      9.7387       12.7490    4.201617e-10
1 May 2024 20:41:51.000              23.010            0.0000        23.010                183.8232             0.0000            0.0000                 0.0000                     0.0000          183.8232                    -1.880001                 1.499998                  -160.813               -135.835394                           0.000        0.000             0.000                 0.000                                                                                17.00000000       84.786235       32000.000000                       1.0000      9.7347       12.7450    4.276082e-10
1 May 2024 20:42:21.000              23.010            0.0000        23.010                183.8272             0.0000            0.0000                 0.0000                     0.0000          183.8272                    -1.891184                 1.499998                  -160.817               -135.839369                           0.000        0.000             0.000                 0.000                                                                                17.00000000       84.782260       32000.000000                       1.0000      9.7308       12.7411    4.352220e-10
1 May 2024 20:42:51.000              23.010            0.0000        23.010                183.8312             0.0000            0.0000                 0.0000                     0.0000          183.8312                    -1.902312                 1.499998                  -160.821               -135.843366                           0.000        0.000             0.000                 0.000                                                                                17.00000000       84.778264       32000.000000                       1.0000      9.7268       12.7371    4.430070e-10
1 May 2024 20:43:21.000              23.010            0.0000        23.010                183.8352             0.0000            0.0000                 0.0000                     0.0000          183.8352                    -1.913387                 1.499998                  -160.825               -135.847384                           0.000        0.000             0.000                 0.000                                                                                17.00000000       84.774245       32000.000000                       1.0000      9.7227       12.7330    4.509671e-10
1 May 2024 20:43:51.000              23.010            0.0000        23.010                183.8392             0.0000            0.0000                 0.0000                     0.0000          183.8392                    -1.924407                 1.499998                  -160.829               -135.851423                           0.000        0.000             0.000                 0.000                                                                                17.00000000       84.770206       32000.000000                       1.0000      9.7187       12.7290    4.591063e-10
1 May 2024 20:44:21.000              23.010            0.0000        23.010                183.8433             0.0000            0.0000                 0.0000                     0.0000          183.8433                    -1.935372                 1.499998                  -160.833               -135.855484                           0.000        0.000             0.000                 0.000                                                                                17.00000000       84.766145       32000.000000                       1.0000      9.7146       12.7249    4.674287e-10
1 May 2024 20:44:51.000              23.010            0.0000        23.010                183.8474             0.0000            0.0000                 0.0000                     0.0000          183.8474                    -1.946284                 1.499998                  -160.837               -135.859566                           0.000        0.000             0.000                 0.000                                                                                17.00000000       84.762063       32000.000000                       1.0000      9.7106       12.7209    4.759386e-10
1 May 2024 20:45:21.000              23.010            0.0000        23.010                183.8515             0.0000            0.0000                 0.0000                     0.0000          183.8515                    -1.957140                 1.499998                  -160.841               -135.863669                           0.000        0.000             0.000                 0.000                                                                                17.00000000       84.757960       32000.000000                       1.0000      9.7065       12.7168    4.846402e-10
1 May 2024 20:45:51.000              23.010            0.0000        23.010                183.8556             0.0000            0.0000                 0.0000                     0.0000          183.8556                    -1.967941                 1.499998                  -160.845               -135.867793                           0.000        0.000             0.000                 0.000                                                                                17.00000000       84.753836       32000.000000                       1.0000      9.7023       12.7126    4.935379e-10
1 May 2024 20:46:21.000              23.010            0.0000        23.010                183.8597             0.0000            0.0000                 0.0000                     0.0000          183.8597                    -1.978687                 1.499998                  -160.849               -135.871937                           0.000        0.000             0.000                 0.000                                                                                17.00000000       84.749692       32000.000000                       1.0000      9.6982       12.7085    5.026363e-10
1 May 2024 20:46:51.000              23.010            0.0000        23.010                183.8639             0.0000            0.0000                 0.0000                     0.0000          183.8639                    -1.989378                 1.499998                  -160.854               -135.876102                           0.000        0.000             0.000                 0.000                                                                                17.00000000       84.745527       32000.000000                       1.0000      9.6940       12.7043    5.119400e-10
1 May 2024 20:47:21.000              23.010            0.0000        23.010                183.8681             0.0000            0.0000                 0.0000                     0.0000          183.8681                    -2.000013                 1.499998                  -160.858               -135.880287                           0.000        0.000             0.000                 0.000                                                                                17.00000000       84.741342       32000.000000                       1.0000      9.6898       12.7001    5.214536e-10
1 May 2024 20:47:51.000              23.010            0.0000        23.010                183.8723             0.0000            0.0000                 0.0000                     0.0000          183.8723                    -2.010593                 1.499998                  -160.862               -135.884493                           0.000        0.000             0.000                 0.000                                                                                17.00000000       84.737136       32000.000000                       1.0000      9.6856       12.6959    5.311820e-10
1 May 2024 20:48:21.000              23.010            0.0000        23.010                183.8765             0.0000            0.0000                 0.0000                     0.0000          183.8765                    -2.021117                 1.499998                  -160.866               -135.888718                           0.000        0.000             0.000                 0.000                                                                                17.00000000       84.732911       32000.000000                       1.0000      9.6814       12.6917    5.411302e-10
1 May 2024 20:48:51.000              23.010            0.0000        23.010                183.8808             0.0000            0.0000                 0.0000                     0.0000          183.8808                    -2.031585                 1.499998                  -160.870               -135.892964                           0.000        0.000             0.000                 0.000                                                                                17.00000000       84.728665       32000.000000                       1.0000      9.6772       12.6875    5.513031e-10
1 May 2024 20:49:21.000              23.010            0.0000        23.010                183.8850             0.0000            0.0000                 0.0000                     0.0000          183.8850                    -2.041997                 1.499998                  -160.875               -135.897229                           0.000        0.000             0.000                 0.000                                                                                17.00000000       84.724400       32000.000000                       1.0000      9.6729       12.6832    5.617059e-10
1 May 2024 20:49:51.000              23.010            0.0000        23.010                183.8893             0.0000            0.0000                 0.0000                     0.0000          183.8893                    -2.052353                 1.499998                  -160.879               -135.901514                           0.000        0.000             0.000                 0.000                                                                                17.00000000       84.720115       32000.000000                       1.0000      9.6686       12.6789    5.723440e-10
1 May 2024 20:50:21.000              23.010            0.0000        23.010                183.8936             0.0000            0.0000                 0.0000                     0.0000          183.8936                    -2.062653                 1.499998                  -160.883               -135.905818                           0.000        0.000             0.000                 0.000                                                                                17.00000000       84.715811       32000.000000                       1.0000      9.6643       12.6746    5.832228e-10
1 May 2024 20:50:51.000              23.010            0.0000        23.010                183.8980             0.0000            0.0000                 0.0000                     0.0000          183.8980                    -2.072896                 1.499998                  -160.888               -135.910142                           0.000        0.000             0.000                 0.000                                                                                17.00000000       84.711487       32000.000000                       1.0000      9.6600       12.6703    5.943477e-10
1 May 2024 20:51:21.000              23.010            0.0000        23.010                183.9023             0.0000            0.0000                 0.0000                     0.0000          183.9023                    -2.083082                 1.499998                  -160.892               -135.914485                           0.000        0.000             0.000                 0.000                                                                                17.00000000       84.707144       32000.000000                       1.0000      9.6556       12.6659    6.057244e-10
1 May 2024 20:51:51.000              23.010            0.0000        23.010                183.9067             0.0000            0.0000                 0.0000                     0.0000          183.9067                    -2.093212                 1.499998                  -160.896               -135.918847                           0.000        0.000             0.000                 0.000                                                                                17.00000000       84.702782       32000.000000                       1.0000      9.6513       12.6616    6.173587e-10
1 May 2024 20:52:21.000              23.010            0.0000        23.010                183.9110             0.0000            0.0000                 0.0000                     0.0000          183.9110                    -2.103285                 1.499998                  -160.901               -135.923228                           0.000        0.000             0.000                 0.000                                                                                17.00000000       84.698401       32000.000000                       1.0000      9.6469       12.6572    6.292565e-10
1 May 2024 20:52:51.000              23.010            0.0000        23.010                183.9154             0.0000            0.0000                 0.0000                     0.0000          183.9154                    -2.113301                 1.499998                  -160.905               -135.927627                           0.000        0.000             0.000                 0.000                                                                                17.00000000       84.694002       32000.000000                       1.0000      9.6425       12.6528    6.414239e-10
1 May 2024 20:53:21.000              23.010            0.0000        23.010                183.9199             0.0000            0.0000                 0.0000                     0.0000          183.9199                    -2.123260                 1.499998                  -160.910               -135.932046                           0.000        0.000             0.000                 0.000                                                                                17.00000000       84.689584       32000.000000                       1.0000      9.6381       12.6484    6.538670e-10
1 May 2024 20:53:51.000              23.010            0.0000        23.010                183.9243             0.0000            0.0000                 0.0000                     0.0000          183.9243                    -2.133162                 1.499998                  -160.914               -135.936482                           0.000        0.000             0.000                 0.000                                                                                17.00000000       84.685147       32000.000000                       1.0000      9.6336       12.6439    6.665923e-10
1 May 2024 20:54:21.000              23.010            0.0000        23.010                183.9287             0.0000            0.0000                 0.0000                     0.0000          183.9287                    -2.143006                 1.499998                  -160.918               -135.940937                           0.000        0.000             0.000                 0.000                                                                                17.00000000       84.680692       32000.000000                       1.0000      9.6292       12.6395    6.796061e-10
1 May 2024 20:54:51.000              23.010            0.0000        23.010                183.9332             0.0000            0.0000                 0.0000                     0.0000          183.9332                    -2.152793                 1.499998                  -160.923               -135.945410                           0.000        0.000             0.000                 0.000                                                                                17.00000000       84.676219       32000.000000                       1.0000      9.6247       12.6350    6.929150e-10
1 May 2024 20:55:21.000              23.010            0.0000        23.010                183.9377             0.0000            0.0000                 0.0000                     0.0000          183.9377                    -2.162523                 1.499998                  -160.927               -135.949901                           0.000        0.000             0.000                 0.000                                                                                17.00000000       84.671728       32000.000000                       1.0000      9.6202       12.6305    7.065259e-10
1 May 2024 20:55:51.000              23.010            0.0000        23.010                183.9422             0.0000            0.0000                 0.0000                     0.0000          183.9422                    -2.172195                 1.499998                  -160.932               -135.954410                           0.000        0.000             0.000                 0.000                                                                                17.00000000       84.667219       32000.000000                       1.0000      9.6157       12.6260    7.204456e-10
1 May 2024 20:56:21.000              23.010            0.0000        23.010                183.9467             0.0000            0.0000                 0.0000                     0.0000          183.9467                    -2.181809                 1.499998                  -160.936               -135.958937                           0.000        0.000             0.000                 0.000                                                                                17.00000000       84.662692       32000.000000                       1.0000      9.6112       12.6215    7.346813e-10
1 May 2024 20:56:51.000              23.010            0.0000        23.010                183.9513             0.0000            0.0000                 0.0000                     0.0000          183.9513                    -2.191365                 1.499998                  -160.941               -135.963481                           0.000        0.000             0.000                 0.000                                                                                17.00000000       84.658148       32000.000000                       1.0000      9.6066       12.6169    7.492401e-10
1 May 2024 20:57:21.000              23.010            0.0000        23.010                183.9559             0.0000            0.0000                 0.0000                     0.0000          183.9559                    -2.200864                 1.499998                  -160.946               -135.968043                           0.000        0.000             0.000                 0.000                                                                                17.00000000       84.653586       32000.000000                       1.0000      9.6021       12.6124    7.641295e-10
1 May 2024 20:57:51.000              23.010            0.0000        23.010                183.9604             0.0000            0.0000                 0.0000                     0.0000          183.9604                    -2.210304                 1.499998                  -160.950               -135.972622                           0.000        0.000             0.000                 0.000                                                                                17.00000000       84.649007       32000.000000                       1.0000      9.5975       12.6078    7.793569e-10
1 May 2024 20:58:21.000              23.010            0.0000        23.010                183.9650             0.0000            0.0000                 0.0000                     0.0000          183.9650                    -2.219687                 1.499998                  -160.955               -135.977218                           0.000        0.000             0.000                 0.000                                                                                17.00000000       84.644411       32000.000000                       1.0000      9.5929       12.6032    7.949303e-10
1 May 2024 20:58:51.000              23.010            0.0000        23.010                183.9696             0.0000            0.0000                 0.0000                     0.0000          183.9696                    -2.229011                 1.499998                  -160.959               -135.981831                           0.000        0.000             0.000                 0.000                                                                                17.00000000       84.639798       32000.000000                       1.0000      9.5883       12.5986    8.108574e-10
1 May 2024 20:59:21.000              23.010            0.0000        23.010                183.9743             0.0000            0.0000                 0.0000                     0.0000          183.9743                    -2.238277                 1.499998                  -160.964               -135.986461                           0.000        0.000             0.000                 0.000                                                                                17.00000000       84.635168       32000.000000                       1.0000      9.5837       12.5940    8.271463e-10
1 May 2024 20:59:51.000              23.010            0.0000        23.010                183.9789             0.0000            0.0000                 0.0000                     0.0000          183.9789                    -2.247485                 1.499998                  -160.969               -135.991107                           0.000        0.000             0.000                 0.000                                                                                17.00000000       84.630522       32000.000000                       1.0000      9.5790       12.5893    8.438053e-10
1 May 2024 21:00:21.000              23.010            0.0000        23.010                183.9836             0.0000            0.0000                 0.0000                     0.0000          183.9836                    -2.256634                 1.499998                  -160.973               -135.995770                           0.000        0.000             0.000                 0.000                                                                                17.00000000       84.625859       32000.000000                       1.0000      9.5744       12.5847    8.608428e-10
1 May 2024 21:00:51.000              23.010            0.0000        23.010                183.9883             0.0000            0.0000                 0.0000                     0.0000          183.9883                    -2.265725                 1.499998                  -160.978               -136.000449                           0.000        0.000             0.000                 0.000                                                                                17.00000000       84.621180       32000.000000                       1.0000      9.5697       12.5800    8.782675e-10
1 May 2024 21:01:21.000              23.010            0.0000        23.010                183.9930             0.0000            0.0000                 0.0000                     0.0000          183.9930                    -2.274757                 1.499998                  -160.983               -136.005145                           0.000        0.000             0.000                 0.000                                                                                17.00000000       84.616484       32000.000000                       1.0000      9.5650       12.5753    8.960882e-10
1 May 2024 21:01:51.000              23.010            0.0000        23.010                183.9977             0.0000            0.0000                 0.0000                     0.0000          183.9977                    -2.283731                 1.499998                  -160.987               -136.009857                           0.000        0.000             0.000                 0.000                                                                                17.00000000       84.611772       32000.000000                       1.0000      9.5603       12.5706    9.143138e-10
1 May 2024 21:02:21.000              23.010            0.0000        23.010                184.0024             0.0000            0.0000                 0.0000                     0.0000          184.0024                    -2.292646                 1.499998                  -160.992               -136.014584                           0.000        0.000             0.000                 0.000                                                                                17.00000000       84.607045       32000.000000                       1.0000      9.5555       12.5658    9.329536e-10
1 May 2024 21:02:51.000              23.010            0.0000        23.010                184.0071             0.0000            0.0000                 0.0000                     0.0000          184.0071                    -2.301502                 1.499998                  -160.997               -136.019327                           0.000        0.000             0.000                 0.000                                                                                17.00000000       84.602302       32000.000000                       1.0000      9.5508       12.5611    9.520170e-10
1 May 2024 21:03:21.000              23.010            0.0000        23.010                184.0119             0.0000            0.0000                 0.0000                     0.0000          184.0119                    -2.310299                 1.499998                  -161.002               -136.024086                           0.000        0.000             0.000                 0.000                                                                                17.00000000       84.597543       32000.000000                       1.0000      9.5460       12.5563    9.715137e-10
1 May 2024 21:03:51.000              23.010            0.0000        23.010                184.0167             0.0000            0.0000                 0.0000                     0.0000          184.0167                    -2.319038                 1.499998                  -161.006               -136.028861                           0.000        0.000             0.000                 0.000                                                                                17.00000000       84.592768       32000.000000                       1.0000      9.5413       12.5516    9.914534e-10
1 May 2024 21:04:21.000              23.010            0.0000        23.010                184.0215             0.0000            0.0000                 0.0000                     0.0000          184.0215                    -2.327718                 1.499998                  -161.011               -136.033651                           0.000        0.000             0.000                 0.000                                                                                17.00000000       84.587979       32000.000000                       1.0000      9.5365       12.5468    1.011846e-09
1 May 2024 21:04:51.000              23.010            0.0000        23.010                184.0263             0.0000            0.0000                 0.0000                     0.0000          184.0263                    -2.336339                 1.499998                  -161.016               -136.038456                           0.000        0.000             0.000                 0.000                                                                                17.00000000       84.583174       32000.000000                       1.0000      9.5317       12.5420    1.032702e-09
1 May 2024 21:05:21.000              23.010            0.0000        23.010                184.0311             0.0000            0.0000                 0.0000                     0.0000          184.0311                    -2.344900                 1.499998                  -161.021               -136.043275                           0.000        0.000             0.000                 0.000                                                                                17.00000000       84.578354       32000.000000                       1.0000      9.5269       12.5372    1.054032e-09
1 May 2024 21:05:51.000              23.010            0.0000        23.010                184.0359             0.0000            0.0000                 0.0000                     0.0000          184.0359                    -2.353403                 1.499998                  -161.026               -136.048110                           0.000        0.000             0.000                 0.000                                                                                17.00000000       84.573519       32000.000000                       1.0000      9.5220       12.5323    1.075847e-09
1 May 2024 21:06:21.000              23.010            0.0000        23.010                184.0408             0.0000            0.0000                 0.0000                     0.0000          184.0408                    -2.361847                 1.499998                  -161.030               -136.052960                           0.000        0.000             0.000                 0.000                                                                                17.00000000       84.568669       32000.000000                       1.0000      9.5172       12.5275    1.098157e-09
1 May 2024 21:06:51.000              23.010            0.0000        23.010                184.0456             0.0000            0.0000                 0.0000                     0.0000          184.0456                    -2.370232                 1.499998                  -161.035               -136.057824                           0.000        0.000             0.000                 0.000                                                                                17.00000000       84.563805       32000.000000                       1.0000      9.5123       12.5226    1.120974e-09
1 May 2024 21:07:21.000              23.010            0.0000        23.010                184.0505             0.0000            0.0000                 0.0000                     0.0000          184.0505                    -2.378557                 1.499998                  -161.040               -136.062703                           0.000        0.000             0.000                 0.000                                                                                17.00000000       84.558927       32000.000000                       1.0000      9.5074       12.5177    1.144309e-09
1 May 2024 21:07:51.000              23.010            0.0000        23.010                184.0554             0.0000            0.0000                 0.0000                     0.0000          184.0554                    -2.386823                 1.499998                  -161.045               -136.067595                           0.000        0.000             0.000                 0.000                                                                                17.00000000       84.554034       32000.000000                       1.0000      9.5025       12.5128    1.168174e-09
1 May 2024 21:08:21.000              23.010            0.0000        23.010                184.0603             0.0000            0.0000                 0.0000                     0.0000          184.0603                    -2.395030                 1.499998                  -161.050               -136.072503                           0.000        0.000             0.000                 0.000                                                                                17.00000000       84.549127       32000.000000                       1.0000      9.4976       12.5079    1.192580e-09
1 May 2024 21:08:51.000              23.010            0.0000        23.010                184.0652             0.0000            0.0000                 0.0000                     0.0000          184.0652                    -2.403178                 1.499998                  -161.055               -136.077424                           0.000        0.000             0.000                 0.000                                                                                17.00000000       84.544206       32000.000000                       1.0000      9.4927       12.5030    1.217540e-09
1 May 2024 21:09:21.000              23.010            0.0000        23.010                184.0702             0.0000            0.0000                 0.0000                     0.0000          184.0702                    -2.411267                 1.499998                  -161.060               -136.082358                           0.000        0.000             0.000                 0.000                                                                                17.00000000       84.539271       32000.000000                       1.0000      9.4878       12.4981    1.243067e-09
1 May 2024 21:09:51.000              23.010            0.0000        23.010                184.0751             0.0000            0.0000                 0.0000                     0.0000          184.0751                    -2.419296                 1.499998                  -161.065               -136.087307                           0.000        0.000             0.000                 0.000                                                                                17.00000000       84.534322       32000.000000                       1.0000      9.4828       12.4931    1.269173e-09
1 May 2024 21:10:21.000              23.010            0.0000        23.010                184.0801             0.0000            0.0000                 0.0000                     0.0000          184.0801                    -2.427266                 1.499998                  -161.070               -136.092269                           0.000        0.000             0.000                 0.000                                                                                17.00000000       84.529360       32000.000000                       1.0000      9.4779       12.4882    1.295870e-09
1 May 2024 21:10:51.000              23.010            0.0000        23.010                184.0851             0.0000            0.0000                 0.0000                     0.0000          184.0851                    -2.435177                 1.499998                  -161.075               -136.097245                           0.000        0.000             0.000                 0.000                                                                                17.00000000       84.524384       32000.000000                       1.0000      9.4729       12.4832    1.323173e-09
1 May 2024 21:11:21.000              23.010            0.0000        23.010                184.0900             0.0000            0.0000                 0.0000                     0.0000          184.0900                    -2.443028                 1.499998                  -161.080               -136.102234                           0.000        0.000             0.000                 0.000                                                                                17.00000000       84.519396       32000.000000                       1.0000      9.4679       12.4782    1.351095e-09
1 May 2024 21:11:51.000              23.010            0.0000        23.010                184.0950             0.0000            0.0000                 0.0000                     0.0000          184.0950                    -2.450820                 1.499998                  -161.085               -136.107235                           0.000        0.000             0.000                 0.000                                                                                17.00000000       84.514394       32000.000000                       1.0000      9.4629       12.4732    1.379650e-09
1 May 2024 21:12:21.000              23.010            0.0000        23.010                184.1001             0.0000            0.0000                 0.0000                     0.0000          184.1001                    -2.458553                 1.499998                  -161.090               -136.112250                           0.000        0.000             0.000                 0.000                                                                                17.00000000       84.509379       32000.000000                       1.0000      9.4579       12.4682    1.408851e-09
1 May 2024 21:12:51.000              23.010            0.0000        23.010                184.1051             0.0000            0.0000                 0.0000                     0.0000          184.1051                    -2.466226                 1.499998                  -161.095               -136.117278                           0.000        0.000             0.000                 0.000                                                                                17.00000000       84.504351       32000.000000                       1.0000      9.4529       12.4632    1.438713e-09
1 May 2024 21:13:21.000              23.010            0.0000        23.010                184.1101             0.0000            0.0000                 0.0000                     0.0000          184.1101                    -2.473840                 1.499998                  -161.100               -136.122319                           0.000        0.000             0.000                 0.000                                                                                17.00000000       84.499311       32000.000000                       1.0000      9.4478       12.4581    1.469251e-09
1 May 2024 21:13:51.000              23.010            0.0000        23.010                184.1152             0.0000            0.0000                 0.0000                     0.0000          184.1152                    -2.481395                 1.499998                  -161.105               -136.127372                           0.000        0.000             0.000                 0.000                                                                                17.00000000       84.494258       32000.000000                       1.0000      9.4428       12.4531    1.500480e-09
1 May 2024 21:14:21.000              23.010            0.0000        23.010                184.1202             0.0000            0.0000                 0.0000                     0.0000          184.1202                    -2.488890                 1.499998                  -161.110               -136.132437                           0.000        0.000             0.000                 0.000                                                                                17.00000000       84.489192       32000.000000                       1.0000      9.4377       12.4480    1.532414e-09
1 May 2024 21:14:51.000              23.010            0.0000        23.010                184.1253             0.0000            0.0000                 0.0000                     0.0000          184.1253                    -2.496326                 1.499998                  -161.115               -136.137515                           0.000        0.000             0.000                 0.000                                                                                17.00000000       84.484115       32000.000000                       1.0000      9.4326       12.4429    1.565071e-09
1 May 2024 21:15:21.000              23.010            0.0000        23.010                184.1304             0.0000            0.0000                 0.0000                     0.0000          184.1304                    -2.503702                 1.499997                  -161.120               -136.142604                           0.000        0.000             0.000                 0.000                                                                                17.00000000       84.479025       32000.000000                       1.0000      9.4275       12.4378    1.598466e-09
1 May 2024 21:15:51.000              23.010            0.0000        23.010                184.1355             0.0000            0.0000                 0.0000                     0.0000          184.1355                    -2.511020                 1.499997                  -161.125               -136.147706                           0.000        0.000             0.000                 0.000                                                                                17.00000000       84.473923       32000.000000                       1.0000      9.4224       12.4327    1.632614e-09
1 May 2024 21:16:21.000              23.010            0.0000        23.010                184.1406             0.0000            0.0000                 0.0000                     0.0000          184.1406                    -2.518277                 1.499997                  -161.130               -136.152819                           0.000        0.000             0.000                 0.000                                                                                17.00000000       84.468810       32000.000000                       1.0000      9.4173       12.4276    1.667534e-09
1 May 2024 21:16:51.000              23.010            0.0000        23.010                184.1458             0.0000            0.0000                 0.0000                     0.0000          184.1458                    -2.525476                 1.499997                  -161.135               -136.157945                           0.000        0.000             0.000                 0.000                                                                                17.00000000       84.463684       32000.000000                       1.0000      9.4122       12.4225    1.703241e-09
1 May 2024 21:17:21.000              23.010            0.0000        23.010                184.1509             0.0000            0.0000                 0.0000                     0.0000          184.1509                    -2.532615                 1.499997                  -161.141               -136.163081                           0.000        0.000             0.000                 0.000                                                                                17.00000000       84.458548       32000.000000                       1.0000      9.4070       12.4173    1.739753e-09
1 May 2024 21:17:51.000              23.010            0.0000        23.010                184.1560             0.0000            0.0000                 0.0000                     0.0000          184.1560                    -2.539695                 1.499997                  -161.146               -136.168229                           0.000        0.000             0.000                 0.000                                                                                17.00000000       84.453400       32000.000000                       1.0000      9.4019       12.4122    1.777088e-09
1 May 2024 21:18:21.000              23.010            0.0000        23.010                184.1612             0.0000            0.0000                 0.0000                     0.0000          184.1612                    -2.546716                 1.499997                  -161.151               -136.173389                           0.000        0.000             0.000                 0.000                                                                                17.00000000       84.448240       32000.000000                       1.0000      9.3967       12.4070    1.815263e-09
1 May 2024 21:18:51.000              23.010            0.0000        23.010                184.1664             0.0000            0.0000                 0.0000                     0.0000          184.1664                    -2.553678                 1.499997                  -161.156               -136.178559                           0.000        0.000             0.000                 0.000                                                                                17.00000000       84.443070       32000.000000                       1.0000      9.3916       12.4019    1.854298e-09
1 May 2024 21:19:21.000              23.010            0.0000        23.010                184.1716             0.0000            0.0000                 0.0000                     0.0000          184.1716                    -2.560580                 1.499997                  -161.161               -136.183741                           0.000        0.000             0.000                 0.000                                                                                17.00000000       84.437888       32000.000000                       1.0000      9.3864       12.3967    1.894210e-09
1 May 2024 21:19:51.000              23.010            0.0000        23.010                184.1767             0.0000            0.0000                 0.0000                     0.0000          184.1767                    -2.567423                 1.499997                  -161.166               -136.188933                           0.000        0.000             0.000                 0.000                                                                                17.00000000       84.432696       32000.000000                       1.0000      9.3812       12.3915    1.935020e-09
1 May 2024 21:20:21.000              23.010            0.0000        23.010                184.1819             0.0000            0.0000                 0.0000                     0.0000          184.1819                    -2.574207                 1.499997                  -161.172               -136.194136                           0.000        0.000             0.000                 0.000                                                                                17.00000000       84.427493       32000.000000                       1.0000      9.3760       12.3863    1.976747e-09
1 May 2024 21:20:51.000              23.010            0.0000        23.010                184.1872             0.0000            0.0000                 0.0000                     0.0000          184.1872                    -2.580932                 1.499997                  -161.177               -136.199349                           0.000        0.000             0.000                 0.000                                                                                17.00000000       84.422280       32000.000000                       1.0000      9.3708       12.3811    2.019410e-09
1 May 2024 21:21:21.000              23.010            0.0000        23.010                184.1924             0.0000            0.0000                 0.0000                     0.0000          184.1924                    -2.587598                 1.499997                  -161.182               -136.204573                           0.000        0.000             0.000                 0.000                                                                                17.00000000       84.417056       32000.000000                       1.0000      9.3656       12.3759    2.063030e-09
1 May 2024 21:21:51.000              23.010            0.0000        23.010                184.1976             0.0000            0.0000                 0.0000                     0.0000          184.1976                    -2.594204                 1.499997                  -161.187               -136.209807                           0.000        0.000             0.000                 0.000                                                                                17.00000000       84.411822       32000.000000                       1.0000      9.3603       12.3706    2.107628e-09
1 May 2024 21:22:21.000              23.010            0.0000        23.010                184.2029             0.0000            0.0000                 0.0000                     0.0000          184.2029                    -2.600752                 1.499997                  -161.193               -136.215052                           0.000        0.000             0.000                 0.000                                                                                17.00000000       84.406577       32000.000000                       1.0000      9.3551       12.3654    2.153225e-09
1 May 2024 21:22:51.000              23.010            0.0000        23.010                184.2081             0.0000            0.0000                 0.0000                     0.0000          184.2081                    -2.607241                 1.499997                  -161.198               -136.220306                           0.000        0.000             0.000                 0.000                                                                                17.00000000       84.401323       32000.000000                       1.0000      9.3498       12.3601    2.199842e-09
1 May 2024 21:23:21.000              23.010            0.0000        23.010                184.2134             0.0000            0.0000                 0.0000                     0.0000          184.2134                    -2.613671                 1.499997                  -161.203               -136.225570                           0.000        0.000             0.000                 0.000                                                                                17.00000000       84.396059       32000.000000                       1.0000      9.3446       12.3549    2.247503e-09
1 May 2024 21:23:51.000              23.010            0.0000        23.010                184.2187             0.0000            0.0000                 0.0000                     0.0000          184.2187                    -2.620042                 1.499997                  -161.208               -136.230844                           0.000        0.000             0.000                 0.000                                                                                17.00000000       84.390785       32000.000000                       1.0000      9.3393       12.3496    2.296228e-09
1 May 2024 21:24:21.000              23.010            0.0000        23.010                184.2239             0.0000            0.0000                 0.0000                     0.0000          184.2239                    -2.626354                 1.499997                  -161.214               -136.236127                           0.000        0.000             0.000                 0.000                                                                                17.00000000       84.385502       32000.000000                       1.0000      9.3340       12.3443    2.346041e-09
1 May 2024 21:24:51.000              23.010            0.0000        23.010                184.2292             0.0000            0.0000                 0.0000                     0.0000          184.2292                    -2.632608                 1.499997                  -161.219               -136.241420                           0.000        0.000             0.000                 0.000                                                                                17.00000000       84.380209       32000.000000                       1.0000      9.3287       12.3390    2.396965e-09
1 May 2024 21:25:21.000              23.010            0.0000        23.010                184.2345             0.0000            0.0000                 0.0000                     0.0000          184.2345                    -2.638802                 1.499997                  -161.224               -136.246722                           0.000        0.000             0.000                 0.000                                                                                17.00000000       84.374907       32000.000000                       1.0000      9.3234       12.3337    2.449025e-09
1 May 2024 21:25:51.000              23.010            0.0000        23.010                184.2398             0.0000            0.0000                 0.0000                     0.0000          184.2398                    -2.644938                 1.499997                  -161.230               -136.252033                           0.000        0.000             0.000                 0.000                                                                                17.00000000       84.369596       32000.000000                       1.0000      9.3181       12.3284    2.502244e-09
1 May 2024 21:26:21.000              23.010            0.0000        23.010                184.2452             0.0000            0.0000                 0.0000                     0.0000          184.2452                    -2.651016                 1.499997                  -161.235               -136.257354                           0.000        0.000             0.000                 0.000                                                                                17.00000000       84.364275       32000.000000                       1.0000      9.3128       12.3231    2.556647e-09
1 May 2024 21:26:51.000              23.010            0.0000        23.010                184.2505             0.0000            0.0000                 0.0000                     0.0000          184.2505                    -2.657035                 1.499997                  -161.240               -136.262683                           0.000        0.000             0.000                 0.000                                                                                17.00000000       84.358946       32000.000000                       1.0000      9.3074       12.3177    2.612260e-09
1 May 2024 21:27:21.000              23.010            0.0000        23.010                184.2558             0.0000            0.0000                 0.0000                     0.0000          184.2558                    -2.662995                 1.499997                  -161.246               -136.268021                           0.000        0.000             0.000                 0.000                                                                                17.00000000       84.353608       32000.000000                       1.0000      9.3021       12.3124    2.669108e-09
1 May 2024 21:27:51.000              23.010            0.0000        23.010                184.2612             0.0000            0.0000                 0.0000                     0.0000          184.2612                    -2.668897                 1.499997                  -161.251               -136.273367                           0.000        0.000             0.000                 0.000                                                                                17.00000000       84.348262       32000.000000                       1.0000      9.2968       12.3071    2.727217e-09
1 May 2024 21:28:21.000              23.010            0.0000        23.010                184.2665             0.0000            0.0000                 0.0000                     0.0000          184.2665                    -2.674741                 1.499997                  -161.256               -136.278722                           0.000        0.000             0.000                 0.000                                                                                17.00000000       84.342907       32000.000000                       1.0000      9.2914       12.3017    2.786615e-09
1 May 2024 21:28:51.000              23.010            0.0000        23.010                184.2719             0.0000            0.0000                 0.0000                     0.0000          184.2719                    -2.680526                 1.499997                  -161.262               -136.284086                           0.000        0.000             0.000                 0.000                                                                                17.00000000       84.337543       32000.000000                       1.0000      9.2860       12.2963    2.847328e-09
1 May 2024 21:29:21.000              23.010            0.0000        23.010                184.2773             0.0000            0.0000                 0.0000                     0.0000          184.2773                    -2.686254                 1.499997                  -161.267               -136.289457                           0.000        0.000             0.000                 0.000                                                                                17.00000000       84.332172       32000.000000                       1.0000      9.2807       12.2910    2.909384e-09
1 May 2024 21:29:51.000              23.010            0.0000        23.010                184.2826             0.0000            0.0000                 0.0000                     0.0000          184.2826                    -2.691923                 1.499997                  -161.272               -136.294837                           0.000        0.000             0.000                 0.000                                                                                17.00000000       84.326792       32000.000000                       1.0000      9.2753       12.2856    2.972812e-09
1 May 2024 21:30:21.000              23.010            0.0000        23.010                184.2880             0.0000            0.0000                 0.0000                     0.0000          184.2880                    -2.697534                 1.499997                  -161.278               -136.300224                           0.000        0.000             0.000                 0.000                                                                                17.00000000       84.321405       32000.000000                       1.0000      9.2699       12.2802    3.037640e-09
1 May 2024 21:30:51.000              23.010            0.0000        23.010                184.2934             0.0000            0.0000                 0.0000                     0.0000          184.2934                    -2.703087                 1.499997                  -161.283               -136.305620                           0.000        0.000             0.000                 0.000                                                                                17.00000000       84.316009       32000.000000                       1.0000      9.2645       12.2748    3.103897e-09
1 May 2024 21:31:21.000              23.010            0.0000        23.010                184.2988             0.0000            0.0000                 0.0000                     0.0000          184.2988                    -2.708582                 1.499997                  -161.289               -136.311023                           0.000        0.000             0.000                 0.000                                                                                17.00000000       84.310606       32000.000000                       1.0000      9.2591       12.2694    3.171615e-09
1 May 2024 21:31:51.000              23.010            0.0000        23.010                184.3042             0.0000            0.0000                 0.0000                     0.0000          184.3042                    -2.714019                 1.499997                  -161.294               -136.316433                           0.000        0.000             0.000                 0.000                                                                                17.00000000       84.305196       32000.000000                       1.0000      9.2537       12.2640    3.240822e-09
1 May 2024 21:32:21.000              23.010            0.0000        23.010                184.3097             0.0000            0.0000                 0.0000                     0.0000          184.3097                    -2.719398                 1.499997                  -161.299               -136.321851                           0.000        0.000             0.000                 0.000                                                                                17.00000000       84.299778       32000.000000                       1.0000      9.2483       12.2586    3.311551e-09
1 May 2024 21:32:51.000              23.010            0.0000        23.010                184.3151             0.0000            0.0000                 0.0000                     0.0000          184.3151                    -2.724720                 1.499997                  -161.305               -136.327277                           0.000        0.000             0.000                 0.000                                                                                17.00000000       84.294352       32000.000000                       1.0000      9.2429       12.2532    3.383833e-09
1 May 2024 21:33:21.000              23.010            0.0000        23.010                184.3205             0.0000            0.0000                 0.0000                     0.0000          184.3205                    -2.729984                 1.499997                  -161.310               -136.332709                           0.000        0.000             0.000                 0.000                                                                                17.00000000       84.288920       32000.000000                       1.0000      9.2374       12.2477    3.457700e-09
1 May 2024 21:33:51.000              23.010            0.0000        23.010                184.3260             0.0000            0.0000                 0.0000                     0.0000          184.3260                    -2.735191                 1.499997                  -161.316               -136.338149                           0.000        0.000             0.000                 0.000                                                                                17.00000000       84.283480       32000.000000                       1.0000      9.2320       12.2423    3.533185e-09
1 May 2024 21:34:21.000              23.010            0.0000        23.010                184.3314             0.0000            0.0000                 0.0000                     0.0000          184.3314                    -2.740340                 1.499997                  -161.321               -136.343595                           0.000        0.000             0.000                 0.000                                                                                17.00000000       84.278034       32000.000000                       1.0000      9.2265       12.2368    3.610321e-09
1 May 2024 21:34:51.000              23.010            0.0000        23.010                184.3369             0.0000            0.0000                 0.0000                     0.0000          184.3369                    -2.745432                 1.499997                  -161.327               -136.349048                           0.000        0.000             0.000                 0.000                                                                                17.00000000       84.272581       32000.000000                       1.0000      9.2211       12.2314    3.689143e-09
1 May 2024 21:35:21.000              23.010            0.0000        23.010                184.3423             0.0000            0.0000                 0.0000                     0.0000          184.3423                    -2.750467                 1.499997                  -161.332               -136.354508                           0.000        0.000             0.000                 0.000                                                                                17.00000000       84.267121       32000.000000                       1.0000      9.2156       12.2259    3.769686e-09
1 May 2024 21:35:51.000              23.010            0.0000        23.010                184.3478             0.0000            0.0000                 0.0000                     0.0000          184.3478                    -2.755444                 1.499997                  -161.337               -136.359974                           0.000        0.000             0.000                 0.000                                                                                17.00000000       84.261655       32000.000000                       1.0000      9.2102       12.2205    3.851984e-09
1 May 2024 21:36:21.000              23.010            0.0000        23.010                184.3533             0.0000            0.0000                 0.0000                     0.0000          184.3533                    -2.760365                 1.499997                  -161.343               -136.365447                           0.000        0.000             0.000                 0.000                                                                                17.00000000       84.256182       32000.000000                       1.0000      9.2047       12.2150    3.936073e-09
1 May 2024 21:36:51.000              23.010            0.0000        23.010                184.3587             0.0000            0.0000                 0.0000                     0.0000          184.3587                    -2.765229                 1.499997                  -161.348               -136.370926                           0.000        0.000             0.000                 0.000                                                                                17.00000000       84.250703       32000.000000                       1.0000      9.1992       12.2095    4.021991e-09
1 May 2024 21:37:21.000              23.010            0.0000        23.010                184.3642             0.0000            0.0000                 0.0000                     0.0000          184.3642                    -2.770035                 1.499997                  -161.354               -136.376411                           0.000        0.000             0.000                 0.000                                                                                17.00000000       84.245218       32000.000000                       1.0000      9.1937       12.2040    4.109774e-09
1 May 2024 21:37:51.000              23.010            0.0000        23.010                184.3697             0.0000            0.0000                 0.0000                     0.0000          184.3697                    -2.774785                 1.499997                  -161.359               -136.381902                           0.000        0.000             0.000                 0.000                                                                                17.00000000       84.239727       32000.000000                       1.0000      9.1882       12.1985    4.199461e-09
1 May 2024 21:38:21.000              23.010            0.0000        23.010                184.3752             0.0000            0.0000                 0.0000                     0.0000          184.3752                    -2.779479                 1.499997                  -161.365               -136.387399                           0.000        0.000             0.000                 0.000                                                                                17.00000000       84.234230       32000.000000                       1.0000      9.1827       12.1930    4.291090e-09
1 May 2024 21:38:51.000              23.010            0.0000        23.010                184.3807             0.0000            0.0000                 0.0000                     0.0000          184.3807                    -2.784115                 1.499997                  -161.370               -136.392901                           0.000        0.000             0.000                 0.000                                                                                17.00000000       84.228728       32000.000000                       1.0000      9.1772       12.1875    4.384701e-09
1 May 2024 21:39:21.000              23.010            0.0000        23.010                184.3862             0.0000            0.0000                 0.0000                     0.0000          184.3862                    -2.788696                 1.499997                  -161.376               -136.398410                           0.000        0.000             0.000                 0.000                                                                                17.00000000       84.223219       32000.000000                       1.0000      9.1717       12.1820    4.480333e-09
1 May 2024 21:39:51.000              23.010            0.0000        23.010                184.3917             0.0000            0.0000                 0.0000                     0.0000          184.3917                    -2.793220                 1.499997                  -161.381               -136.403924                           0.000        0.000             0.000                 0.000                                                                                17.00000000       84.217706       32000.000000                       1.0000      9.1662       12.1765    4.578027e-09
1 May 2024 21:40:21.000              23.010            0.0000        23.010                184.3973             0.0000            0.0000                 0.0000                     0.0000          184.3973                    -2.797688                 1.499997                  -161.387               -136.409443                           0.000        0.000             0.000                 0.000                                                                                17.00000000       84.212186       32000.000000                       1.0000      9.1607       12.1710    4.677825e-09
1 May 2024 21:40:51.000              23.010            0.0000        23.010                184.4028             0.0000            0.0000                 0.0000                     0.0000          184.4028                    -2.802099                 1.499997                  -161.392               -136.414967                           0.000        0.000             0.000                 0.000                                                                                17.00000000       84.206662       32000.000000                       1.0000      9.1552       12.1655    4.779769e-09
1 May 2024 21:41:21.000              23.010            0.0000        23.010                184.4083             0.0000            0.0000                 0.0000                     0.0000          184.4083                    -2.806455                 1.499997                  -161.398               -136.420497                           0.000        0.000             0.000                 0.000                                                                                17.00000000       84.201132       32000.000000                       1.0000      9.1496       12.1599    4.883903e-09
1 May 2024 21:41:51.000              23.010            0.0000        23.010                184.4138             0.0000            0.0000                 0.0000                     0.0000          184.4138                    -2.810755                 1.499997                  -161.404               -136.426031                           0.000        0.000             0.000                 0.000                                                                                17.00000000       84.195598       32000.000000                       1.0000      9.1441       12.1544    4.990268e-09
1 May 2024 21:42:21.000              23.010            0.0000        23.010                184.4194             0.0000            0.0000                 0.0000                     0.0000          184.4194                    -2.814999                 1.499997                  -161.409               -136.431571                           0.000        0.000             0.000                 0.000                                                                                17.00000000       84.190058       32000.000000                       1.0000      9.1386       12.1489    5.098911e-09
1 May 2024 21:42:51.000              23.010            0.0000        23.010                184.4249             0.0000            0.0000                 0.0000                     0.0000          184.4249                    -2.819187                 1.499997                  -161.415               -136.437115                           0.000        0.000             0.000                 0.000                                                                                17.00000000       84.184514       32000.000000                       1.0000      9.1330       12.1433    5.209877e-09
1 May 2024 21:43:21.000              23.010            0.0000        23.010                184.4305             0.0000            0.0000                 0.0000                     0.0000          184.4305                    -2.823320                 1.499997                  -161.420               -136.442664                           0.000        0.000             0.000                 0.000                                                                                17.00000000       84.178965       32000.000000                       1.0000      9.1275       12.1378    5.323210e-09
1 May 2024 21:43:51.000              23.010            0.0000        23.010                184.4360             0.0000            0.0000                 0.0000                     0.0000          184.4360                    -2.827397                 1.499997                  -161.426               -136.448217                           0.000        0.000             0.000                 0.000                                                                                17.00000000       84.173412       32000.000000                       1.0000      9.1219       12.1322    5.438959e-09
1 May 2024 21:44:21.000              23.010            0.0000        23.010                184.4416             0.0000            0.0000                 0.0000                     0.0000          184.4416                    -2.831420                 1.499997                  -161.431               -136.453775                           0.000        0.000             0.000                 0.000                                                                                17.00000000       84.167854       32000.000000                       1.0000      9.1164       12.1267    5.557171e-09
1 May 2024 21:44:51.000              23.010            0.0000        23.010                184.4471             0.0000            0.0000                 0.0000                     0.0000          184.4471                    -2.835387                 1.499997                  -161.437               -136.459337                           0.000        0.000             0.000                 0.000                                                                                17.00000000       84.162292       32000.000000                       1.0000      9.1108       12.1211    5.677894e-09
1 May 2024 21:45:21.000              23.010            0.0000        23.010                184.4527             0.0000            0.0000                 0.0000                     0.0000          184.4527                    -2.839298                 1.499997                  -161.442               -136.464903                           0.000        0.000             0.000                 0.000                                                                                17.00000000       84.156726       32000.000000                       1.0000      9.1052       12.1155    5.801177e-09
1 May 2024 21:45:51.000              23.010            0.0000        23.010                184.4583             0.0000            0.0000                 0.0000                     0.0000          184.4583                    -2.843155                 1.499997                  -161.448               -136.470473                           0.000        0.000             0.000                 0.000                                                                                17.00000000       84.151156       32000.000000                       1.0000      9.0997       12.1100    5.927072e-09
1 May 2024 21:46:21.000              23.010            0.0000        23.010                184.4639             0.0000            0.0000                 0.0000                     0.0000          184.4639                    -2.846958                 1.499997                  -161.454               -136.476048                           0.000        0.000             0.000                 0.000                                                                                17.00000000       84.145582       32000.000000                       1.0000      9.0941       12.1044    6.055627e-09
1 May 2024 21:46:51.000              23.010            0.0000        23.010                184.4694             0.0000            0.0000                 0.0000                     0.0000          184.4694                    -2.850705                 1.499997                  -161.459               -136.481626                           0.000        0.000             0.000                 0.000                                                                                17.00000000       84.140004       32000.000000                       1.0000      9.0885       12.0988    6.186896e-09
1 May 2024 21:47:21.000              23.010            0.0000        23.010                184.4750             0.0000            0.0000                 0.0000                     0.0000          184.4750                    -2.854398                 1.499997                  -161.465               -136.487207                           0.000        0.000             0.000                 0.000                                                                                17.00000000       84.134422       32000.000000                       1.0000      9.0829       12.0932    6.320931e-09
1 May 2024 21:47:51.000              23.010            0.0000        23.010                184.4806             0.0000            0.0000                 0.0000                     0.0000          184.4806                    -2.858037                 1.499997                  -161.470               -136.492793                           0.000        0.000             0.000                 0.000                                                                                17.00000000       84.128837       32000.000000                       1.0000      9.0773       12.0876    6.457785e-09
1 May 2024 21:48:21.000              23.010            0.0000        23.010                184.4862             0.0000            0.0000                 0.0000                     0.0000          184.4862                    -2.861621                 1.499997                  -161.476               -136.498381                           0.000        0.000             0.000                 0.000                                                                                17.00000000       84.123248       32000.000000                       1.0000      9.0717       12.0820    6.597513e-09
1 May 2024 21:48:51.000              23.010            0.0000        23.010                184.4918             0.0000            0.0000                 0.0000                     0.0000          184.4918                    -2.865151                 1.499997                  -161.481               -136.503973                           0.000        0.000             0.000                 0.000                                                                                17.00000000       84.117656       32000.000000                       1.0000      9.0662       12.0765    6.740170e-09
1 May 2024 21:49:21.000              23.010            0.0000        23.010                184.4974             0.0000            0.0000                 0.0000                     0.0000          184.4974                    -2.868627                 1.499997                  -161.487               -136.509569                           0.000        0.000             0.000                 0.000                                                                                17.00000000       84.112060       32000.000000                       1.0000      9.0606       12.0709    6.885812e-09
1 May 2024 21:49:51.000              23.010            0.0000        23.010                184.5030             0.0000            0.0000                 0.0000                     0.0000          184.5030                    -2.872050                 1.499997                  -161.493               -136.515167                           0.000        0.000             0.000                 0.000                                                                                17.00000000       84.106462       32000.000000                       1.0000      9.0550       12.0653    7.034497e-09
1 May 2024 21:50:21.000              23.010            0.0000        23.010                184.5086             0.0000            0.0000                 0.0000                     0.0000          184.5086                    -2.875418                 1.499997                  -161.498               -136.520769                           0.000        0.000             0.000                 0.000                                                                                17.00000000       84.100860       32000.000000                       1.0000      9.0494       12.0597    7.186282e-09
1 May 2024 21:50:51.000              23.010            0.0000        23.010                184.5142             0.0000            0.0000                 0.0000                     0.0000          184.5142                    -2.878733                 1.499997                  -161.504               -136.526373                           0.000        0.000             0.000                 0.000                                                                                17.00000000       84.095256       32000.000000                       1.0000      9.0438       12.0541    7.341227e-09
1 May 2024 21:51:21.000              23.010            0.0000        23.010                184.5198             0.0000            0.0000                 0.0000                     0.0000          184.5198                    -2.881995                 1.499997                  -161.509               -136.531980                           0.000        0.000             0.000                 0.000                                                                                17.00000000       84.089649       32000.000000                       1.0000      9.0381       12.0484    7.499391e-09
1 May 2024 21:51:51.000              23.010            0.0000        23.010                184.5254             0.0000            0.0000                 0.0000                     0.0000          184.5254                    -2.885203                 1.499997                  -161.515               -136.537590                           0.000        0.000             0.000                 0.000                                                                                17.00000000       84.084039       32000.000000                       1.0000      9.0325       12.0428    7.660836e-09
1 May 2024 21:52:21.000              23.010            0.0000        23.010                184.5310             0.0000            0.0000                 0.0000                     0.0000          184.5310                    -2.888358                 1.499997                  -161.521               -136.543202                           0.000        0.000             0.000                 0.000                                                                                17.00000000       84.078427       32000.000000                       1.0000      9.0269       12.0372    7.825623e-09
1 May 2024 21:52:51.000              23.010            0.0000        23.010                184.5366             0.0000            0.0000                 0.0000                     0.0000          184.5366                    -2.891460                 1.499997                  -161.526               -136.548817                           0.000        0.000             0.000                 0.000                                                                                17.00000000       84.072812       32000.000000                       1.0000      9.0213       12.0316    7.993815e-09
1 May 2024 21:53:21.000              23.010            0.0000        23.010                184.5422             0.0000            0.0000                 0.0000                     0.0000          184.5422                    -2.894509                 1.499997                  -161.532               -136.554435                           0.000        0.000             0.000                 0.000                                                                                17.00000000       84.067195       32000.000000                       1.0000      9.0157       12.0260    8.165476e-09
1 May 2024 21:53:51.000              23.010            0.0000        23.010                184.5479             0.0000            0.0000                 0.0000                     0.0000          184.5479                    -2.897505                 1.499997                  -161.538               -136.560054                           0.000        0.000             0.000                 0.000                                                                                17.00000000       84.061575       32000.000000                       1.0000      9.0101       12.0204    8.340671e-09
1 May 2024 21:54:21.000              23.010            0.0000        23.010                184.5535             0.0000            0.0000                 0.0000                     0.0000          184.5535                    -2.900449                 1.499997                  -161.543               -136.565676                           0.000        0.000             0.000                 0.000                                                                                17.00000000       84.055954       32000.000000                       1.0000      9.0045       12.0148    8.519465e-09
1 May 2024 21:54:51.000              23.010            0.0000        23.010                184.5591             0.0000            0.0000                 0.0000                     0.0000          184.5591                    -2.903340                 1.499997                  -161.549               -136.571299                           0.000        0.000             0.000                 0.000                                                                                17.00000000       84.050330       32000.000000                       1.0000      8.9988       12.0091    8.701926e-09
1 May 2024 21:55:21.000              23.010            0.0000        23.010                184.5647             0.0000            0.0000                 0.0000                     0.0000          184.5647                    -2.906179                 1.499997                  -161.554               -136.576925                           0.000        0.000             0.000                 0.000                                                                                17.00000000       84.044705       32000.000000                       1.0000      8.9932       12.0035    8.888121e-09
1 May 2024 21:55:51.000              23.010            0.0000        23.010                184.5704             0.0000            0.0000                 0.0000                     0.0000          184.5704                    -2.908966                 1.499997                  -161.560               -136.582552                           0.000        0.000             0.000                 0.000                                                                                17.00000000       84.039077       32000.000000                       1.0000      8.9876       11.9979    9.078120e-09
1 May 2024 21:56:21.000              23.010            0.0000        23.010                184.5760             0.0000            0.0000                 0.0000                     0.0000          184.5760                    -2.911701                 1.499997                  -161.566               -136.588181                           0.000        0.000             0.000                 0.000                                                                                17.00000000       84.033448       32000.000000                       1.0000      8.9819       11.9922    9.271993e-09
1 May 2024 21:56:51.000              23.010            0.0000        23.010                184.5816             0.0000            0.0000                 0.0000                     0.0000          184.5816                    -2.914384                 1.499997                  -161.571               -136.593811                           0.000        0.000             0.000                 0.000                                                                                17.00000000       84.027818       32000.000000                       1.0000      8.9763       11.9866    9.469810e-09
1 May 2024 21:57:21.000              23.010            0.0000        23.010                184.5873             0.0000            0.0000                 0.0000                     0.0000          184.5873                    -2.917016                 1.499997                  -161.577               -136.599443                           0.000        0.000             0.000                 0.000                                                                                17.00000000       84.022186       32000.000000                       1.0000      8.9707       11.9810    9.671644e-09
1 May 2024 21:57:51.000              23.010            0.0000        23.010                184.5929             0.0000            0.0000                 0.0000                     0.0000          184.5929                    -2.919596                 1.499997                  -161.583               -136.605077                           0.000        0.000             0.000                 0.000                                                                                17.00000000       84.016552       32000.000000                       1.0000      8.9651       11.9754    9.877568e-09
1 May 2024 21:58:21.000              23.010            0.0000        23.010                184.5985             0.0000            0.0000                 0.0000                     0.0000          184.5985                    -2.922124                 1.499997                  -161.588               -136.610712                           0.000        0.000             0.000                 0.000                                                                                17.00000000       84.010918       32000.000000                       1.0000      8.9594       11.9697    1.008766e-08
1 May 2024 21:58:51.000              23.010            0.0000        23.010                184.6042             0.0000            0.0000                 0.0000                     0.0000          184.6042                    -2.924601                 1.499997                  -161.594               -136.616347                           0.000        0.000             0.000                 0.000                                                                                17.00000000       84.005282       32000.000000                       1.0000      8.9538       11.9641    1.030199e-08
1 May 2024 21:59:21.000              23.010            0.0000        23.010                184.6098             0.0000            0.0000                 0.0000                     0.0000          184.6098                    -2.927027                 1.499997                  -161.599               -136.621984                           0.000        0.000             0.000                 0.000                                                                                17.00000000       83.999645       32000.000000                       1.0000      8.9481       11.9584    1.052063e-08
1 May 2024 21:59:51.000              23.010            0.0000        23.010                184.6154             0.0000            0.0000                 0.0000                     0.0000          184.6154                    -2.929403                 1.499997                  -161.605               -136.627622                           0.000        0.000             0.000                 0.000                                                                                17.00000000       83.994007       32000.000000                       1.0000      8.9425       11.9528    1.074367e-08
1 May 2024 22:00:21.000              23.010            0.0000        23.010                184.6211             0.0000            0.0000                 0.0000                     0.0000          184.6211                    -2.931727                 1.499997                  -161.611               -136.633261                           0.000        0.000             0.000                 0.000                                                                                17.00000000       83.988368       32000.000000                       1.0000      8.9369       11.9472    1.097118e-08
1 May 2024 22:00:51.000              23.010            0.0000        23.010                184.6267             0.0000            0.0000                 0.0000                     0.0000          184.6267                    -2.934001                 1.499997                  -161.616               -136.638901                           0.000        0.000             0.000                 0.000                                                                                17.00000000       83.982729       32000.000000                       1.0000      8.9312       11.9415    1.120325e-08
1 May 2024 22:01:21.000              23.010            0.0000        23.010                184.6324             0.0000            0.0000                 0.0000                     0.0000          184.6324                    -2.936225                 1.499997                  -161.622               -136.644541                           0.000        0.000             0.000                 0.000                                                                                17.00000000       83.977088       32000.000000                       1.0000      8.9256       11.9359    1.143995e-08
1 May 2024 22:01:51.000              23.010            0.0000        23.010                184.6380             0.0000            0.0000                 0.0000                     0.0000          184.6380                    -2.938398                 1.499997                  -161.628               -136.650181                           0.000        0.000             0.000                 0.000                                                                                17.00000000       83.971448       32000.000000                       1.0000      8.9199       11.9302    1.168137e-08
1 May 2024 22:02:21.000              23.010            0.0000        23.010                184.6436             0.0000            0.0000                 0.0000                     0.0000          184.6436                    -2.940521                 1.499997                  -161.633               -136.655823                           0.000        0.000             0.000                 0.000                                                                                17.00000000       83.965806       32000.000000                       1.0000      8.9143       11.9246    1.192759e-08
1 May 2024 22:02:51.000              23.010            0.0000        23.010                184.6493             0.0000            0.0000                 0.0000                     0.0000          184.6493                    -2.942594                 1.499997                  -161.639               -136.661464                           0.000        0.000             0.000                 0.000                                                                                17.00000000       83.960165       32000.000000                       1.0000      8.9087       11.9190    1.217869e-08
1 May 2024 22:03:21.000              23.010            0.0000        23.010                184.6549             0.0000            0.0000                 0.0000                     0.0000          184.6549                    -2.944618                 1.499997                  -161.645               -136.667106                           0.000        0.000             0.000                 0.000                                                                                17.00000000       83.954523       32000.000000                       1.0000      8.9030       11.9133    1.243477e-08
1 May 2024 22:03:51.000              23.010            0.0000        23.010                184.6606             0.0000            0.0000                 0.0000                     0.0000          184.6606                    -2.946591                 1.499997                  -161.650               -136.672748                           0.000        0.000             0.000                 0.000                                                                                17.00000000       83.948881       32000.000000                       1.0000      8.8974       11.9077    1.269590e-08
1 May 2024 22:04:21.000              23.010            0.0000        23.010                184.6662             0.0000            0.0000                 0.0000                     0.0000          184.6662                    -2.948516                 1.499997                  -161.656               -136.678390                           0.000        0.000             0.000                 0.000                                                                                17.00000000       83.943239       32000.000000                       1.0000      8.8917       11.9020    1.296218e-08
1 May 2024 22:04:51.000              23.010            0.0000        23.010                184.6718             0.0000            0.0000                 0.0000                     0.0000          184.6718                    -2.950391                 1.499997                  -161.662               -136.684032                           0.000        0.000             0.000                 0.000                                                                                17.00000000       83.937597       32000.000000                       1.0000      8.8861       11.8964    1.323370e-08
1 May 2024 22:05:21.000              23.010            0.0000        23.010                184.6775             0.0000            0.0000                 0.0000                     0.0000          184.6775                    -2.952217                 1.499997                  -161.667               -136.689674                           0.000        0.000             0.000                 0.000                                                                                17.00000000       83.931955       32000.000000                       1.0000      8.8805       11.8908    1.351055e-08
1 May 2024 22:05:51.000              23.010            0.0000        23.010                184.6831             0.0000            0.0000                 0.0000                     0.0000          184.6831                    -2.953994                 1.499997                  -161.673               -136.695316                           0.000        0.000             0.000                 0.000                                                                                17.00000000       83.926313       32000.000000                       1.0000      8.8748       11.8851    1.379281e-08
1 May 2024 22:06:21.000              23.010            0.0000        23.010                184.6888             0.0000            0.0000                 0.0000                     0.0000          184.6888                    -2.955722                 1.499997                  -161.678               -136.700957                           0.000        0.000             0.000                 0.000                                                                                17.00000000       83.920672       32000.000000                       1.0000      8.8692       11.8795    1.408059e-08
1 May 2024 22:06:51.000              23.010            0.0000        23.010                184.6944             0.0000            0.0000                 0.0000                     0.0000          184.6944                    -2.957402                 1.499997                  -161.684               -136.706598                           0.000        0.000             0.000                 0.000                                                                                17.00000000       83.915031       32000.000000                       1.0000      8.8635       11.8738    1.437398e-08
1 May 2024 22:07:21.000              23.010            0.0000        23.010                184.7000             0.0000            0.0000                 0.0000                     0.0000          184.7000                    -2.959033                 1.499997                  -161.690               -136.712238                           0.000        0.000             0.000                 0.000                                                                                17.00000000       83.909391       32000.000000                       1.0000      8.8579       11.8682    1.467307e-08
1 May 2024 22:07:51.000              23.010            0.0000        23.010                184.7057             0.0000            0.0000                 0.0000                     0.0000          184.7057                    -2.960616                 1.499997                  -161.695               -136.717878                           0.000        0.000             0.000                 0.000                                                                                17.00000000       83.903751       32000.000000                       1.0000      8.8523       11.8626    1.497797e-08
1 May 2024 22:08:21.000              23.010            0.0000        23.010                184.7113             0.0000            0.0000                 0.0000                     0.0000          184.7113                    -2.962151                 1.499997                  -161.701               -136.723517                           0.000        0.000             0.000                 0.000                                                                                17.00000000       83.898112       32000.000000                       1.0000      8.8466       11.8569    1.528876e-08
1 May 2024 22:08:51.000              23.010            0.0000        23.010                184.7170             0.0000            0.0000                 0.0000                     0.0000          184.7170                    -2.963638                 1.499997                  -161.707               -136.729156                           0.000        0.000             0.000                 0.000                                                                                17.00000000       83.892473       32000.000000                       1.0000      8.8410       11.8513    1.560556e-08
1 May 2024 22:09:21.000              23.010            0.0000        23.010                184.7226             0.0000            0.0000                 0.0000                     0.0000          184.7226                    -2.965077                 1.499997                  -161.712               -136.734793                           0.000        0.000             0.000                 0.000                                                                                17.00000000       83.886836       32000.000000                       1.0000      8.8353       11.8456    1.592845e-08
1 May 2024 22:09:51.000              23.010            0.0000        23.010                184.7282             0.0000            0.0000                 0.0000                     0.0000          184.7282                    -2.966469                 1.499997                  -161.718               -136.740430                           0.000        0.000             0.000                 0.000                                                                                17.00000000       83.881199       32000.000000                       1.0000      8.8297       11.8400    1.625755e-08
1 May 2024 22:10:21.000              23.010            0.0000        23.010                184.7339             0.0000            0.0000                 0.0000                     0.0000          184.7339                    -2.967814                 1.499997                  -161.724               -136.746065                           0.000        0.000             0.000                 0.000                                                                                17.00000000       83.875564       32000.000000                       1.0000      8.8241       11.8344    1.659296e-08
1 May 2024 22:10:51.000              23.010            0.0000        23.010                184.7395             0.0000            0.0000                 0.0000                     0.0000          184.7395                    -2.969111                 1.499997                  -161.729               -136.751700                           0.000        0.000             0.000                 0.000                                                                                17.00000000       83.869929       32000.000000                       1.0000      8.8184       11.8287    1.693479e-08
1 May 2024 22:11:21.000              23.010            0.0000        23.010                184.7451             0.0000            0.0000                 0.0000                     0.0000          184.7451                    -2.970361                 1.499997                  -161.735               -136.757333                           0.000        0.000             0.000                 0.000                                                                                17.00000000       83.864296       32000.000000                       1.0000      8.8128       11.8231    1.728313e-08
1 May 2024 22:11:51.000              23.010            0.0000        23.010                184.7508             0.0000            0.0000                 0.0000                     0.0000          184.7508                    -2.971564                 1.499997                  -161.740               -136.762965                           0.000        0.000             0.000                 0.000                                                                                17.00000000       83.858665       32000.000000                       1.0000      8.8072       11.8175    1.763810e-08
1 May 2024 22:12:21.000              23.010            0.0000        23.010                184.7564             0.0000            0.0000                 0.0000                     0.0000          184.7564                    -2.972721                 1.499997                  -161.746               -136.768595                           0.000        0.000             0.000                 0.000                                                                                17.00000000       83.853034       32000.000000                       1.0000      8.8015       11.8118    1.799981e-08
1 May 2024 22:12:51.000              23.010            0.0000        23.010                184.7620             0.0000            0.0000                 0.0000                     0.0000          184.7620                    -2.973831                 1.499997                  -161.752               -136.774224                           0.000        0.000             0.000                 0.000                                                                                17.00000000       83.847405       32000.000000                       1.0000      8.7959       11.8062    1.836837e-08
1 May 2024 22:13:21.000              23.010            0.0000        23.010                184.7677             0.0000            0.0000                 0.0000                     0.0000          184.7677                    -2.974895                 1.499997                  -161.757               -136.779851                           0.000        0.000             0.000                 0.000                                                                                17.00000000       83.841778       32000.000000                       1.0000      8.7903       11.8006    1.874389e-08
1 May 2024 22:13:51.000              23.010            0.0000        23.010                184.7733             0.0000            0.0000                 0.0000                     0.0000          184.7733                    -2.975912                 1.499997                  -161.763               -136.785477                           0.000        0.000             0.000                 0.000                                                                                17.00000000       83.836153       32000.000000                       1.0000      8.7847       11.7950    1.912649e-08
1 May 2024 22:14:21.000              23.010            0.0000        23.010                184.7789             0.0000            0.0000                 0.0000                     0.0000          184.7789                    -2.976884                 1.499997                  -161.769               -136.791100                           0.000        0.000             0.000                 0.000                                                                                17.00000000       83.830529       32000.000000                       1.0000      8.7790       11.7893    1.951628e-08
1 May 2024 22:14:51.000              23.010            0.0000        23.010                184.7845             0.0000            0.0000                 0.0000                     0.0000          184.7845                    -2.977810                 1.499997                  -161.774               -136.796722                           0.000        0.000             0.000                 0.000                                                                                17.00000000       83.824907       32000.000000                       1.0000      8.7734       11.7837    1.991337e-08
1 May 2024 22:15:13.559              23.010            0.0000        23.010                184.7888             0.0000            0.0000                 0.0000                     0.0000          184.7888                    -2.978476                 1.499997                  -161.778               -136.800949                           0.000        0.000             0.000                 0.000                                                                                17.00000000       83.820681       32000.000000                       1.0000      8.7692       11.7795    2.021685e-08

      Time (UTCG)          Xmtr Power (dBW)    Xmtr Gain (dB)    EIRP (dBW)    Free Space Loss (dB)    Atmos Loss (dB)    Rain Loss (dB)    CloudsFog Loss (dB)    TropoScintill Loss (dB)    Prop Loss (dB)    Freq. Doppler Shift (kHz)    Rcvd. Frequency (GHz)    Rcvd. Iso. Power (dBW)    Flux Density (dBW/m^2)    Rcvr Gain (dB)    Tatmos (K)    Train (K)    TcloudsFog (K)    TtropoScintill (K)    Tsun (K)    Tearth (K)    Tcosmic (K)    Tantenna (K)    Tequivalent (K)     g/T (dB/K)    C/No (dB*Hz)    Bandwidth (kHz)    Bandwidth Overlap (units)    C/N (dB)    Eb/No (dB)         BER    
-----------------------    ----------------    --------------    ----------    --------------------    ---------------    --------------    -------------------    -----------------------    --------------    -------------------------    ---------------------    ----------------------    ----------------------    --------------    ----------    ---------    --------------    ------------------    --------    ----------    -----------    ------------    ---------------    -----------    ------------    ---------------    -------------------------    --------    ----------    ------------
2 May 2024 09:19:42.263              23.010            0.0000        23.010                184.8557             0.0000            0.0000                 0.0000                     0.0000          184.8557                     2.876505                 1.500003                  -161.845               -136.867908                           0.000        0.000             0.000                 0.000                                                                                17.00000000       83.753721       32000.000000                       1.0000      8.7022       11.7125    2.564270e-08
2 May 2024 09:20:12.000              23.010            0.0000        23.010                184.8504             0.0000            0.0000                 0.0000                     0.0000          184.8504                     2.871247                 1.500003                  -161.840               -136.862573                           0.000        0.000             0.000                 0.000                                                                                17.00000000       83.759056       32000.000000                       1.0000      8.7076       11.7179    2.516482e-08
2 May 2024 09:20:42.000              23.010            0.0000        23.010                184.8450             0.0000            0.0000                 0.0000                     0.0000          184.8450                     2.865878                 1.500003                  -161.835               -136.857197                           0.000        0.000             0.000                 0.000                                                                                17.00000000       83.764432       32000.000000                       1.0000      8.7129       11.7232    2.469175e-08
2 May 2024 09:21:12.000              23.010            0.0000        23.010                184.8396             0.0000            0.0000                 0.0000                     0.0000          184.8396                     2.860443                 1.500003                  -161.829               -136.851829                           0.000        0.000             0.000                 0.000                                                                                17.00000000       83.769800       32000.000000                       1.0000      8.7183       11.7286    2.422761e-08
2 May 2024 09:21:42.000              23.010            0.0000        23.010                184.8343             0.0000            0.0000                 0.0000                     0.0000          184.8343                     2.854944                 1.500003                  -161.824               -136.846467                           0.000        0.000             0.000                 0.000                                                                                17.00000000       83.775162       32000.000000                       1.0000      8.7237       11.7340    2.377223e-08
2 May 2024 09:22:12.000              23.010            0.0000        23.010                184.8289             0.0000            0.0000                 0.0000                     0.0000          184.8289                     2.849379                 1.500003                  -161.819               -136.841112                           0.000        0.000             0.000                 0.000                                                                                17.00000000       83.780517       32000.000000                       1.0000      8.7290       11.7393    2.332546e-08
2 May 2024 09:22:42.000              23.010            0.0000        23.010                184.8236             0.0000            0.0000                 0.0000                     0.0000          184.8236                     2.843749                 1.500003                  -161.813               -136.835764                           0.000        0.000             0.000                 0.000                                                                                17.00000000       83.785865       32000.000000                       1.0000      8.7344       11.7447    2.288716e-08
2 May 2024 09:23:12.000              23.010            0.0000        23.010                184.8182             0.0000            0.0000                 0.0000                     0.0000          184.8182                     2.838053                 1.500003                  -161.808               -136.830424                           0.000        0.000             0.000                 0.000                                                                                17.00000000       83.791205       32000.000000                       1.0000      8.7397       11.7500    2.245717e-08
2 May 2024 09:23:42.000              23.010            0.0000        23.010                184.8129             0.0000            0.0000                 0.0000                     0.0000          184.8129                     2.832292                 1.500003                  -161.803               -136.825092                           0.000        0.000             0.000                 0.000                                                                                17.00000000       83.796538       32000.000000                       1.0000      8.7450       11.7553    2.203534e-08
2 May 2024 09:24:12.000              23.010            0.0000        23.010                184.8076             0.0000            0.0000                 0.0000                     0.0000          184.8076                     2.826466                 1.500003                  -161.797               -136.819766                           0.000        0.000             0.000                 0.000                                                                                17.00000000       83.801863       32000.000000                       1.0000      8.7504       11.7607    2.162154e-08
2 May 2024 09:24:42.000              23.010            0.0000        23.010                184.8023             0.0000            0.0000                 0.0000                     0.0000          184.8023                     2.820574                 1.500003                  -161.792               -136.814449                           0.000        0.000             0.000                 0.000                                                                                17.00000000       83.807180       32000.000000                       1.0000      8.7557       11.7660    2.121562e-08
2 May 2024 09:25:12.000              23.010            0.0000        23.010                184.7969             0.0000            0.0000                 0.0000                     0.0000          184.7969                     2.814617                 1.500003                  -161.787               -136.809140                           0.000        0.000             0.000                 0.000                                                                                17.00000000       83.812489       32000.000000                       1.0000      8.7610       11.7713    2.081744e-08
2 May 2024 09:25:42.000              23.010            0.0000        23.010                184.7916             0.0000            0.0000                 0.0000                     0.0000          184.7916                     2.808594                 1.500003                  -161.781               -136.803838                           0.000        0.000             0.000                 0.000                                                                                17.00000000       83.817791       32000.000000                       1.0000      8.7663       11.7766    2.042686e-08
2 May 2024 09:26:12.000              23.010            0.0000        23.010                184.7864             0.0000            0.0000                 0.0000                     0.0000          184.7864                     2.802505                 1.500003                  -161.776               -136.798545                           0.000        0.000             0.000                 0.000                                                                                17.00000000       83.823084       32000.000000                       1.0000      8.7716       11.7819    2.004374e-08
2 May 2024 09:26:42.000              23.010            0.0000        23.010                184.7811             0.0000            0.0000                 0.0000                     0.0000          184.7811                     2.796352                 1.500003                  -161.771               -136.793260                           0.000        0.000             0.000                 0.000                                                                                17.00000000       83.828369       32000.000000                       1.0000      8.7769       11.7872    1.966796e-08
2 May 2024 09:27:12.000              23.010            0.0000        23.010                184.7758             0.0000            0.0000                 0.0000                     0.0000          184.7758                     2.790132                 1.500003                  -161.765               -136.787984                           0.000        0.000             0.000                 0.000                                                                                17.00000000       83.833645       32000.000000                       1.0000      8.7821       11.7924    1.929937e-08
2 May 2024 09:27:42.000              23.010            0.0000        23.010                184.7705             0.0000            0.0000                 0.0000                     0.0000          184.7705                     2.783847                 1.500003                  -161.760               -136.782716                           0.000        0.000             0.000                 0.000                                                                                17.00000000       83.838913       32000.000000                       1.0000      8.7874       11.7977    1.893786e-08
2 May 2024 09:28:12.000              23.010            0.0000        23.010                184.7653             0.0000            0.0000                 0.0000                     0.0000          184.7653                     2.777496                 1.500003                  -161.755               -136.777457                           0.000        0.000             0.000                 0.000                                                                                17.00000000       83.844172       32000.000000                       1.0000      8.7927       11.8030    1.858329e-08
2 May 2024 09:28:42.000              23.010            0.0000        23.010                184.7600             0.0000            0.0000                 0.0000                     0.0000          184.7600                     2.771080                 1.500003                  -161.750               -136.772207                           0.000        0.000             0.000                 0.000                                                                                17.00000000       83.849422       32000.000000                       1.0000      8.7979       11.8082    1.823553e-08
2 May 2024 09:29:12.000              23.010            0.0000        23.010                184.7548             0.0000            0.0000                 0.0000                     0.0000          184.7548                     2.764597                 1.500003                  -161.744               -136.766966                           0.000        0.000             0.000                 0.000                                                                                17.00000000       83.854663       32000.000000                       1.0000      8.8032       11.8135    1.789447e-08
2 May 2024 09:29:42.000              23.010            0.0000        23.010                184.7495             0.0000            0.0000                 0.0000                     0.0000          184.7495                     2.758050                 1.500003                  -161.739               -136.761734                           0.000        0.000             0.000                 0.000                                                                                17.00000000       83.859895       32000.000000                       1.0000      8.8084       11.8187    1.755998e-08
2 May 2024 09:30:12.000              23.010            0.0000        23.010                184.7443             0.0000            0.0000                 0.0000                     0.0000          184.7443                     2.751436                 1.500003                  -161.734               -136.756512                           0.000        0.000             0.000                 0.000                                                                                17.00000000       83.865117       32000.000000                       1.0000      8.8136       11.8239    1.723195e-08
2 May 2024 09:30:42.000              23.010            0.0000        23.010                184.7391             0.0000            0.0000                 0.0000                     0.0000          184.7391                     2.744757                 1.500003                  -161.729               -136.751299                           0.000        0.000             0.000                 0.000                                                                                17.00000000       83.870330       32000.000000                       1.0000      8.8188       11.8291    1.691024e-08
2 May 2024 09:31:12.000              23.010            0.0000        23.010                184.7339             0.0000            0.0000                 0.0000                     0.0000          184.7339                     2.738012                 1.500003                  -161.724               -136.746095                           0.000        0.000             0.000                 0.000                                                                                17.00000000       83.875534       32000.000000                       1.0000      8.8240       11.8343    1.659476e-08
2 May 2024 09:31:42.000              23.010            0.0000        23.010                184.7287             0.0000            0.0000                 0.0000                     0.0000          184.7287                     2.731202                 1.500003                  -161.718               -136.740902                           0.000        0.000             0.000                 0.000                                                                                17.00000000       83.880728       32000.000000                       1.0000      8.8292       11.8395    1.628538e-08
2 May 2024 09:32:12.000              23.010            0.0000        23.010                184.7235             0.0000            0.0000                 0.0000                     0.0000          184.7235                     2.724326                 1.500003                  -161.713               -136.735718                           0.000        0.000             0.000                 0.000                                                                                17.00000000       83.885911       32000.000000                       1.0000      8.8344       11.8447    1.598200e-08
2 May 2024 09:32:42.000              23.010            0.0000        23.010                184.7184             0.0000            0.0000                 0.0000                     0.0000          184.7184                     2.717384                 1.500003                  -161.708               -136.730544                           0.000        0.000             0.000                 0.000                                                                                17.00000000       83.891085       32000.000000                       1.0000      8.8396       11.8499    1.568449e-08
2 May 2024 09:33:12.000              23.010            0.0000        23.010                184.7132             0.0000            0.0000                 0.0000                     0.0000          184.7132                     2.710376                 1.500003                  -161.703               -136.725380                           0.000        0.000             0.000                 0.000                                                                                17.00000000       83.896249       32000.000000                       1.0000      8.8447       11.8550    1.539276e-08
2 May 2024 09:33:42.000              23.010            0.0000        23.010                184.7080             0.0000            0.0000                 0.0000                     0.0000          184.7080                     2.703303                 1.500003                  -161.698               -136.720227                           0.000        0.000             0.000                 0.000                                                                                17.00000000       83.901402       32000.000000                       1.0000      8.8499       11.8602    1.510670e-08
2 May 2024 09:34:12.000              23.010            0.0000        23.010                184.7029             0.0000            0.0000                 0.0000                     0.0000          184.7029                     2.696164                 1.500003                  -161.693               -136.715084                           0.000        0.000             0.000                 0.000                                                                                17.00000000       83.906545       32000.000000                       1.0000      8.8550       11.8653    1.482620e-08
2 May 2024 09:34:42.000              23.010            0.0000        23.010                184.6978             0.0000            0.0000                 0.0000                     0.0000          184.6978                     2.688960                 1.500003                  -161.687               -136.709952                           0.000        0.000             0.000                 0.000                                                                                17.00000000       83.911677       32000.000000                       1.0000      8.8602       11.8705    1.455115e-08
2 May 2024 09:35:12.000              23.010            0.0000        23.010                184.6926             0.0000            0.0000                 0.0000                     0.0000          184.6926                     2.681690                 1.500003                  -161.682               -136.704831                           0.000        0.000             0.000                 0.000                                                                                17.00000000       83.916798       32000.000000                       1.0000      8.8653       11.8756    1.428147e-08
2 May 2024 09:35:42.000              23.010            0.0000        23.010                184.6875             0.0000            0.0000                 0.0000                     0.0000          184.6875                     2.674354                 1.500003                  -161.677               -136.699721                           0.000        0.000             0.000                 0.000                                                                                17.00000000       83.921908       32000.000000                       1.0000      8.8704       11.8807    1.401704e-08
2 May 2024 09:36:12.000              23.010            0.0000        23.010                184.6824             0.0000            0.0000                 0.0000                     0.0000          184.6824                     2.666953                 1.500003                  -161.672               -136.694621                           0.000        0.000             0.000                 0.000                                                                                17.00000000       83.927008       32000.000000                       1.0000      8.8755       11.8858    1.375777e-08
2 May 2024 09:36:42.000              23.010            0.0000        23.010                184.6773             0.0000            0.0000                 0.0000                     0.0000          184.6773                     2.659486                 1.500003                  -161.667               -136.689533                           0.000        0.000             0.000                 0.000                                                                                17.00000000       83.932096       32000.000000                       1.0000      8.8806       11.8909    1.350357e-08
2 May 2024 09:37:12.000              23.010            0.0000        23.010                184.6723             0.0000            0.0000                 0.0000                     0.0000          184.6723                     2.651954                 1.500003                  -161.662               -136.684456                           0.000        0.000             0.000                 0.000                                                                                17.00000000       83.937173       32000.000000                       1.0000      8.8857       11.8960    1.325433e-08
2 May 2024 09:37:42.000              23.010            0.0000        23.010                184.6672             0.0000            0.0000                 0.0000                     0.0000          184.6672                     2.644356                 1.500003                  -161.657               -136.679391                           0.000        0.000             0.000                 0.000                                                                                17.00000000       83.942238       32000.000000                       1.0000      8.8907       11.9010    1.300997e-08
2 May 2024 09:38:12.000              23.010            0.0000        23.010                184.6621             0.0000            0.0000                 0.0000                     0.0000          184.6621                     2.636693                 1.500003                  -161.652               -136.674337                           0.000        0.000             0.000                 0.000                                                                                17.00000000       83.947292       32000.000000                       1.0000      8.8958       11.9061    1.277039e-08
2 May 2024 09:38:42.000              23.010            0.0000        23.010                184.6571             0.0000            0.0000                 0.0000                     0.0000          184.6571                     2.628965                 1.500003                  -161.647               -136.669296                           0.000        0.000             0.000                 0.000                                                                                17.00000000       83.952334       32000.000000                       1.0000      8.9008       11.9111    1.253550e-08
2 May 2024 09:39:12.000              23.010            0.0000        23.010                184.6521             0.0000            0.0000                 0.0000                     0.0000          184.6521                     2.621171                 1.500003                  -161.642               -136.664266                           0.000        0.000             0.000                 0.000                                                                                17.00000000       83.957363       32000.000000                       1.0000      8.9059       11.9162    1.230522e-08
2 May 2024 09:39:42.000              23.010            0.0000        23.010                184.6471             0.0000            0.0000                 0.0000                     0.0000          184.6471                     2.613312                 1.500003                  -161.637               -136.659248                           0.000        0.000             0.000                 0.000                                                                                17.00000000       83.962381       32000.000000                       1.0000      8.9109       11.9212    1.207946e-08
2 May 2024 09:40:12.000              23.010            0.0000        23.010                184.6421             0.0000            0.0000                 0.0000                     0.0000          184.6421                     2.605387                 1.500003                  -161.632               -136.654242                           0.000        0.000             0.000                 0.000                                                                                17.00000000       83.967387       32000.000000                       1.0000      8.9159       11.9262    1.185813e-08
2 May 2024 09:40:42.000              23.010            0.0000        23.010                184.6371             0.0000            0.0000                 0.0000                     0.0000          184.6371                     2.597398                 1.500003                  -161.627               -136.649249                           0.000        0.000             0.000                 0.000                                                                                17.00000000       83.972380       32000.000000                       1.0000      8.9209       11.9312    1.164114e-08
2 May 2024 09:41:12.000              23.010            0.0000        23.010                184.6321             0.0000            0.0000                 0.0000                     0.0000          184.6321                     2.589343                 1.500003                  -161.622               -136.644269                           0.000        0.000             0.000                 0.000                                                                                17.00000000       83.977361       32000.000000                       1.0000      8.9259       11.9362    1.142842e-08
2 May 2024 09:41:42.000              23.010            0.0000        23.010                184.6271             0.0000            0.0000                 0.0000                     0.0000          184.6271                     2.581223                 1.500003                  -161.617               -136.639301                           0.000        0.000             0.000                 0.000                                                                                17.00000000       83.982328       32000.000000                       1.0000      8.9308       11.9411    1.121989e-08
2 May 2024 09:42:12.000              23.010            0.0000        23.010                184.6222             0.0000            0.0000                 0.0000                     0.0000          184.6222                     2.573038                 1.500003                  -161.612               -136.634346                           0.000        0.000             0.000                 0.000                                                                                17.00000000       83.987284       32000.000000                       1.0000      8.9358       11.9461    1.101546e-08
2 May 2024 09:42:42.000              23.010            0.0000        23.010                184.6172             0.0000            0.0000                 0.0000                     0.0000          184.6172                     2.564788                 1.500003                  -161.607               -136.629403                           0.000        0.000             0.000                 0.000                                                                                17.00000000       83.992226       32000.000000                       1.0000      8.9407       11.9510    1.081505e-08
2 May 2024 09:43:12.000              23.010            0.0000        23.010                184.6123             0.0000            0.0000                 0.0000                     0.0000          184.6123                     2.556473                 1.500003                  -161.602               -136.624474                           0.000        0.000             0.000                 0.000                                                                                17.00000000       83.997155       32000.000000                       1.0000      8.9457       11.9560    1.061860e-08
2 May 2024 09:43:42.000              23.010            0.0000        23.010                184.6074             0.0000            0.0000                 0.0000                     0.0000          184.6074                     2.548093                 1.500003                  -161.597               -136.619559                           0.000        0.000             0.000                 0.000                                                                                17.00000000       84.002070       32000.000000                       1.0000      8.9506       11.9609    1.042602e-08
2 May 2024 09:44:12.000              23.010            0.0000        23.010                184.6025             0.0000            0.0000                 0.0000                     0.0000          184.6025                     2.539649                 1.500003                  -161.592               -136.614656                           0.000        0.000             0.000                 0.000                                                                                17.00000000       84.006973       32000.000000                       1.0000      8.9555       11.9658    1.023724e-08
2 May 2024 09:44:42.000              23.010            0.0000        23.010                184.5976             0.0000            0.0000                 0.0000                     0.0000          184.5976                     2.531140                 1.500003                  -161.587               -136.609768                           0.000        0.000             0.000                 0.000                                                                                17.00000000       84.011861       32000.000000                       1.0000      8.9604       11.9707    1.005218e-08
2 May 2024 09:45:12.000              23.010            0.0000        23.010                184.5927             0.0000            0.0000                 0.0000                     0.0000          184.5927                     2.522566                 1.500003                  -161.582               -136.604893                           0.000        0.000             0.000                 0.000                                                                                17.00000000       84.016736       32000.000000                       1.0000      8.9652       11.9755    9.870779e-09
2 May 2024 09:45:42.000              23.010            0.0000        23.010                184.5878             0.0000            0.0000                 0.0000                     0.0000          184.5878                     2.513927                 1.500003                  -161.578               -136.600032                           0.000        0.000             0.000                 0.000                                                                                17.00000000       84.021597       32000.000000                       1.0000      8.9701       11.9804    9.692962e-09
2 May 2024 09:46:12.000              23.010            0.0000        23.010                184.5830             0.0000            0.0000                 0.0000                     0.0000          184.5830                     2.505225                 1.500003                  -161.573               -136.595185                           0.000        0.000             0.000                 0.000                                                                                17.00000000       84.026444       32000.000000                       1.0000      8.9749       11.9852    9.518660e-09
2 May 2024 09:46:42.000              23.010            0.0000        23.010                184.5782             0.0000            0.0000                 0.0000                     0.0000          184.5782                     2.496457                 1.500002                  -161.568               -136.590352                           0.000        0.000             0.000                 0.000                                                                                17.00000000       84.031277       32000.000000                       1.0000      8.9798       11.9901    9.347805e-09
2 May 2024 09:47:12.000              23.010            0.0000        23.010                184.5733             0.0000            0.0000                 0.0000                     0.0000          184.5733                     2.487626                 1.500002                  -161.563               -136.585533                           0.000        0.000             0.000                 0.000                                                                                17.00000000       84.036096       32000.000000                       1.0000      8.9846       11.9949    9.180330e-09
2 May 2024 09:47:42.000              23.010            0.0000        23.010                184.5685             0.0000            0.0000                 0.0000                     0.0000          184.5685                     2.478730                 1.500002                  -161.558               -136.580729                           0.000        0.000             0.000                 0.000                                                                                17.00000000       84.040900       32000.000000                       1.0000      8.9894       11.9997    9.016171e-09
2 May 2024 09:48:12.000              23.010            0.0000        23.010                184.5637             0.0000            0.0000                 0.0000                     0.0000          184.5637                     2.469770                 1.500002                  -161.553               -136.575940                           0.000        0.000             0.000                 0.000                                                                                17.00000000       84.045689       32000.000000                       1.0000      8.9942       12.0045    8.855262e-09
2 May 2024 09:48:42.000              23.010            0.0000        23.010                184.5590             0.0000            0.0000                 0.0000                     0.0000          184.5590                     2.460746                 1.500002                  -161.549               -136.571165                           0.000        0.000             0.000                 0.000                                                                                17.00000000       84.050464       32000.000000                       1.0000      8.9990       12.0093    8.697541e-09
2 May 2024 09:49:12.000              23.010            0.0000        23.010                184.5542             0.0000            0.0000                 0.0000                     0.0000          184.5542                     2.451658                 1.500002                  -161.544               -136.566406                           0.000        0.000             0.000                 0.000                                                                                17.00000000       84.055224       32000.000000                       1.0000      9.0037       12.0140    8.542946e-09
2 May 2024 09:49:42.000              23.010            0.0000        23.010                184.5495             0.0000            0.0000                 0.0000                     0.0000          184.5495                     2.442507                 1.500002                  -161.539               -136.561661                           0.000        0.000             0.000                 0.000                                                                                17.00000000       84.059968       32000.000000                       1.0000      9.0085       12.0188    8.391415e-09
2 May 2024 09:50:12.000              23.010            0.0000        23.010                184.5447             0.0000            0.0000                 0.0000                     0.0000          184.5447                     2.433292                 1.500002                  -161.534               -136.556931                           0.000        0.000             0.000                 0.000                                                                                17.00000000       84.064698       32000.000000                       1.0000      9.0132       12.0235    8.242890e-09
2 May 2024 09:50:42.000              23.010            0.0000        23.010                184.5400             0.0000            0.0000                 0.0000                     0.0000          184.5400                     2.424013                 1.500002                  -161.530               -136.552217                           0.000        0.000             0.000                 0.000                                                                                17.00000000       84.069412       32000.000000                       1.0000      9.0179       12.0282    8.097311e-09
2 May 2024 09:51:12.000              23.010            0.0000        23.010                184.5353             0.0000            0.0000                 0.0000                     0.0000          184.5353                     2.414670                 1.500002                  -161.525               -136.547519                           0.000        0.000             0.000                 0.000                                                                                17.00000000       84.074110       32000.000000                       1.0000      9.0226       12.0329    7.954621e-09
2 May 2024 09:51:42.000              23.010            0.0000        23.010                184.5306             0.0000            0.0000                 0.0000                     0.0000          184.5306                     2.405265                 1.500002                  -161.520               -136.542836                           0.000        0.000             0.000                 0.000                                                                                17.00000000       84.078793       32000.000000                       1.0000      9.0273       12.0376    7.814763e-09
2 May 2024 09:52:12.000              23.010            0.0000        23.010                184.5260             0.0000            0.0000                 0.0000                     0.0000          184.5260                     2.395796                 1.500002                  -161.516               -136.538169                           0.000        0.000             0.000                 0.000                                                                                17.00000000       84.083460       32000.000000                       1.0000      9.0320       12.0423    7.677683e-09
2 May 2024 09:52:42.000              23.010            0.0000        23.010                184.5213             0.0000            0.0000                 0.0000                     0.0000          184.5213                     2.386264                 1.500002                  -161.511               -136.533518                           0.000        0.000             0.000                 0.000                                                                                17.00000000       84.088111       32000.000000                       1.0000      9.0366       12.0469    7.543325e-09
2 May 2024 09:53:12.000              23.010            0.0000        23.010                184.5167             0.0000            0.0000                 0.0000                     0.0000          184.5167                     2.376669                 1.500002                  -161.506               -136.528883                           0.000        0.000             0.000                 0.000                                                                                17.00000000       84.092746       32000.000000                       1.0000      9.0412       12.0515    7.411637e-09
2 May 2024 09:53:42.000              23.010            0.0000        23.010                184.5121             0.0000            0.0000                 0.0000                     0.0000          184.5121                     2.367011                 1.500002                  -161.502               -136.524264                           0.000        0.000             0.000                 0.000                                                                                17.00000000       84.097365       32000.000000                       1.0000      9.0459       12.0562    7.282565e-09
2 May 2024 09:54:12.000              23.010            0.0000        23.010                184.5075             0.0000            0.0000                 0.0000                     0.0000          184.5075                     2.357290                 1.500002                  -161.497               -136.519662                           0.000        0.000             0.000                 0.000                                                                                17.00000000       84.101967       32000.000000                       1.0000      9.0505       12.0608    7.156059e-09
2 May 2024 09:54:42.000              23.010            0.0000        23.010                184.5029             0.0000            0.0000                 0.0000                     0.0000          184.5029                     2.347507                 1.500002                  -161.493               -136.515077                           0.000        0.000             0.000                 0.000                                                                                17.00000000       84.106552       32000.000000                       1.0000      9.0551       12.0654    7.032067e-09
2 May 2024 09:55:12.000              23.010            0.0000        23.010                184.4983             0.0000            0.0000                 0.0000                     0.0000          184.4983                     2.337661                 1.500002                  -161.488               -136.510508                           0.000        0.000             0.000                 0.000                                                                                17.00000000       84.111121       32000.000000                       1.0000      9.0596       12.0699    6.910541e-09
2 May 2024 09:55:42.000              23.010            0.0000        23.010                184.4938             0.0000            0.0000                 0.0000                     0.0000          184.4938                     2.327753                 1.500002                  -161.483               -136.505956                           0.000        0.000             0.000                 0.000                                                                                17.00000000       84.115673       32000.000000                       1.0000      9.0642       12.0745    6.791432e-09
2 May 2024 09:56:12.000              23.010            0.0000        23.010                184.4892             0.0000            0.0000                 0.0000                     0.0000          184.4892                     2.317783                 1.500002                  -161.479               -136.501421                           0.000        0.000             0.000                 0.000                                                                                17.00000000       84.120208       32000.000000                       1.0000      9.0687       12.0790    6.674692e-09
2 May 2024 09:56:42.000              23.010            0.0000        23.010                184.4847             0.0000            0.0000                 0.0000                     0.0000          184.4847                     2.307751                 1.500002                  -161.474               -136.496903                           0.000        0.000             0.000                 0.000                                                                                17.00000000       84.124726       32000.000000                       1.0000      9.0732       12.0835    6.560275e-09
2 May 2024 09:57:12.000              23.010            0.0000        23.010                184.4802             0.0000            0.0000                 0.0000                     0.0000          184.4802                     2.297657                 1.500002                  -161.470               -136.492402                           0.000        0.000             0.000                 0.000                                                                                17.00000000       84.129227       32000.000000                       1.0000      9.0777       12.0880    6.448134e-09
2 May 2024 09:57:42.000              23.010            0.0000        23.010                184.4757             0.0000            0.0000                 0.0000                     0.0000          184.4757                     2.287501                 1.500002                  -161.465               -136.487919                           0.000        0.000             0.000                 0.000                                                                                17.00000000       84.133710       32000.000000                       1.0000      9.0822       12.0925    6.338224e-09
2 May 2024 09:58:12.000              23.010            0.0000        23.010                184.4713             0.0000            0.0000                 0.0000                     0.0000          184.4713                     2.277284                 1.500002                  -161.461               -136.483454                           0.000        0.000             0.000                 0.000                                                                                17.00000000       84.138175       32000.000000                       1.0000      9.0867       12.0970    6.230502e-09
2 May 2024 09:58:42.000              23.010            0.0000        23.010                184.4668             0.0000            0.0000                 0.0000                     0.0000          184.4668                     2.267005                 1.500002                  -161.457               -136.479006                           0.000        0.000             0.000                 0.000                                                                                17.00000000       84.142623       32000.000000                       1.0000      9.0911       12.1014    6.124924e-09
2 May 2024 09:59:12.000              23.010            0.0000        23.010                184.4624             0.0000            0.0000                 0.0000                     0.0000          184.4624                     2.256665                 1.500002                  -161.452               -136.474576                           0.000        0.000             0.000                 0.000                                                                                17.00000000       84.147053       32000.000000                       1.0000      9.0956       12.1059    6.021448e-09
2 May 2024 09:59:42.000              23.010            0.0000        23.010                184.4580             0.0000            0.0000                 0.0000                     0.0000          184.4580                     2.246265                 1.500002                  -161.448               -136.470165                           0.000        0.000             0.000                 0.000                                                                                17.00000000       84.151464       32000.000000                       1.0000      9.1000       12.1103    5.920032e-09
2 May 2024 10:00:12.000              23.010            0.0000        23.010                184.4536             0.0000            0.0000                 0.0000                     0.0000          184.4536                     2.235803                 1.500002                  -161.443               -136.465771                           0.000        0.000             0.000                 0.000                                                                                17.00000000       84.155858       32000.000000                       1.0000      9.1044       12.1147    5.820634e-09
2 May 2024 10:00:42.000              23.010            0.0000        23.010                184.4492             0.0000            0.0000                 0.0000                     0.0000          184.4492                     2.225280                 1.500002                  -161.439               -136.461396                           0.000        0.000             0.000                 0.000                                                                                17.00000000       84.160233       32000.000000                       1.0000      9.1087       12.1190    5.723216e-09
2 May 2024 10:01:12.000              23.010            0.0000        23.010                184.4448             0.0000            0.0000                 0.0000                     0.0000          184.4448                     2.214697                 1.500002                  -161.435               -136.457040                           0.000        0.000             0.000                 0.000                                                                                17.00000000       84.164589       32000.000000                       1.0000      9.1131       12.1234    5.627738e-09
2 May 2024 10:01:42.000              23.010            0.0000        23.010                184.4405             0.0000            0.0000                 0.0000                     0.0000          184.4405                     2.204054                 1.500002                  -161.430               -136.452702                           0.000        0.000             0.000                 0.000                                                                                17.00000000       84.168927       32000.000000                       1.0000      9.1174       12.1277    5.534160e-09
2 May 2024 10:02:12.000              23.010            0.0000        23.010                184.4362             0.0000            0.0000                 0.0000                     0.0000          184.4362                     2.193351                 1.500002                  -161.426               -136.448383                           0.000        0.000             0.000                 0.000                                                                                17.00000000       84.173246       32000.000000                       1.0000      9.1217       12.1320    5.442447e-09
2 May 2024 10:02:42.000              23.010            0.0000        23.010                184.4319             0.0000            0.0000                 0.0000                     0.0000          184.4319                     2.182587                 1.500002                  -161.422               -136.444082                           0.000        0.000             0.000                 0.000                                                                                17.00000000       84.177547       32000.000000                       1.0000      9.1260       12.1363    5.352559e-09
2 May 2024 10:03:12.000              23.010            0.0000        23.010                184.4276             0.0000            0.0000                 0.0000                     0.0000          184.4276                     2.171764                 1.500002                  -161.417               -136.439801                           0.000        0.000             0.000                 0.000                                                                                17.00000000       84.181828       32000.000000                       1.0000      9.1303       12.1406    5.264461e-09
2 May 2024 10:03:42.000              23.010            0.0000        23.010                184.4233             0.0000            0.0000                 0.0000                     0.0000          184.4233                     2.160881                 1.500002                  -161.413               -136.435540                           0.000        0.000             0.000                 0.000                                                                                17.00000000       84.186090       32000.000000                       1.0000      9.1346       12.1449    5.178118e-09
2 May 2024 10:04:12.000              23.010            0.0000        23.010                184.4191             0.0000            0.0000                 0.0000                     0.0000          184.4191                     2.149939                 1.500002                  -161.409               -136.431297                           0.000        0.000             0.000                 0.000                                                                                17.00000000       84.190332       32000.000000                       1.0000      9.1388       12.1491    5.093494e-09
2 May 2024 10:04:42.000              23.010            0.0000        23.010                184.4149             0.0000            0.0000                 0.0000                     0.0000          184.4149                     2.138938                 1.500002                  -161.405               -136.427074                           0.000        0.000             0.000                 0.000                                                                                17.00000000       84.194555       32000.000000                       1.0000      9.1431       12.1534    5.010556e-09
2 May 2024 10:05:12.000              23.010            0.0000        23.010                184.4107             0.0000            0.0000                 0.0000                     0.0000          184.4107                     2.127878                 1.500002                  -161.400               -136.422871                           0.000        0.000             0.000                 0.000                                                                                17.00000000       84.198758       32000.000000                       1.0000      9.1473       12.1576    4.929269e-09
2 May 2024 10:05:42.000              23.010            0.0000        23.010                184.4065             0.0000            0.0000                 0.0000                     0.0000          184.4065                     2.116759                 1.500002                  -161.396               -136.418688                           0.000        0.000             0.000                 0.000                                                                                17.00000000       84.202942       32000.000000                       1.0000      9.1514       12.1617    4.849601e-09
2 May 2024 10:06:12.000              23.010            0.0000        23.010                184.4023             0.0000            0.0000                 0.0000                     0.0000          184.4023                     2.105582                 1.500002                  -161.392               -136.414524                           0.000        0.000             0.000                 0.000                                                                                17.00000000       84.207105       32000.000000                       1.0000      9.1556       12.1659    4.771519e-09
2 May 2024 10:06:42.000              23.010            0.0000        23.010                184.3982             0.0000            0.0000                 0.0000                     0.0000          184.3982                     2.094346                 1.500002                  -161.388               -136.410381                           0.000        0.000             0.000                 0.000                                                                                17.00000000       84.211248       32000.000000                       1.0000      9.1597       12.1700    4.694992e-09
2 May 2024 10:07:12.000              23.010            0.0000        23.010                184.3941             0.0000            0.0000                 0.0000                     0.0000          184.3941                     2.083052                 1.500002                  -161.384               -136.406258                           0.000        0.000             0.000                 0.000                                                                                17.00000000       84.215371       32000.000000                       1.0000      9.1639       12.1742    4.619988e-09
2 May 2024 10:07:42.000              23.010            0.0000        23.010                184.3900             0.0000            0.0000                 0.0000                     0.0000          184.3900                     2.071700                 1.500002                  -161.380               -136.402155                           0.000        0.000             0.000                 0.000                                                                                17.00000000       84.219474       32000.000000                       1.0000      9.1680       12.1783    4.546479e-09
2 May 2024 10:08:12.000              23.010            0.0000        23.010                184.3859             0.0000            0.0000                 0.0000                     0.0000          184.3859                     2.060291                 1.500002                  -161.376               -136.398073                           0.000        0.000             0.000                 0.000                                                                                17.00000000       84.223556       32000.000000                       1.0000      9.1721       12.1824    4.474432e-09
2 May 2024 10:08:42.000              23.010            0.0000        23.010                184.3818             0.0000            0.0000                 0.0000                     0.0000          184.3818                     2.048824                 1.500002                  -161.372               -136.394012                           0.000        0.000             0.000                 0.000                                                                                17.00000000       84.227617       32000.000000                       1.0000      9.1761       12.1864    4.403821e-09
2 May 2024 10:09:12.000              23.010            0.0000        23.010                184.3778             0.0000            0.0000                 0.0000                     0.0000          184.3778                     2.037300                 1.500002                  -161.367               -136.389971                           0.000        0.000             0.000                 0.000                                                                                17.00000000       84.231658       32000.000000                       1.0000      9.1802       12.1905    4.334615e-09
2 May 2024 10:09:42.000              23.010            0.0000        23.010                184.3738             0.0000            0.0000                 0.0000                     0.0000          184.3738                     2.025719                 1.500002                  -161.363               -136.385952                           0.000        0.000             0.000                 0.000                                                                                17.00000000       84.235677       32000.000000                       1.0000      9.1842       12.1945    4.266786e-09
2 May 2024 10:10:12.000              23.010            0.0000        23.010                184.3698             0.0000            0.0000                 0.0000                     0.0000          184.3698                     2.014082                 1.500002                  -161.359               -136.381953                           0.000        0.000             0.000                 0.000                                                                                17.00000000       84.239676       32000.000000                       1.0000      9.1882       12.1985    4.200308e-09
2 May 2024 10:10:42.000              23.010            0.0000        23.010                184.3658             0.0000            0.0000                 0.0000                     0.0000          184.3658                     2.002388                 1.500002                  -161.355               -136.377976                           0.000        0.000             0.000                 0.000                                                                                17.00000000       84.243653       32000.000000                       1.0000      9.1922       12.2025    4.135154e-09
2 May 2024 10:11:12.000              23.010            0.0000        23.010                184.3618             0.0000            0.0000                 0.0000                     0.0000          184.3618                     1.990637                 1.500002                  -161.352               -136.374020                           0.000        0.000             0.000                 0.000                                                                                17.00000000       84.247609       32000.000000                       1.0000      9.1961       12.2064    4.071296e-09
2 May 2024 10:11:42.000              23.010            0.0000        23.010                184.3579             0.0000            0.0000                 0.0000                     0.0000          184.3579                     1.978831                 1.500002                  -161.348               -136.370086                           0.000        0.000             0.000                 0.000                                                                                17.00000000       84.251543       32000.000000                       1.0000      9.2000       12.2103    4.008710e-09
2 May 2024 10:12:12.000              23.010            0.0000        23.010                184.3540             0.0000            0.0000                 0.0000                     0.0000          184.3540                     1.966969                 1.500002                  -161.344               -136.366174                           0.000        0.000             0.000                 0.000                                                                                17.00000000       84.255455       32000.000000                       1.0000      9.2040       12.2143    3.947369e-09
2 May 2024 10:12:42.000              23.010            0.0000        23.010                184.3501             0.0000            0.0000                 0.0000                     0.0000          184.3501                     1.955052                 1.500002                  -161.340               -136.362283                           0.000        0.000             0.000                 0.000                                                                                17.00000000       84.259346       32000.000000                       1.0000      9.2078       12.2181    3.887249e-09
2 May 2024 10:13:12.000              23.010            0.0000        23.010                184.3462             0.0000            0.0000                 0.0000                     0.0000          184.3462                     1.943079                 1.500002                  -161.336               -136.358414                           0.000        0.000             0.000                 0.000                                                                                17.00000000       84.263215       32000.000000                       1.0000      9.2117       12.2220    3.828326e-09
2 May 2024 10:13:42.000              23.010            0.0000        23.010                184.3424             0.0000            0.0000                 0.0000                     0.0000          184.3424                     1.931052                 1.500002                  -161.332               -136.354568                           0.000        0.000             0.000                 0.000                                                                                17.00000000       84.267061       32000.000000                       1.0000      9.2156       12.2259    3.770575e-09
2 May 2024 10:14:12.000              23.010            0.0000        23.010                184.3386             0.0000            0.0000                 0.0000                     0.0000          184.3386                     1.918970                 1.500002                  -161.328               -136.350743                           0.000        0.000             0.000                 0.000                                                                                17.00000000       84.270886       32000.000000                       1.0000      9.2194       12.2297    3.713974e-09
2 May 2024 10:14:42.000              23.010            0.0000        23.010                184.3348             0.0000            0.0000                 0.0000                     0.0000          184.3348                     1.906834                 1.500002                  -161.324               -136.346941                           0.000        0.000             0.000                 0.000                                                                                17.00000000       84.274688       32000.000000                       1.0000      9.2232       12.2335    3.658499e-09
2 May 2024 10:15:12.000              23.010            0.0000        23.010                184.3310             0.0000            0.0000                 0.0000                     0.0000          184.3310                     1.894643                 1.500002                  -161.321               -136.343162                           0.000        0.000             0.000                 0.000                                                                                17.00000000       84.278467       32000.000000                       1.0000      9.2270       12.2373    3.604129e-09
2 May 2024 10:15:42.000              23.010            0.0000        23.010                184.3272             0.0000            0.0000                 0.0000                     0.0000          184.3272                     1.882399                 1.500002                  -161.317               -136.339405                           0.000        0.000             0.000                 0.000                                                                                17.00000000       84.282224       32000.000000                       1.0000      9.2307       12.2410    3.550841e-09
2 May 2024 10:16:12.000              23.010            0.0000        23.010                184.3235             0.0000            0.0000                 0.0000                     0.0000          184.3235                     1.870101                 1.500002                  -161.313               -136.335671                           0.000        0.000             0.000                 0.000                                                                                17.00000000       84.285958       32000.000000                       1.0000      9.2345       12.2448    3.498613e-09
2 May 2024 10:16:42.000              23.010            0.0000        23.010                184.3198             0.0000            0.0000                 0.0000                     0.0000          184.3198                     1.857750                 1.500002                  -161.309               -136.331960                           0.000        0.000             0.000                 0.000                                                                                17.00000000       84.289669       32000.000000                       1.0000      9.2382       12.2485    3.447425e-09
2 May 2024 10:17:12.000              23.010            0.0000        23.010                184.3161             0.0000            0.0000                 0.0000                     0.0000          184.3161                     1.845346                 1.500002                  -161.306               -136.328272                           0.000        0.000             0.000                 0.000                                                                                17.00000000       84.293357       32000.000000                       1.0000      9.2419       12.2522    3.397256e-09
2 May 2024 10:17:42.000              23.010            0.0000        23.010                184.3124             0.0000            0.0000                 0.0000                     0.0000          184.3124                     1.832890                 1.500002                  -161.302               -136.324607                           0.000        0.000             0.000                 0.000                                                                                17.00000000       84.297022       32000.000000                       1.0000      9.2455       12.2558    3.348085e-09
2 May 2024 10:18:12.000              23.010            0.0000        23.010                184.3088             0.0000            0.0000                 0.0000                     0.0000          184.3088                     1.820381                 1.500002                  -161.298               -136.320966                           0.000        0.000             0.000                 0.000                                                                                17.00000000       84.300663       32000.000000                       1.0000      9.2492       12.2595    3.299894e-09
2 May 2024 10:18:42.000              23.010            0.0000        23.010                184.3052             0.0000            0.0000                 0.0000                     0.0000          184.3052                     1.807819                 1.500002                  -161.295               -136.317348                           0.000        0.000             0.000                 0.000                                                                                17.00000000       84.304281       32000.000000                       1.0000      9.2528       12.2631    3.252662e-09
2 May 2024 10:19:12.000              23.010            0.0000        23.010                184.3016             0.0000            0.0000                 0.0000                     0.0000          184.3016                     1.795207                 1.500002                  -161.291               -136.313754                           0.000        0.000             0.000                 0.000                                                                                17.00000000       84.307875       32000.000000                       1.0000      9.2564       12.2667    3.206370e-09
2 May 2024 10:19:42.000              23.010            0.0000        23.010                184.2980             0.0000            0.0000                 0.0000                     0.0000          184.2980                     1.782542                 1.500002                  -161.288               -136.310183                           0.000        0.000             0.000                 0.000                                                                                17.00000000       84.311446       32000.000000                       1.0000      9.2599       12.2702    3.161001e-09
2 May 2024 10:20:12.000              23.010            0.0000        23.010                184.2944             0.0000            0.0000                 0.0000                     0.0000          184.2944                     1.769827                 1.500002                  -161.284               -136.306637                           0.000        0.000             0.000                 0.000                                                                                17.00000000       84.314993       32000.000000                       1.0000      9.2635       12.2738    3.116535e-09
2 May 2024 10:20:42.000              23.010            0.0000        23.010                184.2909             0.0000            0.0000                 0.0000                     0.0000          184.2909                     1.757061                 1.500002                  -161.281               -136.303114                           0.000        0.000             0.000                 0.000                                                                                17.00000000       84.318515       32000.000000                       1.0000      9.2670       12.2773    3.072955e-09
2 May 2024 10:21:12.000              23.010            0.0000        23.010                184.2874             0.0000            0.0000                 0.0000                     0.0000          184.2874                     1.744244                 1.500002                  -161.277               -136.299615                           0.000        0.000             0.000                 0.000                                                                                17.00000000       84.322014       32000.000000                       1.0000      9.2705       12.2808    3.030244e-09
2 May 2024 10:21:42.000              23.010            0.0000        23.010                184.2840             0.0000            0.0000                 0.0000                     0.0000          184.2840                     1.731377                 1.500002                  -161.274               -136.296141                           0.000        0.000             0.000                 0.000                                                                                17.00000000       84.325488       32000.000000                       1.0000      9.2740       12.2843    2.988384e-09
2 May 2024 10:22:12.000              23.010            0.0000        23.010                184.2805             0.0000            0.0000                 0.0000                     0.0000          184.2805                     1.718461                 1.500002                  -161.270               -136.292691                           0.000        0.000             0.000                 0.000                                                                                17.00000000       84.328938       32000.000000                       1.0000      9.2774       12.2877    2.947358e-09
2 May 2024 10:22:42.000              23.010            0.0000        23.010                184.2771             0.0000            0.0000                 0.0000                     0.0000          184.2771                     1.705494                 1.500002                  -161.267               -136.289266                           0.000        0.000             0.000                 0.000                                                                                17.00000000       84.332363       32000.000000                       1.0000      9.2809       12.2912    2.907150e-09
2 May 2024 10:23:12.000              23.010            0.0000        23.010                184.2737             0.0000            0.0000                 0.0000                     0.0000          184.2737                     1.692479                 1.500002                  -161.263               -136.285865                           0.000        0.000             0.000                 0.000                                                                                17.00000000       84.335764       32000.000000                       1.0000      9.2843       12.2946    2.867745e-09
2 May 2024 10:23:42.000              23.010            0.0000        23.010                184.2703             0.0000            0.0000                 0.0000                     0.0000          184.2703                     1.679415                 1.500002                  -161.260               -136.282489                           0.000        0.000             0.000                 0.000                                                                                17.00000000       84.339140       32000.000000                       1.0000      9.2876       12.2979    2.829126e-09
2 May 2024 10:24:12.000              23.010            0.0000        23.010                184.2669             0.0000            0.0000                 0.0000                     0.0000          184.2669                     1.666302                 1.500002                  -161.257               -136.279138                           0.000        0.000             0.000                 0.000                                                                                17.00000000       84.342491       32000.000000                       1.0000      9.2910       12.3013    2.791278e-09
2 May 2024 10:24:42.000              23.010            0.0000        23.010                184.2636             0.0000            0.0000                 0.0000                     0.0000          184.2636                     1.653141                 1.500002                  -161.253               -136.275812                           0.000        0.000             0.000                 0.000                                                                                17.00000000       84.345817       32000.000000                       1.0000      9.2943       12.3046    2.754186e-09
2 May 2024 10:25:12.000              23.010            0.0000        23.010                184.2603             0.0000            0.0000                 0.0000                     0.0000          184.2603                     1.639932                 1.500002                  -161.250               -136.272511                           0.000        0.000             0.000                 0.000                                                                                17.00000000       84.349118       32000.000000                       1.0000      9.2976       12.3079    2.717835e-09
2 May 2024 10:25:42.000              23.010            0.0000        23.010                184.2570             0.0000            0.0000                 0.0000                     0.0000          184.2570                     1.626676                 1.500002                  -161.247               -136.269236                           0.000        0.000             0.000                 0.000                                                                                17.00000000       84.352393       32000.000000                       1.0000      9.3009       12.3112    2.682210e-09
2 May 2024 10:26:12.000              23.010            0.0000        23.010                184.2538             0.0000            0.0000                 0.0000                     0.0000          184.2538                     1.613372                 1.500002                  -161.243               -136.265986                           0.000        0.000             0.000                 0.000                                                                                17.00000000       84.355643       32000.000000                       1.0000      9.3041       12.3144    2.647299e-09
2 May 2024 10:26:42.000              23.010            0.0000        23.010                184.2506             0.0000            0.0000                 0.0000                     0.0000          184.2506                     1.600022                 1.500002                  -161.240               -136.262761                           0.000        0.000             0.000                 0.000                                                                                17.00000000       84.358868       32000.000000                       1.0000      9.3074       12.3177    2.613085e-09
2 May 2024 10:27:12.000              23.010            0.0000        23.010                184.2474             0.0000            0.0000                 0.0000                     0.0000          184.2474                     1.586625                 1.500002                  -161.237               -136.259562                           0.000        0.000             0.000                 0.000                                                                                17.00000000       84.362067       32000.000000                       1.0000      9.3106       12.3209    2.579558e-09
2 May 2024 10:27:42.000              23.010            0.0000        23.010                184.2442             0.0000            0.0000                 0.0000                     0.0000          184.2442                     1.573183                 1.500002                  -161.234               -136.256389                           0.000        0.000             0.000                 0.000                                                                                17.00000000       84.365240       32000.000000                       1.0000      9.3137       12.3240    2.546701e-09
2 May 2024 10:28:12.000              23.010            0.0000        23.010                184.2411             0.0000            0.0000                 0.0000                     0.0000          184.2411                     1.559694                 1.500002                  -161.231               -136.253242                           0.000        0.000             0.000                 0.000                                                                                17.00000000       84.368387       32000.000000                       1.0000      9.3169       12.3272    2.514504e-09
2 May 2024 10:28:42.000              23.010            0.0000        23.010                184.2379             0.0000            0.0000                 0.0000                     0.0000          184.2379                     1.546161                 1.500002                  -161.228               -136.250121                           0.000        0.000             0.000                 0.000                                                                                17.00000000       84.371508       32000.000000                       1.0000      9.3200       12.3303    2.482953e-09
2 May 2024 10:29:12.000              23.010            0.0000        23.010                184.2348             0.0000            0.0000                 0.0000                     0.0000          184.2348                     1.532582                 1.500002                  -161.225               -136.247026                           0.000        0.000             0.000                 0.000                                                                                17.00000000       84.374604       32000.000000                       1.0000      9.3231       12.3334    2.452036e-09
2 May 2024 10:29:42.000              23.010            0.0000        23.010                184.2318             0.0000            0.0000                 0.0000                     0.0000          184.2318                     1.518959                 1.500002                  -161.221               -136.243957                           0.000        0.000             0.000                 0.000                                                                                17.00000000       84.377672       32000.000000                       1.0000      9.3262       12.3365    2.421740e-09
2 May 2024 10:30:12.000              23.010            0.0000        23.010                184.2287             0.0000            0.0000                 0.0000                     0.0000          184.2287                     1.505291                 1.500002                  -161.218               -136.240914                           0.000        0.000             0.000                 0.000                                                                                17.00000000       84.380715       32000.000000                       1.0000      9.3292       12.3395    2.392054e-09
2 May 2024 10:30:42.000              23.010            0.0000        23.010                184.2257             0.0000            0.0000                 0.0000                     0.0000          184.2257                     1.491580                 1.500001                  -161.215               -136.237898                           0.000        0.000             0.000                 0.000                                                                                17.00000000       84.383731       32000.000000                       1.0000      9.3322       12.3425    2.362967e-09
2 May 2024 10:31:12.000              23.010            0.0000        23.010                184.2227             0.0000            0.0000                 0.0000                     0.0000          184.2227                     1.477825                 1.500001                  -161.212               -136.234909                           0.000        0.000             0.000                 0.000                                                                                17.00000000       84.386720       32000.000000                       1.0000      9.3352       12.3455    2.334465e-09
2 May 2024 10:31:42.000              23.010            0.0000        23.010                184.2198             0.0000            0.0000                 0.0000                     0.0000          184.2198                     1.464027                 1.500001                  -161.209               -136.231946                           0.000        0.000             0.000                 0.000                                                                                17.00000000       84.389683       32000.000000                       1.0000      9.3382       12.3485    2.306539e-09
2 May 2024 10:32:12.000              23.010            0.0000        23.010                184.2168             0.0000            0.0000                 0.0000                     0.0000          184.2168                     1.450187                 1.500001                  -161.207               -136.229011                           0.000        0.000             0.000                 0.000                                                                                17.00000000       84.392618       32000.000000                       1.0000      9.3411       12.3514    2.279178e-09
2 May 2024 10:32:42.000              23.010            0.0000        23.010                184.2139             0.0000            0.0000                 0.0000                     0.0000          184.2139                     1.436304                 1.500001                  -161.204               -136.226102                           0.000        0.000             0.000                 0.000                                                                                17.00000000       84.395527       32000.000000                       1.0000      9.3440       12.3543    2.252370e-09
2 May 2024 10:33:12.000              23.010            0.0000        23.010                184.2110             0.0000            0.0000                 0.0000                     0.0000          184.2110                     1.422380                 1.500001                  -161.201               -136.223220                           0.000        0.000             0.000                 0.000                                                                                17.00000000       84.398409       32000.000000                       1.0000      9.3469       12.3572    2.226106e-09
2 May 2024 10:33:42.000              23.010            0.0000        23.010                184.2082             0.0000            0.0000                 0.0000                     0.0000          184.2082                     1.408414                 1.500001                  -161.198               -136.220365                           0.000        0.000             0.000                 0.000                                                                                17.00000000       84.401264       32000.000000                       1.0000      9.3498       12.3601    2.200375e-09
2 May 2024 10:34:12.000              23.010            0.0000        23.010                184.2053             0.0000            0.0000                 0.0000                     0.0000          184.2053                     1.394406                 1.500001                  -161.195               -136.217538                           0.000        0.000             0.000                 0.000                                                                                17.00000000       84.404091       32000.000000                       1.0000      9.3526       12.3629    2.175167e-09
2 May 2024 10:34:42.000              23.010            0.0000        23.010                184.2025             0.0000            0.0000                 0.0000                     0.0000          184.2025                     1.380359                 1.500001                  -161.192               -136.214738                           0.000        0.000             0.000                 0.000                                                                                17.00000000       84.406891       32000.000000                       1.0000      9.3554       12.3657    2.150473e-09
2 May 2024 10:35:12.000              23.010            0.0000        23.010                184.1998             0.0000            0.0000                 0.0000                     0.0000          184.1998                     1.366271                 1.500001                  -161.189               -136.211966                           0.000        0.000             0.000                 0.000                                                                                17.00000000       84.409663       32000.000000                       1.0000      9.3582       12.3685    2.126282e-09
2 May 2024 10:35:42.000              23.010            0.0000        23.010                184.1970             0.0000            0.0000                 0.0000                     0.0000          184.1970                     1.352143                 1.500001                  -161.187               -136.209221                           0.000        0.000             0.000                 0.000                                                                                17.00000000       84.412408       32000.000000                       1.0000      9.3609       12.3712    2.102586e-09
2 May 2024 10:36:12.000              23.010            0.0000        23.010                184.1943             0.0000            0.0000                 0.0000                     0.0000          184.1943                     1.337976                 1.500001                  -161.184               -136.206504                           0.000        0.000             0.000                 0.000                                                                                17.00000000       84.415125       32000.000000                       1.0000      9.3636       12.3739    2.079375e-09
2 May 2024 10:36:42.000              23.010            0.0000        23.010                184.1916             0.0000            0.0000                 0.0000                     0.0000          184.1916                     1.323769                 1.500001                  -161.181               -136.203815                           0.000        0.000             0.000                 0.000                                                                                17.00000000       84.417815       32000.000000                       1.0000      9.3663       12.3766    2.056640e-09
2 May 2024 10:37:12.000              23.010            0.0000        23.010                184.1890             0.0000            0.0000                 0.0000                     0.0000          184.1890                     1.309525                 1.500001                  -161.179               -136.201153                           0.000        0.000             0.000                 0.000                                                                                17.00000000       84.420476       32000.000000                       1.0000      9.3690       12.3793    2.034372e-09
2 May 2024 10:37:42.000              23.010            0.0000        23.010                184.1863             0.0000            0.0000                 0.0000                     0.0000          184.1863                     1.295242                 1.500001                  -161.176               -136.198520                           0.000        0.000             0.000                 0.000                                                                                17.00000000       84.423109       32000.000000                       1.0000      9.3716       12.3819    2.012564e-09
2 May 2024 10:38:12.000              23.010            0.0000        23.010                184.1837             0.0000            0.0000                 0.0000                     0.0000          184.1837                     1.280921                 1.500001                  -161.173               -136.195915                           0.000        0.000             0.000                 0.000                                                                                17.00000000       84.425714       32000.000000                       1.0000      9.3742       12.3845    1.991206e-09
2 May 2024 10:38:42.000              23.010            0.0000        23.010                184.1811             0.0000            0.0000                 0.0000                     0.0000          184.1811                     1.266563                 1.500001                  -161.171               -136.193338                           0.000        0.000             0.000                 0.000                                                                                17.00000000       84.428291       32000.000000                       1.0000      9.3768       12.3871    1.970291e-09
2 May 2024 10:39:12.000              23.010            0.0000        23.010                184.1786             0.0000            0.0000                 0.0000                     0.0000          184.1786                     1.252168                 1.500001                  -161.168               -136.190789                           0.000        0.000             0.000                 0.000                                                                                17.00000000       84.430840       32000.000000                       1.0000      9.3793       12.3896    1.949810e-09
2 May 2024 10:39:42.000              23.010            0.0000        23.010                184.1761             0.0000            0.0000                 0.0000                     0.0000          184.1761                     1.237737                 1.500001                  -161.166               -136.188269                           0.000        0.000             0.000                 0.000                                                                                17.00000000       84.433360       32000.000000                       1.0000      9.3819       12.3922    1.929755e-09
2 May 2024 10:40:12.000              23.010            0.0000        23.010                184.1736             0.0000            0.0000                 0.0000                     0.0000          184.1736                     1.223269                 1.500001                  -161.163               -136.185777                           0.000        0.000             0.000                 0.000                                                                                17.00000000       84.435852       32000.000000                       1.0000      9.3844       12.3947    1.910119e-09
2 May 2024 10:40:42.000              23.010            0.0000        23.010                184.1711             0.0000            0.0000                 0.0000                     0.0000          184.1711                     1.208766                 1.500001                  -161.161               -136.183314                           0.000        0.000             0.000                 0.000                                                                                17.00000000       84.438315       32000.000000                       1.0000      9.3868       12.3971    1.890895e-09
2 May 2024 10:41:12.000              23.010            0.0000        23.010                184.1687             0.0000            0.0000                 0.0000                     0.0000          184.1687                     1.194228                 1.500001                  -161.158               -136.180880                           0.000        0.000             0.000                 0.000                                                                                17.00000000       84.440749       32000.000000                       1.0000      9.3892       12.3995    1.872074e-09
2 May 2024 10:41:42.000              23.010            0.0000        23.010                184.1663             0.0000            0.0000                 0.0000                     0.0000          184.1663                     1.179656                 1.500001                  -161.156               -136.178474                           0.000        0.000             0.000                 0.000                                                                                17.00000000       84.443155       32000.000000                       1.0000      9.3917       12.4020    1.853651e-09
2 May 2024 10:42:12.000              23.010            0.0000        23.010                184.1639             0.0000            0.0000                 0.0000                     0.0000          184.1639                     1.165049                 1.500001                  -161.154               -136.176098                           0.000        0.000             0.000                 0.000                                                                                17.00000000       84.445531       32000.000000                       1.0000      9.3940       12.4043    1.835617e-09
2 May 2024 10:42:42.000              23.010            0.0000        23.010                184.1616             0.0000            0.0000                 0.0000                     0.0000          184.1616                     1.150409                 1.500001                  -161.151               -136.173750                           0.000        0.000             0.000                 0.000                                                                                17.00000000       84.447879       32000.000000                       1.0000      9.3964       12.4067    1.817967e-09
2 May 2024 10:43:12.000              23.010            0.0000        23.010                184.1592             0.0000            0.0000                 0.0000                     0.0000          184.1592                     1.135735                 1.500001                  -161.149               -136.171432                           0.000        0.000             0.000                 0.000                                                                                17.00000000       84.450197       32000.000000                       1.0000      9.3987       12.4090    1.800693e-09
2 May 2024 10:43:42.000              23.010            0.0000        23.010                184.1570             0.0000            0.0000                 0.0000                     0.0000          184.1570                     1.121028                 1.500001                  -161.147               -136.169143                           0.000        0.000             0.000                 0.000                                                                                17.00000000       84.452487       32000.000000                       1.0000      9.4010       12.4113    1.783788e-09
2 May 2024 10:44:12.000              23.010            0.0000        23.010                184.1547             0.0000            0.0000                 0.0000                     0.0000          184.1547                     1.106289                 1.500001                  -161.144               -136.166883                           0.000        0.000             0.000                 0.000                                                                                17.00000000       84.454747       32000.000000                       1.0000      9.4032       12.4135    1.767247e-09
2 May 2024 10:44:42.000              23.010            0.0000        23.010                184.1525             0.0000            0.0000                 0.0000                     0.0000          184.1525                     1.091518                 1.500001                  -161.142               -136.164652                           0.000        0.000             0.000                 0.000                                                                                17.00000000       84.456977       32000.000000                       1.0000      9.4055       12.4158    1.751064e-09
2 May 2024 10:45:12.000              23.010            0.0000        23.010                184.1503             0.0000            0.0000                 0.0000                     0.0000          184.1503                     1.076716                 1.500001                  -161.140               -136.162451                           0.000        0.000             0.000                 0.000                                                                                17.00000000       84.459178       32000.000000                       1.0000      9.4077       12.4180    1.735231e-09
2 May 2024 10:45:42.000              23.010            0.0000        23.010                184.1481             0.0000            0.0000                 0.0000                     0.0000          184.1481                     1.061882                 1.500001                  -161.138               -136.160279                           0.000        0.000             0.000                 0.000                                                                                17.00000000       84.461350       32000.000000                       1.0000      9.4099       12.4202    1.719744e-09
2 May 2024 10:46:12.000              23.010            0.0000        23.010                184.1459             0.0000            0.0000                 0.0000                     0.0000          184.1459                     1.047018                 1.500001                  -161.136               -136.158137                           0.000        0.000             0.000                 0.000                                                                                17.00000000       84.463492       32000.000000                       1.0000      9.4120       12.4223    1.704596e-09
2 May 2024 10:46:42.000              23.010            0.0000        23.010                184.1438             0.0000            0.0000                 0.0000                     0.0000          184.1438                     1.032124                 1.500001                  -161.134               -136.156025                           0.000        0.000             0.000                 0.000                                                                                17.00000000       84.465604       32000.000000                       1.0000      9.4141       12.4244    1.689782e-09
2 May 2024 10:47:12.000              23.010            0.0000        23.010                184.1418             0.0000            0.0000                 0.0000                     0.0000          184.1418                     1.017201                 1.500001                  -161.131               -136.153942                           0.000        0.000             0.000                 0.000                                                                                17.00000000       84.467687       32000.000000                       1.0000      9.4162       12.4265    1.675295e-09
2 May 2024 10:47:42.000              23.010            0.0000        23.010                184.1397             0.0000            0.0000                 0.0000                     0.0000          184.1397                     1.002248                 1.500001                  -161.129               -136.151890                           0.000        0.000             0.000                 0.000                                                                                17.00000000       84.469739       32000.000000                       1.0000      9.4182       12.4285    1.661132e-09
2 May 2024 10:48:12.000              23.010            0.0000        23.010                184.1377             0.0000            0.0000                 0.0000                     0.0000          184.1377                     0.987267                 1.500001                  -161.127               -136.149867                           0.000        0.000             0.000                 0.000                                                                                17.00000000       84.471762       32000.000000                       1.0000      9.4203       12.4306    1.647286e-09
2 May 2024 10:48:42.000              23.010            0.0000        23.010                184.1357             0.0000            0.0000                 0.0000                     0.0000          184.1357                     0.972258                 1.500001                  -161.125               -136.147874                           0.000        0.000             0.000                 0.000                                                                                17.00000000       84.473755       32000.000000                       1.0000      9.4223       12.4326    1.633753e-09
2 May 2024 10:49:12.000              23.010            0.0000        23.010                184.1337             0.0000            0.0000                 0.0000                     0.0000          184.1337                     0.957221                 1.500001                  -161.123               -136.145912                           0.000        0.000             0.000                 0.000                                                                                17.00000000       84.475717       32000.000000                       1.0000      9.4242       12.4345    1.620527e-09
2 May 2024 10:49:42.000              23.010            0.0000        23.010                184.1318             0.0000            0.0000                 0.0000                     0.0000          184.1318                     0.942157                 1.500001                  -161.121               -136.143979                           0.000        0.000             0.000                 0.000                                                                                17.00000000       84.477650       32000.000000                       1.0000      9.4261       12.4364    1.607603e-09
2 May 2024 10:50:12.000              23.010            0.0000        23.010                184.1299             0.0000            0.0000                 0.0000                     0.0000          184.1299                     0.927067                 1.500001                  -161.120               -136.142077                           0.000        0.000             0.000                 0.000                                                                                17.00000000       84.479552       32000.000000                       1.0000      9.4281       12.4384    1.594977e-09
2 May 2024 10:50:42.000              23.010            0.0000        23.010                184.1280             0.0000            0.0000                 0.0000                     0.0000          184.1280                     0.911950                 1.500001                  -161.118               -136.140205                           0.000        0.000             0.000                 0.000                                                                                17.00000000       84.481424       32000.000000                       1.0000      9.4299       12.4402    1.582644e-09
2 May 2024 10:51:12.000              23.010            0.0000        23.010                184.1262             0.0000            0.0000                 0.0000                     0.0000          184.1262                     0.896807                 1.500001                  -161.116               -136.138364                           0.000        0.000             0.000                 0.000                                                                                17.00000000       84.483265       32000.000000                       1.0000      9.4318       12.4421    1.570599e-09
2 May 2024 10:51:42.000              23.010            0.0000        23.010                184.1244             0.0000            0.0000                 0.0000                     0.0000          184.1244                     0.881640                 1.500001                  -161.114               -136.136553                           0.000        0.000             0.000                 0.000                                                                                17.00000000       84.485076       32000.000000                       1.0000      9.4336       12.4439    1.558838e-09
2 May 2024 10:52:12.000              23.010            0.0000        23.010                184.1226             0.0000            0.0000                 0.0000                     0.0000          184.1226                     0.866448                 1.500001                  -161.112               -136.134773                           0.000        0.000             0.000                 0.000                                                                                17.00000000       84.486856       32000.000000                       1.0000      9.4354       12.4457    1.547357e-09
2 May 2024 10:52:42.000              23.010            0.0000        23.010                184.1208             0.0000            0.0000                 0.0000                     0.0000          184.1208                     0.851231                 1.500001                  -161.111               -136.133023                           0.000        0.000             0.000                 0.000                                                                                17.00000000       84.488606       32000.000000                       1.0000      9.4371       12.4474    1.536151e-09
2 May 2024 10:53:12.000              23.010            0.0000        23.010                184.1191             0.0000            0.0000                 0.0000                     0.0000          184.1191                     0.835991                 1.500001                  -161.109               -136.131304                           0.000        0.000             0.000                 0.000                                                                                17.00000000       84.490325       32000.000000                       1.0000      9.4388       12.4491    1.525217e-09
2 May 2024 10:53:42.000              23.010            0.0000        23.010                184.1174             0.0000            0.0000                 0.0000                     0.0000          184.1174                     0.820728                 1.500001                  -161.107               -136.129616                           0.000        0.000             0.000                 0.000                                                                                17.00000000       84.492013       32000.000000                       1.0000      9.4405       12.4508    1.514550e-09
2 May 2024 10:54:12.000              23.010            0.0000        23.010                184.1158             0.0000            0.0000                 0.0000                     0.0000          184.1158                     0.805442                 1.500001                  -161.105               -136.127958                           0.000        0.000             0.000                 0.000                                                                                17.00000000       84.493671       32000.000000                       1.0000      9.4422       12.4525    1.504146e-09
2 May 2024 10:54:42.000              23.010            0.0000        23.010                184.1141             0.0000            0.0000                 0.0000                     0.0000          184.1141                     0.790134                 1.500001                  -161.104               -136.126332                           0.000        0.000             0.000                 0.000                                                                                17.00000000       84.495298       32000.000000                       1.0000      9.4438       12.4541    1.494002e-09
2 May 2024 10:55:12.000              23.010            0.0000        23.010                184.1125             0.0000            0.0000                 0.0000                     0.0000          184.1125                     0.774805                 1.500001                  -161.102               -136.124736                           0.000        0.000             0.000                 0.000                                                                                17.00000000       84.496893       32000.000000                       1.0000      9.4454       12.4557    1.484113e-09
2 May 2024 10:55:42.000              23.010            0.0000        23.010                184.1110             0.0000            0.0000                 0.0000                     0.0000          184.1110                     0.759454                 1.500001                  -161.101               -136.123171                           0.000        0.000             0.000                 0.000                                                                                17.00000000       84.498458       32000.000000                       1.0000      9.4470       12.4573    1.474477e-09
2 May 2024 10:56:12.000              23.010            0.0000        23.010                184.1094             0.0000            0.0000                 0.0000                     0.0000          184.1094                     0.744083                 1.500001                  -161.099               -136.121638                           0.000        0.000             0.000                 0.000                                                                                17.00000000       84.499992       32000.000000                       1.0000      9.4485       12.4588    1.465089e-09
2 May 2024 10:56:42.000              23.010            0.0000        23.010                184.1079             0.0000            0.0000                 0.0000                     0.0000          184.1079                     0.728692                 1.500001                  -161.098               -136.120135                           0.000        0.000             0.000                 0.000                                                                                17.00000000       84.501494       32000.000000                       1.0000      9.4500       12.4603    1.455947e-09
2 May 2024 10:57:12.000              23.010            0.0000        23.010                184.1065             0.0000            0.0000                 0.0000                     0.0000          184.1065                     0.713281                 1.500001                  -161.096               -136.118664                           0.000        0.000             0.000                 0.000                                                                                17.00000000       84.502965       32000.000000                       1.0000      9.4515       12.4618    1.447047e-09
2 May 2024 10:57:42.000              23.010            0.0000        23.010                184.1050             0.0000            0.0000                 0.0000                     0.0000          184.1050                     0.697851                 1.500001                  -161.095               -136.117224                           0.000        0.000             0.000                 0.000                                                                                17.00000000       84.504405       32000.000000                       1.0000      9.4529       12.4632    1.438386e-09
2 May 2024 10:58:12.000              23.010            0.0000        23.010                184.1036             0.0000            0.0000                 0.0000                     0.0000          184.1036                     0.682403                 1.500001                  -161.093               -136.115815                           0.000        0.000             0.000                 0.000                                                                                17.00000000       84.505814       32000.000000                       1.0000      9.4543       12.4646    1.429960e-09
2 May 2024 10:58:42.000              23.010            0.0000        23.010                184.1022             0.0000            0.0000                 0.0000                     0.0000          184.1022                     0.666937                 1.500001                  -161.092               -136.114437                           0.000        0.000             0.000                 0.000                                                                                17.00000000       84.507192       32000.000000                       1.0000      9.4557       12.4660    1.421767e-09
2 May 2024 10:59:12.000              23.010            0.0000        23.010                184.1009             0.0000            0.0000                 0.0000                     0.0000          184.1009                     0.651453                 1.500001                  -161.091               -136.113091                           0.000        0.000             0.000                 0.000                                                                                17.00000000       84.508538       32000.000000                       1.0000      9.4570       12.4673    1.413803e-09
2 May 2024 10:59:42.000              23.010            0.0000        23.010                184.0996             0.0000            0.0000                 0.0000                     0.0000          184.0996                     0.635953                 1.500001                  -161.089               -136.111776                           0.000        0.000             0.000                 0.000                                                                                17.00000000       84.509853       32000.000000                       1.0000      9.4584       12.4687    1.406066e-09
2 May 2024 11:00:12.000              23.010            0.0000        23.010                184.0983             0.0000            0.0000                 0.0000                     0.0000          184.0983                     0.620436                 1.500001                  -161.088               -136.110493                           0.000        0.000             0.000                 0.000                                                                                17.00000000       84.511136       32000.000000                       1.0000      9.4596       12.4699    1.398553e-09
2 May 2024 11:00:42.000              23.010            0.0000        23.010                184.0971             0.0000            0.0000                 0.0000                     0.0000          184.0971                     0.604903                 1.500001                  -161.087               -136.109242                           0.000        0.000             0.000                 0.000                                                                                17.00000000       84.512387       32000.000000                       1.0000      9.4609       12.4712    1.391262e-09
2 May 2024 11:01:12.000              23.010            0.0000        23.010                184.0958             0.0000            0.0000                 0.0000                     0.0000          184.0958                     0.589355                 1.500001                  -161.086               -136.108022                           0.000        0.000             0.000                 0.000                                                                                17.00000000       84.513608       32000.000000                       1.0000      9.4621       12.4724    1.384189e-09
2 May 2024 11:01:42.000              23.010            0.0000        23.010                184.0946             0.0000            0.0000                 0.0000                     0.0000          184.0946                     0.573792                 1.500001                  -161.084               -136.106833                           0.000        0.000             0.000                 0.000                                                                                17.00000000       84.514796       32000.000000                       1.0000      9.4633       12.4736    1.377331e-09
2 May 2024 11:02:12.000              23.010            0.0000        23.010                184.0935             0.0000            0.0000                 0.0000                     0.0000          184.0935                     0.558215                 1.500001                  -161.083               -136.105676                           0.000        0.000             0.000                 0.000                                                                                17.00000000       84.515953       32000.000000                       1.0000      9.4645       12.4748    1.370688e-09
2 May 2024 11:02:42.000              23.010            0.0000        23.010                184.0924             0.0000            0.0000                 0.0000                     0.0000          184.0924                     0.542624                 1.500001                  -161.082               -136.104551                           0.000        0.000             0.000                 0.000                                                                                17.00000000       84.517078       32000.000000                       1.0000      9.4656       12.4759    1.364255e-09
2 May 2024 11:03:12.000              23.010            0.0000        23.010                184.0913             0.0000            0.0000                 0.0000                     0.0000          184.0913                     0.527020                 1.500001                  -161.081               -136.103458                           0.000        0.000             0.000                 0.000                                                                                17.00000000       84.518171       32000.000000                       1.0000      9.4667       12.4770    1.358032e-09
2 May 2024 11:03:42.000              23.010            0.0000        23.010                184.0902             0.0000            0.0000                 0.0000                     0.0000          184.0902                     0.511404                 1.500001                  -161.080               -136.102396                           0.000        0.000             0.000                 0.000                                                                                17.00000000       84.519233       32000.000000                       1.0000      9.4677       12.4780    1.352015e-09
2 May 2024 11:04:12.000              23.010            0.0000        23.010                184.0892             0.0000            0.0000                 0.0000                     0.0000          184.0892                     0.495775                 1.500000                  -161.079               -136.101366                           0.000        0.000             0.000                 0.000                                                                                17.00000000       84.520263       32000.000000                       1.0000      9.4688       12.4791    1.346202e-09
2 May 2024 11:04:42.000              23.010            0.0000        23.010                184.0882             0.0000            0.0000                 0.0000                     0.0000          184.0882                     0.480135                 1.500000                  -161.078               -136.100369                           0.000        0.000             0.000                 0.000                                                                                17.00000000       84.521261       32000.000000                       1.0000      9.4698       12.4801    1.340592e-09
2 May 2024 11:05:12.000              23.010            0.0000        23.010                184.0872             0.0000            0.0000                 0.0000                     0.0000          184.0872                     0.464484                 1.500000                  -161.077               -136.099402                           0.000        0.000             0.000                 0.000                                                                                17.00000000       84.522227       32000.000000                       1.0000      9.4707       12.4810    1.335183e-09
2 May 2024 11:05:42.000              23.010            0.0000        23.010                184.0863             0.0000            0.0000                 0.0000                     0.0000          184.0863                     0.448823                 1.500000                  -161.076               -136.098468                           0.000        0.000             0.000                 0.000                                                                                17.00000000       84.523161       32000.000000                       1.0000      9.4717       12.4820    1.329971e-09
2 May 2024 11:06:12.000              23.010            0.0000        23.010                184.0854             0.0000            0.0000                 0.0000                     0.0000          184.0854                     0.433151                 1.500000                  -161.075               -136.097566                           0.000        0.000             0.000                 0.000                                                                                17.00000000       84.524063       32000.000000                       1.0000      9.4726       12.4829    1.324956e-09
2 May 2024 11:06:42.000              23.010            0.0000        23.010                184.0845             0.0000            0.0000                 0.0000                     0.0000          184.0845                     0.417470                 1.500000                  -161.074               -136.096696                           0.000        0.000             0.000                 0.000                                                                                17.00000000       84.524933       32000.000000                       1.0000      9.4734       12.4837    1.320136e-09
2 May 2024 11:07:12.000              23.010            0.0000        23.010                184.0837             0.0000            0.0000                 0.0000                     0.0000          184.0837                     0.401781                 1.500000                  -161.073               -136.095858                           0.000        0.000             0.000                 0.000                                                                                17.00000000       84.525771       32000.000000                       1.0000      9.4743       12.4846    1.315509e-09
2 May 2024 11:07:42.000              23.010            0.0000        23.010                184.0829             0.0000            0.0000                 0.0000                     0.0000          184.0829                     0.386083                 1.500000                  -161.073               -136.095052                           0.000        0.000             0.000                 0.000                                                                                17.00000000       84.526577       32000.000000                       1.0000      9.4751       12.4854    1.311073e-09
2 May 2024 11:08:12.000              23.010            0.0000        23.010                184.0821             0.0000            0.0000                 0.0000                     0.0000          184.0821                     0.370378                 1.500000                  -161.072               -136.094278                           0.000        0.000             0.000                 0.000                                                                                17.00000000       84.527351       32000.000000                       1.0000      9.4759       12.4862    1.306827e-09
2 May 2024 11:08:42.000              23.010            0.0000        23.010                184.0813             0.0000            0.0000                 0.0000                     0.0000          184.0813                     0.354665                 1.500000                  -161.071               -136.093536                           0.000        0.000             0.000                 0.000                                                                                17.00000000       84.528093       32000.000000                       1.0000      9.4766       12.4869    1.302769e-09
2 May 2024 11:09:12.000              23.010            0.0000        23.010                184.0806             0.0000            0.0000                 0.0000                     0.0000          184.0806                     0.338946                 1.500000                  -161.070               -136.092826                           0.000        0.000             0.000                 0.000                                                                                17.00000000       84.528803       32000.000000                       1.0000      9.4773       12.4876    1.298898e-09
2 May 2024 11:09:42.000              23.010            0.0000        23.010                184.0800             0.0000            0.0000                 0.0000                     0.0000          184.0800                     0.323221                 1.500000                  -161.070               -136.092148                           0.000        0.000             0.000                 0.000                                                                                17.00000000       84.529481       32000.000000                       1.0000      9.4780       12.4883    1.295213e-09
2 May 2024 11:10:12.000              23.010            0.0000        23.010                184.0793             0.0000            0.0000                 0.0000                     0.0000          184.0793                     0.307490                 1.500000                  -161.069               -136.091502                           0.000        0.000             0.000                 0.000                                                                                17.00000000       84.530127       32000.000000                       1.0000      9.4786       12.4889    1.291711e-09
2 May 2024 11:10:42.000              23.010            0.0000        23.010                184.0787             0.0000            0.0000                 0.0000                     0.0000          184.0787                     0.291755                 1.500000                  -161.068               -136.090889                           0.000        0.000             0.000                 0.000                                                                                17.00000000       84.530740       32000.000000                       1.0000      9.4792       12.4895    1.288392e-09
2 May 2024 11:11:12.000              23.010            0.0000        23.010                184.0781             0.0000            0.0000                 0.0000                     0.0000          184.0781                     0.276015                 1.500000                  -161.068               -136.090308                           0.000        0.000             0.000                 0.000                                                                                17.00000000       84.531321       32000.000000                       1.0000      9.4798       12.4901    1.285255e-09
2 May 2024 11:11:42.000              23.010            0.0000        23.010                184.0776             0.0000            0.0000                 0.0000                     0.0000          184.0776                     0.260271                 1.500000                  -161.067               -136.089759                           0.000        0.000             0.000                 0.000                                                                                17.00000000       84.531870       32000.000000                       1.0000      9.4804       12.4907    1.282298e-09
2 May 2024 11:12:12.000              23.010            0.0000        23.010                184.0771             0.0000            0.0000                 0.0000                     0.0000          184.0771                     0.244524                 1.500000                  -161.067               -136.089242                           0.000        0.000             0.000                 0.000                                                                                17.00000000       84.532387       32000.000000                       1.0000      9.4809       12.4912    1.279520e-09
2 May 2024 11:12:42.000              23.010            0.0000        23.010                184.0766             0.0000            0.0000                 0.0000                     0.0000          184.0766                     0.228775                 1.500000                  -161.066               -136.088757                           0.000        0.000             0.000                 0.000                                                                                17.00000000       84.532872       32000.000000                       1.0000      9.4814       12.4917    1.276921e-09
2 May 2024 11:13:12.000              23.010            0.0000        23.010                184.0761             0.0000            0.0000                 0.0000                     0.0000          184.0761                     0.213023                 1.500000                  -161.066               -136.088305                           0.000        0.000             0.000                 0.000                                                                                17.00000000       84.533324       32000.000000                       1.0000      9.4818       12.4921    1.274499e-09
2 May 2024 11:13:42.000              23.010            0.0000        23.010                184.0757             0.0000            0.0000                 0.0000                     0.0000          184.0757                     0.197270                 1.500000                  -161.065               -136.087885                           0.000        0.000             0.000                 0.000                                                                                17.00000000       84.533744       32000.000000                       1.0000      9.4822       12.4925    1.272254e-09
2 May 2024 11:14:12.000              23.010            0.0000        23.010                184.0753             0.0000            0.0000                 0.0000                     0.0000          184.0753                     0.181515                 1.500000                  -161.065               -136.087497                           0.000        0.000             0.000                 0.000                                                                                17.00000000       84.534132       32000.000000                       1.0000      9.4826       12.4929    1.270184e-09
2 May 2024 11:14:42.000              23.010            0.0000        23.010                184.0750             0.0000            0.0000                 0.0000                     0.0000          184.0750                     0.165761                 1.500000                  -161.065               -136.087141                           0.000        0.000             0.000                 0.000                                                                                17.00000000       84.534488       32000.000000                       1.0000      9.4830       12.4933    1.268289e-09
2 May 2024 11:15:12.000              23.010            0.0000        23.010                184.0746             0.0000            0.0000                 0.0000                     0.0000          184.0746                     0.150006                 1.500000                  -161.064               -136.086818                           0.000        0.000             0.000                 0.000                                                                                17.00000000       84.534811       32000.000000                       1.0000      9.4833       12.4936    1.266568e-09
2 May 2024 11:15:42.000              23.010            0.0000        23.010                184.0743             0.0000            0.0000                 0.0000                     0.0000          184.0743                     0.134252                 1.500000                  -161.064               -136.086527                           0.000        0.000             0.000                 0.000                                                                                17.00000000       84.535103       32000.000000                       1.0000      9.4836       12.4939    1.265021e-09
2 May 2024 11:16:12.000              23.010            0.0000        23.010                184.0741             0.0000            0.0000                 0.0000                     0.0000          184.0741                     0.118500                 1.500000                  -161.064               -136.086268                           0.000        0.000             0.000                 0.000                                                                                17.00000000       84.535361       32000.000000                       1.0000      9.4839       12.4942    1.263647e-09
2 May 2024 11:16:42.000              23.010            0.0000        23.010                184.0739             0.0000            0.0000                 0.0000                     0.0000          184.0739                     0.102749                 1.500000                  -161.064               -136.086041                           0.000        0.000             0.000                 0.000                                                                                17.00000000       84.535588       32000.000000                       1.0000      9.4841       12.4944    1.262445e-09
2 May 2024 11:17:12.000              23.010            0.0000        23.010                184.0737             0.0000            0.0000                 0.0000                     0.0000          184.0737                     0.087001                 1.500000                  -161.063               -136.085847                           0.000        0.000             0.000                 0.000                                                                                17.00000000       84.535782       32000.000000                       1.0000      9.4843       12.4946    1.261416e-09
2 May 2024 11:17:42.000              23.010            0.0000        23.010                184.0735             0.0000            0.0000                 0.0000                     0.0000          184.0735                     0.071255                 1.500000                  -161.063               -136.085685                           0.000        0.000             0.000                 0.000                                                                                17.00000000       84.535945       32000.000000                       1.0000      9.4844       12.4947    1.260557e-09
2 May 2024 11:18:12.000              23.010            0.0000        23.010                184.0734             0.0000            0.0000                 0.0000                     0.0000          184.0734                     0.055514                 1.500000                  -161.063               -136.085555                           0.000        0.000             0.000                 0.000                                                                                17.00000000       84.536074       32000.000000                       1.0000      9.4846       12.4949    1.259870e-09
2 May 2024 11:18:42.000              23.010            0.0000        23.010                184.0733             0.0000            0.0000                 0.0000                     0.0000          184.0733                     0.039776                 1.500000                  -161.063               -136.085457                           0.000        0.000             0.000                 0.000                                                                                17.00000000       84.536172       32000.000000                       1.0000      9.4847       12.4950    1.259354e-09
2 May 2024 11:19:12.000              23.010            0.0000        23.010                184.0732             0.0000            0.0000                 0.0000                     0.0000          184.0732                     0.024043                 1.500000                  -161.063               -136.085392                           0.000        0.000             0.000                 0.000                                                                                17.00000000       84.536237       32000.000000                       1.0000      9.4847       12.4950    1.259008e-09
2 May 2024 11:19:42.000              23.010            0.0000        23.010                184.0732             0.0000            0.0000                 0.0000                     0.0000          184.0732                     0.008315                 1.500000                  -161.063               -136.085359                           0.000        0.000             0.000                 0.000                                                                                17.00000000       84.536271       32000.000000                       1.0000      9.4848       12.4951    1.258833e-09
2 May 2024 11:20:12.000              23.010            0.0000        23.010                184.0732             0.0000            0.0000                 0.0000                     0.0000          184.0732                    -0.007408                 1.500000                  -161.063               -136.085358                           0.000        0.000             0.000                 0.000                                                                                17.00000000       84.536271       32000.000000                       1.0000      9.4848       12.4951    1.258828e-09
2 May 2024 11:20:42.000              23.010            0.0000        23.010                184.0732             0.0000            0.0000                 0.0000                     0.0000          184.0732                    -0.023123                 1.500000                  -161.063               -136.085389                           0.000        0.000             0.000                 0.000                                                                                17.00000000       84.536240       32000.000000                       1.0000      9.4847       12.4950    1.258993e-09
2 May 2024 11:21:12.000              23.010            0.0000        23.010                184.0733             0.0000            0.0000                 0.0000                     0.0000          184.0733                    -0.038832                 1.500000                  -161.063               -136.085452                           0.000        0.000             0.000                 0.000                                                                                17.00000000       84.536177       32000.000000                       1.0000      9.4847       12.4950    1.259329e-09
2 May 2024 11:21:42.000              23.010            0.0000        23.010                184.0734             0.0000            0.0000                 0.0000                     0.0000          184.0734                    -0.054534                 1.500000                  -161.063               -136.085548                           0.000        0.000             0.000                 0.000                                                                                17.00000000       84.536081       32000.000000                       1.0000      9.4846       12.4949    1.259835e-09
2 May 2024 11:22:12.000              23.010            0.0000        23.010                184.0735             0.0000            0.0000                 0.0000                     0.0000          184.0735                    -0.070227                 1.500000                  -161.063               -136.085676                           0.000        0.000             0.000                 0.000                                                                                17.00000000       84.535953       32000.000000                       1.0000      9.4845       12.4948    1.260511e-09
2 May 2024 11:22:42.000              23.010            0.0000        23.010                184.0736             0.0000            0.0000                 0.0000                     0.0000          184.0736                    -0.085912                 1.500000                  -161.063               -136.085836                           0.000        0.000             0.000                 0.000                                                                                17.00000000       84.535793       32000.000000                       1.0000      9.4843       12.4946    1.261358e-09
2 May 2024 11:23:12.000              23.010            0.0000        23.010                184.0738             0.0000            0.0000                 0.0000                     0.0000          184.0738                    -0.101588                 1.500000                  -161.064               -136.086028                           0.000        0.000             0.000                 0.000                                                                                17.00000000       84.535601       32000.000000                       1.0000      9.4841       12.4944    1.262375e-09
2 May 2024 11:23:42.000              23.010            0.0000        23.010                184.0741             0.0000            0.0000                 0.0000                     0.0000          184.0741                    -0.117254                 1.500000                  -161.064               -136.086252                           0.000        0.000             0.000                 0.000                                                                                17.00000000       84.535377       32000.000000                       1.0000      9.4839       12.4942    1.263564e-09
2 May 2024 11:24:12.000              23.010            0.0000        23.010                184.0743             0.0000            0.0000                 0.0000                     0.0000          184.0743                    -0.132909                 1.500000                  -161.064               -136.086508                           0.000        0.000             0.000                 0.000                                                                                17.00000000       84.535121       32000.000000                       1.0000      9.4836       12.4939    1.264924e-09
2 May 2024 11:24:42.000              23.010            0.0000        23.010                184.0746             0.0000            0.0000                 0.0000                     0.0000          184.0746                    -0.148554                 1.500000                  -161.064               -136.086797                           0.000        0.000             0.000                 0.000                                                                                17.00000000       84.534833       32000.000000                       1.0000      9.4833       12.4936    1.266456e-09
2 May 2024 11:25:12.000              23.010            0.0000        23.010                184.0749             0.0000            0.0000                 0.0000                     0.0000          184.0749                    -0.164188                 1.500000                  -161.065               -136.087117                           0.000        0.000             0.000                 0.000                                                                                17.00000000       84.534512       32000.000000                       1.0000      9.4830       12.4933    1.268160e-09
2 May 2024 11:25:42.000              23.010            0.0000        23.010                184.0753             0.0000            0.0000                 0.0000                     0.0000          184.0753                    -0.179809                 1.500000                  -161.065               -136.087469                           0.000        0.000             0.000                 0.000                                                                                17.00000000       84.534160       32000.000000                       1.0000      9.4827       12.4930    1.270037e-09
2 May 2024 11:26:12.000              23.010            0.0000        23.010                184.0757             0.0000            0.0000                 0.0000                     0.0000          184.0757                    -0.195418                 1.500000                  -161.065               -136.087853                           0.000        0.000             0.000                 0.000                                                                                17.00000000       84.533776       32000.000000                       1.0000      9.4823       12.4926    1.272087e-09
2 May 2024 11:26:42.000              23.010            0.0000        23.010                184.0761             0.0000            0.0000                 0.0000                     0.0000          184.0761                    -0.211014                 1.500000                  -161.066               -136.088270                           0.000        0.000             0.000                 0.000                                                                                17.00000000       84.533359       32000.000000                       1.0000      9.4819       12.4922    1.274311e-09
2 May 2024 11:27:12.000              23.010            0.0000        23.010                184.0765             0.0000            0.0000                 0.0000                     0.0000          184.0765                    -0.226596                 1.500000                  -161.066               -136.088718                           0.000        0.000             0.000                 0.000                                                                                17.00000000       84.532911       32000.000000                       1.0000      9.4814       12.4917    1.276709e-09
2 May 2024 11:27:42.000              23.010            0.0000        23.010                184.0770             0.0000            0.0000                 0.0000                     0.0000          184.0770                    -0.242164                 1.500000                  -161.067               -136.089198                           0.000        0.000             0.000                 0.000                                                                                17.00000000       84.532431       32000.000000                       1.0000      9.4809       12.4912    1.279283e-09
2 May 2024 11:28:12.000              23.010            0.0000        23.010                184.0775             0.0000            0.0000                 0.0000                     0.0000          184.0775                    -0.257717                 1.500000                  -161.067               -136.089710                           0.000        0.000             0.000                 0.000                                                                                17.00000000       84.531920       32000.000000                       1.0000      9.4804       12.4907    1.282033e-09
2 May 2024 11:28:42.000              23.010            0.0000        23.010                184.0781             0.0000            0.0000                 0.0000                     0.0000          184.0781                    -0.273255                 1.500000                  -161.068               -136.090253                           0.000        0.000             0.000                 0.000                                                                                17.00000000       84.531376       32000.000000                       1.0000      9.4799       12.4902    1.284960e-09
2 May 2024 11:29:12.000              23.010            0.0000        23.010                184.0786             0.0000            0.0000                 0.0000                     0.0000          184.0786                    -0.288777                 1.500000                  -161.068               -136.090829                           0.000        0.000             0.000                 0.000                                                                                17.00000000       84.530801       32000.000000                       1.0000      9.4793       12.4896    1.288065e-09
2 May 2024 11:29:42.000              23.010            0.0000        23.010                184.0792             0.0000            0.0000                 0.0000                     0.0000          184.0792                    -0.304282                 1.500000                  -161.069               -136.091436                           0.000        0.000             0.000                 0.000                                                                                17.00000000       84.530193       32000.000000                       1.0000      9.4787       12.4890    1.291349e-09
2 May 2024 11:30:12.000              23.010            0.0000        23.010                184.0799             0.0000            0.0000                 0.0000                     0.0000          184.0799                    -0.319771                 1.500000                  -161.070               -136.092074                           0.000        0.000             0.000                 0.000                                                                                17.00000000       84.529555       32000.000000                       1.0000      9.4781       12.4884    1.294813e-09
2 May 2024 11:30:42.000              23.010            0.0000        23.010                184.0806             0.0000            0.0000                 0.0000                     0.0000          184.0806                    -0.335242                 1.500000                  -161.070               -136.092745                           0.000        0.000             0.000                 0.000                                                                                17.00000000       84.528884       32000.000000                       1.0000      9.4774       12.4877    1.298458e-09
2 May 2024 11:31:12.000              23.010            0.0000        23.010                184.0813             0.0000            0.0000                 0.0000                     0.0000          184.0813                    -0.350695                 1.500000                  -161.071               -136.093447                           0.000        0.000             0.000                 0.000                                                                                17.00000000       84.528182       32000.000000                       1.0000      9.4767       12.4870    1.302285e-09
2 May 2024 11:31:42.000              23.010            0.0000        23.010                184.0820             0.0000            0.0000                 0.0000                     0.0000          184.0820                    -0.366129                 1.500000                  -161.072               -136.094181                           0.000        0.000             0.000                 0.000                                                                                17.00000000       84.527449       32000.000000                       1.0000      9.4759       12.4862    1.306295e-09
2 May 2024 11:32:12.000              23.010            0.0000        23.010                184.0828             0.0000            0.0000                 0.0000                     0.0000          184.0828                    -0.381544                 1.500000                  -161.072               -136.094946                           0.000        0.000             0.000                 0.000                                                                                17.00000000       84.526683       32000.000000                       1.0000      9.4752       12.4855    1.310490e-09
2 May 2024 11:32:42.000              23.010            0.0000        23.010                184.0836             0.0000            0.0000                 0.0000                     0.0000          184.0836                    -0.396939                 1.500000                  -161.073               -136.095742                           0.000        0.000             0.000                 0.000                                                                                17.00000000       84.525887       32000.000000                       1.0000      9.4744       12.4847    1.314871e-09
2 May 2024 11:33:12.000              23.010            0.0000        23.010                184.0844             0.0000            0.0000                 0.0000                     0.0000          184.0844                    -0.412314                 1.500000                  -161.074               -136.096570                           0.000        0.000             0.000                 0.000                                                                                17.00000000       84.525059       32000.000000                       1.0000      9.4736       12.4839    1.319440e-09
2 May 2024 11:33:42.000              23.010            0.0000        23.010                184.0852             0.0000            0.0000                 0.0000                     0.0000          184.0852                    -0.427668                 1.500000                  -161.075               -136.097429                           0.000        0.000             0.000                 0.000                                                                                17.00000000       84.524200       32000.000000                       1.0000      9.4727       12.4830    1.324197e-09
2 May 2024 11:34:12.000              23.010            0.0000        23.010                184.0861             0.0000            0.0000                 0.0000                     0.0000          184.0861                    -0.443001                 1.500000                  -161.076               -136.098320                           0.000        0.000             0.000                 0.000                                                                                17.00000000       84.523309       32000.000000                       1.0000      9.4718       12.4821    1.329145e-09
2 May 2024 11:34:42.000              23.010            0.0000        23.010                184.0871             0.0000            0.0000                 0.0000                     0.0000          184.0871                    -0.458311                 1.500000                  -161.077               -136.099242                           0.000        0.000             0.000                 0.000                                                                                17.00000000       84.522387       32000.000000                       1.0000      9.4709       12.4812    1.334285e-09
2 May 2024 11:35:12.000              23.010            0.0000        23.010                184.0880             0.0000            0.0000                 0.0000                     0.0000          184.0880                    -0.473600                 1.500000                  -161.078               -136.100195                           0.000        0.000             0.000                 0.000                                                                                17.00000000       84.521434       32000.000000                       1.0000      9.4699       12.4802    1.339619e-09
2 May 2024 11:35:42.000              23.010            0.0000        23.010                184.0890             0.0000            0.0000                 0.0000                     0.0000          184.0890                    -0.488865                 1.500000                  -161.079               -136.101179                           0.000        0.000             0.000                 0.000                                                                                17.00000000       84.520450       32000.000000                       1.0000      9.4690       12.4793    1.345148e-09
2 May 2024 11:36:12.000              23.010            0.0000        23.010                184.0900             0.0000            0.0000                 0.0000                     0.0000          184.0900                    -0.504106                 1.499999                  -161.080               -136.102194                           0.000        0.000             0.000                 0.000                                                                                17.00000000       84.519435       32000.000000                       1.0000      9.4679       12.4782    1.350874e-09
2 May 2024 11:36:42.000              23.010            0.0000        23.010                184.0911             0.0000            0.0000                 0.0000                     0.0000          184.0911                    -0.519324                 1.499999                  -161.081               -136.103241                           0.000        0.000             0.000                 0.000                                                                                17.00000000       84.518388       32000.000000                       1.0000      9.4669       12.4772    1.356799e-09
2 May 2024 11:37:12.000              23.010            0.0000        23.010                184.0921             0.0000            0.0000                 0.0000                     0.0000          184.0921                    -0.534516                 1.499999                  -161.082               -136.104318                           0.000        0.000             0.000                 0.000                                                                                17.00000000       84.517311       32000.000000                       1.0000      9.4658       12.4761    1.362925e-09
2 May 2024 11:37:42.000              23.010            0.0000        23.010                184.0932             0.0000            0.0000                 0.0000                     0.0000          184.0932                    -0.549684                 1.499999                  -161.083               -136.105426                           0.000        0.000             0.000                 0.000                                                                                17.00000000       84.516203       32000.000000                       1.0000      9.4647       12.4750    1.369255e-09
2 May 2024 11:38:12.000              23.010            0.0000        23.010                184.0944             0.0000            0.0000                 0.0000                     0.0000          184.0944                    -0.564826                 1.499999                  -161.084               -136.106565                           0.000        0.000             0.000                 0.000                                                                                17.00000000       84.515064       32000.000000                       1.0000      9.4636       12.4739    1.375789e-09
2 May 2024 11:38:42.000              23.010            0.0000        23.010                184.0955             0.0000            0.0000                 0.0000                     0.0000          184.0955                    -0.579941                 1.499999                  -161.085               -136.107735                           0.000        0.000             0.000                 0.000                                                                                17.00000000       84.513894       32000.000000                       1.0000      9.4624       12.4727    1.382531e-09
2 May 2024 11:39:12.000              23.010            0.0000        23.010                184.0967             0.0000            0.0000                 0.0000                     0.0000          184.0967                    -0.595030                 1.499999                  -161.086               -136.108935                           0.000        0.000             0.000                 0.000                                                                                17.00000000       84.512694       32000.000000                       1.0000      9.4612       12.4715    1.389482e-09
2 May 2024 11:39:42.000              23.010            0.0000        23.010                184.0980             0.0000            0.0000                 0.0000                     0.0000          184.0980                    -0.610091                 1.499999                  -161.088               -136.110166                           0.000        0.000             0.000                 0.000                                                                                17.00000000       84.511463       32000.000000                       1.0000      9.4600       12.4703    1.396645e-09
2 May 2024 11:40:12.000              23.010            0.0000        23.010                184.0992             0.0000            0.0000                 0.0000                     0.0000          184.0992                    -0.625125                 1.499999                  -161.089               -136.111428                           0.000        0.000             0.000                 0.000                                                                                17.00000000       84.510201       32000.000000                       1.0000      9.4587       12.4690    1.404021e-09
2 May 2024 11:40:42.000              23.010            0.0000        23.010                184.1005             0.0000            0.0000                 0.0000                     0.0000          184.1005                    -0.640130                 1.499999                  -161.090               -136.112720                           0.000        0.000             0.000                 0.000                                                                                17.00000000       84.508909       32000.000000                       1.0000      9.4574       12.4677    1.411615e-09
2 May 2024 11:41:12.000              23.010            0.0000        23.010                184.1019             0.0000            0.0000                 0.0000                     0.0000          184.1019                    -0.655106                 1.499999                  -161.092               -136.114043                           0.000        0.000             0.000                 0.000                                                                                17.00000000       84.507587       32000.000000                       1.0000      9.4561       12.4664    1.419427e-09
2 May 2024 11:41:42.000              23.010            0.0000        23.010                184.1032             0.0000            0.0000                 0.0000                     0.0000          184.1032                    -0.670052                 1.499999                  -161.093               -136.115395                           0.000        0.000             0.000                 0.000                                                                                17.00000000       84.506234       32000.000000                       1.0000      9.4547       12.4650    1.427461e-09
2 May 2024 11:42:12.000              23.010            0.0000        23.010                184.1046             0.0000            0.0000                 0.0000                     0.0000          184.1046                    -0.684969                 1.499999                  -161.094               -136.116779                           0.000        0.000             0.000                 0.000                                                                                17.00000000       84.504851       32000.000000                       1.0000      9.4534       12.4637    1.435719e-09
2 May 2024 11:42:42.000              23.010            0.0000        23.010                184.1060             0.0000            0.0000                 0.0000                     0.0000          184.1060                    -0.699855                 1.499999                  -161.096               -136.118192                           0.000        0.000             0.000                 0.000                                                                                17.00000000       84.503437       32000.000000                       1.0000      9.4519       12.4622    1.444204e-09
2 May 2024 11:43:12.000              23.010            0.0000        23.010                184.1074             0.0000            0.0000                 0.0000                     0.0000          184.1074                    -0.714710                 1.499999                  -161.097               -136.119635                           0.000        0.000             0.000                 0.000                                                                                17.00000000       84.501994       32000.000000                       1.0000      9.4505       12.4608    1.452919e-09
2 May 2024 11:43:42.000              23.010            0.0000        23.010                184.1089             0.0000            0.0000                 0.0000                     0.0000          184.1089                    -0.729534                 1.499999                  -161.099               -136.121109                           0.000        0.000             0.000                 0.000                                                                                17.00000000       84.500520       32000.000000                       1.0000      9.4490       12.4593    1.461866e-09
2 May 2024 11:44:12.000              23.010            0.0000        23.010                184.1104             0.0000            0.0000                 0.0000                     0.0000          184.1104                    -0.744325                 1.499999                  -161.100               -136.122612                           0.000        0.000             0.000                 0.000                                                                                17.00000000       84.499017       32000.000000                       1.0000      9.4475       12.4578    1.471049e-09
2 May 2024 11:44:42.000              23.010            0.0000        23.010                184.1120             0.0000            0.0000                 0.0000                     0.0000          184.1120                    -0.759084                 1.499999                  -161.102               -136.124146                           0.000        0.000             0.000                 0.000                                                                                17.00000000       84.497483       32000.000000                       1.0000      9.4460       12.4563    1.480471e-09
2 May 2024 11:45:12.000              23.010            0.0000        23.010                184.1135             0.0000            0.0000                 0.0000                     0.0000          184.1135                    -0.773810                 1.499999                  -161.103               -136.125709                           0.000        0.000             0.000                 0.000                                                                                17.00000000       84.495920       32000.000000                       1.0000      9.4444       12.4547    1.490134e-09
2 May 2024 11:45:42.000              23.010            0.0000        23.010                184.1151             0.0000            0.0000                 0.0000                     0.0000          184.1151                    -0.788502                 1.499999                  -161.105               -136.127302                           0.000        0.000             0.000                 0.000                                                                                17.00000000       84.494328       32000.000000                       1.0000      9.4428       12.4531    1.500043e-09
2 May 2024 11:46:12.000              23.010            0.0000        23.010                184.1167             0.0000            0.0000                 0.0000                     0.0000          184.1167                    -0.803160                 1.499999                  -161.106               -136.128924                           0.000        0.000             0.000                 0.000                                                                                17.00000000       84.492705       32000.000000                       1.0000      9.4412       12.4515    1.510200e-09
2 May 2024 11:46:42.000              23.010            0.0000        23.010                184.1184             0.0000            0.0000                 0.0000                     0.0000          184.1184                    -0.817784                 1.499999                  -161.108               -136.130576                           0.000        0.000             0.000                 0.000                                                                                17.00000000       84.491053       32000.000000                       1.0000      9.4396       12.4499    1.520608e-09
2 May 2024 11:47:12.000              23.010            0.0000        23.010                184.1201             0.0000            0.0000                 0.0000                     0.0000          184.1201                    -0.832372                 1.499999                  -161.110               -136.132257                           0.000        0.000             0.000                 0.000                                                                                17.00000000       84.489372       32000.000000                       1.0000      9.4379       12.4482    1.531272e-09
2 May 2024 11:47:42.000              23.010            0.0000        23.010                184.1218             0.0000            0.0000                 0.0000                     0.0000          184.1218                    -0.846925                 1.499999                  -161.111               -136.133968                           0.000        0.000             0.000                 0.000                                                                                17.00000000       84.487661       32000.000000                       1.0000      9.4362       12.4465    1.542195e-09
2 May 2024 11:48:12.000              23.010            0.0000        23.010                184.1235             0.0000            0.0000                 0.0000                     0.0000          184.1235                    -0.861442                 1.499999                  -161.113               -136.135708                           0.000        0.000             0.000                 0.000                                                                                17.00000000       84.485921       32000.000000                       1.0000      9.4344       12.4447    1.553380e-09
2 May 2024 11:48:42.000              23.010            0.0000        23.010                184.1253             0.0000            0.0000                 0.0000                     0.0000          184.1253                    -0.875922                 1.499999                  -161.115               -136.137478                           0.000        0.000             0.000                 0.000                                                                                17.00000000       84.484152       32000.000000                       1.0000      9.4327       12.4430    1.564831e-09
2 May 2024 11:49:12.000              23.010            0.0000        23.010                184.1271             0.0000            0.0000                 0.0000                     0.0000          184.1271                    -0.890365                 1.499999                  -161.117               -136.139276                           0.000        0.000             0.000                 0.000                                                                                17.00000000       84.482353       32000.000000                       1.0000      9.4309       12.4412    1.576553e-09
2 May 2024 11:49:42.000              23.010            0.0000        23.010                184.1289             0.0000            0.0000                 0.0000                     0.0000          184.1289                    -0.904770                 1.499999                  -161.119               -136.141103                           0.000        0.000             0.000                 0.000                                                                                17.00000000       84.480526       32000.000000                       1.0000      9.4290       12.4393    1.588548e-09
2 May 2024 11:50:12.000              23.010            0.0000        23.010                184.1308             0.0000            0.0000                 0.0000                     0.0000          184.1308                    -0.919137                 1.499999                  -161.120               -136.142959                           0.000        0.000             0.000                 0.000                                                                                17.00000000       84.478670       32000.000000                       1.0000      9.4272       12.4375    1.600821e-09
2 May 2024 11:50:42.000              23.010            0.0000        23.010                184.1327             0.0000            0.0000                 0.0000                     0.0000          184.1327                    -0.933466                 1.499999                  -161.122               -136.144844                           0.000        0.000             0.000                 0.000                                                                                17.00000000       84.476785       32000.000000                       1.0000      9.4253       12.4356    1.613377e-09
2 May 2024 11:51:12.000              23.010            0.0000        23.010                184.1346             0.0000            0.0000                 0.0000                     0.0000          184.1346                    -0.947755                 1.499999                  -161.124               -136.146758                           0.000        0.000             0.000                 0.000                                                                                17.00000000       84.474871       32000.000000                       1.0000      9.4234       12.4337    1.626219e-09
2 May 2024 11:51:42.000              23.010            0.0000        23.010                184.1365             0.0000            0.0000                 0.0000                     0.0000          184.1365                    -0.962005                 1.499999                  -161.126               -136.148700                           0.000        0.000             0.000                 0.000                                                                                17.00000000       84.472929       32000.000000                       1.0000      9.4214       12.4317    1.639351e-09
2 May 2024 11:52:12.000              23.010            0.0000        23.010                184.1385             0.0000            0.0000                 0.0000                     0.0000          184.1385                    -0.976215                 1.499999                  -161.128               -136.150671                           0.000        0.000             0.000                 0.000                                                                                17.00000000       84.470958       32000.000000                       1.0000      9.4195       12.4298    1.652779e-09
2 May 2024 11:52:42.000              23.010            0.0000        23.010                184.1405             0.0000            0.0000                 0.0000                     0.0000          184.1405                    -0.990385                 1.499999                  -161.130               -136.152671                           0.000        0.000             0.000                 0.000                                                                                17.00000000       84.468959       32000.000000                       1.0000      9.4175       12.4278    1.666507e-09
2 May 2024 11:53:12.000              23.010            0.0000        23.010                184.1425             0.0000            0.0000                 0.0000                     0.0000          184.1425                    -1.004513                 1.499999                  -161.132               -136.154698                           0.000        0.000             0.000                 0.000                                                                                17.00000000       84.466931       32000.000000                       1.0000      9.4154       12.4257    1.680539e-09
2 May 2024 11:53:42.000              23.010            0.0000        23.010                184.1446             0.0000            0.0000                 0.0000                     0.0000          184.1446                    -1.018600                 1.499999                  -161.134               -136.156754                           0.000        0.000             0.000                 0.000                                                                                17.00000000       84.464875       32000.000000                       1.0000      9.4134       12.4237    1.694880e-09
2 May 2024 11:54:12.000              23.010            0.0000        23.010                184.1466             0.0000            0.0000                 0.0000                     0.0000          184.1466                    -1.032645                 1.499999                  -161.136               -136.158838                           0.000        0.000             0.000                 0.000                                                                                17.00000000       84.462792       32000.000000                       1.0000      9.4113       12.4216    1.709535e-09
2 May 2024 11:54:42.000              23.010            0.0000        23.010                184.1488             0.0000            0.0000                 0.0000                     0.0000          184.1488                    -1.046648                 1.499999                  -161.138               -136.160949                           0.000        0.000             0.000                 0.000                                                                                17.00000000       84.460680       32000.000000                       1.0000      9.4092       12.4195    1.724509e-09
2 May 2024 11:55:12.000              23.010            0.0000        23.010                184.1509             0.0000            0.0000                 0.0000                     0.0000          184.1509                    -1.060607                 1.499999                  -161.141               -136.163089                           0.000        0.000             0.000                 0.000                                                                                17.00000000       84.458540       32000.000000                       1.0000      9.4070       12.4173    1.739807e-09
2 May 2024 11:55:42.000              23.010            0.0000        23.010                184.1531             0.0000            0.0000                 0.0000                     0.0000          184.1531                    -1.074524                 1.499999                  -161.143               -136.165256                           0.000        0.000             0.000                 0.000                                                                                17.00000000       84.456373       32000.000000                       1.0000      9.4049       12.4152    1.755435e-09
2 May 2024 11:56:12.000              23.010            0.0000        23.010                184.1553             0.0000            0.0000                 0.0000                     0.0000          184.1553                    -1.088396                 1.499999                  -161.145               -136.167451                           0.000        0.000             0.000                 0.000                                                                                17.00000000       84.454178       32000.000000                       1.0000      9.4027       12.4130    1.771397e-09
2 May 2024 11:56:42.000              23.010            0.0000        23.010                184.1575             0.0000            0.0000                 0.0000                     0.0000          184.1575                    -1.102225                 1.499999                  -161.147               -136.169674                           0.000        0.000             0.000                 0.000                                                                                17.00000000       84.451955       32000.000000                       1.0000      9.4005       12.4108    1.787699e-09
2 May 2024 11:57:12.000              23.010            0.0000        23.010                184.1597             0.0000            0.0000                 0.0000                     0.0000          184.1597                    -1.116008                 1.499999                  -161.149               -136.171924                           0.000        0.000             0.000                 0.000                                                                                17.00000000       84.449705       32000.000000                       1.0000      9.3982       12.4085    1.804347e-09
2 May 2024 11:57:42.000              23.010            0.0000        23.010                184.1620             0.0000            0.0000                 0.0000                     0.0000          184.1620                    -1.129747                 1.499999                  -161.152               -136.174202                           0.000        0.000             0.000                 0.000                                                                                17.00000000       84.447428       32000.000000                       1.0000      9.3959       12.4062    1.821347e-09
2 May 2024 11:58:12.000              23.010            0.0000        23.010                184.1643             0.0000            0.0000                 0.0000                     0.0000          184.1643                    -1.143440                 1.499999                  -161.154               -136.176506                           0.000        0.000             0.000                 0.000                                                                                17.00000000       84.445123       32000.000000                       1.0000      9.3936       12.4039    1.838703e-09
2 May 2024 11:58:42.000              23.010            0.0000        23.010                184.1666             0.0000            0.0000                 0.0000                     0.0000          184.1666                    -1.157086                 1.499999                  -161.156               -136.178838                           0.000        0.000             0.000                 0.000                                                                                17.00000000       84.442791       32000.000000                       1.0000      9.3913       12.4016    1.856423e-09
2 May 2024 11:59:12.000              23.010            0.0000        23.010                184.1690             0.0000            0.0000                 0.0000                     0.0000          184.1690                    -1.170686                 1.499999                  -161.159               -136.181196                           0.000        0.000             0.000                 0.000                                                                                17.00000000       84.440433       32000.000000                       1.0000      9.3889       12.3992    1.874512e-09
2 May 2024 11:59:42.000              23.010            0.0000        23.010                184.1714             0.0000            0.0000                 0.0000                     0.0000          184.1714                    -1.184240                 1.499999                  -161.161               -136.183582                           0.000        0.000             0.000                 0.000                                                                                17.00000000       84.438047       32000.000000                       1.0000      9.3865       12.3968    1.892976e-09
2 May 2024 12:00:12.000              23.010            0.0000        23.010                184.1738             0.0000            0.0000                 0.0000                     0.0000          184.1738                    -1.197746                 1.499999                  -161.164               -136.185994                           0.000        0.000             0.000                 0.000                                                                                17.00000000       84.435635       32000.000000                       1.0000      9.3841       12.3944    1.911822e-09
2 May 2024 12:00:42.000              23.010            0.0000        23.010                184.1762             0.0000            0.0000                 0.0000                     0.0000          184.1762                    -1.211204                 1.499999                  -161.166               -136.188433                           0.000        0.000             0.000                 0.000                                                                                17.00000000       84.433196       32000.000000                       1.0000      9.3817       12.3920    1.931056e-09
2 May 2024 12:01:12.000              23.010            0.0000        23.010                184.1787             0.0000            0.0000                 0.0000                     0.0000          184.1787                    -1.224613                 1.499999                  -161.168               -136.190899                           0.000        0.000             0.000                 0.000                                                                                17.00000000       84.430731       32000.000000                       1.0000      9.3792       12.3895    1.950685e-09
2 May 2024 12:01:42.000              23.010            0.0000        23.010                184.1812             0.0000            0.0000                 0.0000                     0.0000          184.1812                    -1.237974                 1.499999                  -161.171               -136.193390                           0.000        0.000             0.000                 0.000                                                                                17.00000000       84.428239       32000.000000                       1.0000      9.3767       12.3870    1.970716e-09
2 May 2024 12:02:12.000              23.010            0.0000        23.010                184.1837             0.0000            0.0000                 0.0000                     0.0000          184.1837                    -1.251286                 1.499999                  -161.173               -136.195908                           0.000        0.000             0.000                 0.000                                                                                17.00000000       84.425721       32000.000000                       1.0000      9.3742       12.3845    1.991155e-09
2 May 2024 12:02:42.000              23.010            0.0000        23.010                184.1863             0.0000            0.0000                 0.0000                     0.0000          184.1863                    -1.264549                 1.499999                  -161.176               -136.198453                           0.000        0.000             0.000                 0.000                                                                                17.00000000       84.423176       32000.000000                       1.0000      9.3717       12.3820    2.012010e-09
2 May 2024 12:03:12.000              23.010            0.0000        23.010                184.1888             0.0000            0.0000                 0.0000                     0.0000          184.1888                    -1.277761                 1.499999                  -161.179               -136.201023                           0.000        0.000             0.000                 0.000                                                                                17.00000000       84.420606       32000.000000                       1.0000      9.3691       12.3794    2.033287e-09
2 May 2024 12:03:42.000              23.010            0.0000        23.010                184.1914             0.0000            0.0000                 0.0000                     0.0000          184.1914                    -1.290923                 1.499999                  -161.181               -136.203619                           0.000        0.000             0.000                 0.000                                                                                17.00000000       84.418010       32000.000000                       1.0000      9.3665       12.3768    2.054995e-09
2 May 2024 12:04:12.000              23.010            0.0000        23.010                184.1941             0.0000            0.0000                 0.0000                     0.0000          184.1941                    -1.304034                 1.499999                  -161.184               -136.206241                           0.000        0.000             0.000                 0.000                                                                                17.00000000       84.415388       32000.000000                       1.0000      9.3639       12.3742    2.077141e-09
2 May 2024 12:04:42.000              23.010            0.0000        23.010                184.1967             0.0000            0.0000                 0.0000                     0.0000          184.1967                    -1.317094                 1.499999                  -161.186               -136.208888                           0.000        0.000             0.000                 0.000                                                                                17.00000000       84.412741       32000.000000                       1.0000      9.3612       12.3715    2.099731e-09
2 May 2024 12:05:12.000              23.010            0.0000        23.010                184.1994             0.0000            0.0000                 0.0000                     0.0000          184.1994                    -1.330103                 1.499999                  -161.189               -136.211561                           0.000        0.000             0.000                 0.000                                                                                17.00000000       84.410068       32000.000000                       1.0000      9.3586       12.3689    2.122775e-09
2 May 2024 12:05:42.000              23.010            0.0000        23.010                184.2021             0.0000            0.0000                 0.0000                     0.0000          184.2021                    -1.343059                 1.499999                  -161.192               -136.214260                           0.000        0.000             0.000                 0.000                                                                                17.00000000       84.407369       32000.000000                       1.0000      9.3559       12.3662    2.146280e-09
2 May 2024 12:06:12.000              23.010            0.0000        23.010                184.2048             0.0000            0.0000                 0.0000                     0.0000          184.2048                    -1.355963                 1.499999                  -161.194               -136.216983                           0.000        0.000             0.000                 0.000                                                                                17.00000000       84.404646       32000.000000                       1.0000      9.3531       12.3634    2.170254e-09
2 May 2024 12:06:42.000              23.010            0.0000        23.010                184.2075             0.0000            0.0000                 0.0000                     0.0000          184.2075                    -1.368814                 1.499999                  -161.197               -136.219732                           0.000        0.000             0.000                 0.000                                                                                17.00000000       84.401897       32000.000000                       1.0000      9.3504       12.3607    2.194706e-09
2 May 2024 12:07:12.000              23.010            0.0000        23.010                184.2103             0.0000            0.0000                 0.0000                     0.0000          184.2103                    -1.381612                 1.499999                  -161.200               -136.222506                           0.000        0.000             0.000                 0.000                                                                                17.00000000       84.399123       32000.000000                       1.0000      9.3476       12.3579    2.219643e-09
2 May 2024 12:07:42.000              23.010            0.0000        23.010                184.2131             0.0000            0.0000                 0.0000                     0.0000          184.2131                    -1.394356                 1.499999                  -161.203               -136.225305                           0.000        0.000             0.000                 0.000                                                                                17.00000000       84.396325       32000.000000                       1.0000      9.3448       12.3551    2.245076e-09
2 May 2024 12:08:12.000              23.010            0.0000        23.010                184.2159             0.0000            0.0000                 0.0000                     0.0000          184.2159                    -1.407046                 1.499999                  -161.206               -136.228128                           0.000        0.000             0.000                 0.000                                                                                17.00000000       84.393501       32000.000000                       1.0000      9.3420       12.3523    2.271012e-09
2 May 2024 12:08:42.000              23.010            0.0000        23.010                184.2188             0.0000            0.0000                 0.0000                     0.0000          184.2188                    -1.419682                 1.499999                  -161.208               -136.230976                           0.000        0.000             0.000                 0.000                                                                                17.00000000       84.390653       32000.000000                       1.0000      9.3392       12.3495    2.297460e-09
2 May 2024 12:09:12.000              23.010            0.0000        23.010                184.2217             0.0000            0.0000                 0.0000                     0.0000          184.2217                    -1.432263                 1.499999                  -161.211               -136.233848                           0.000        0.000             0.000                 0.000                                                                                17.00000000       84.387781       32000.000000                       1.0000      9.3363       12.3466    2.324430e-09
2 May 2024 12:09:42.000              23.010            0.0000        23.010                184.2246             0.0000            0.0000                 0.0000                     0.0000          184.2246                    -1.444789                 1.499999                  -161.214               -136.236745                           0.000        0.000             0.000                 0.000                                                                                17.00000000       84.384884       32000.000000                       1.0000      9.3334       12.3437    2.351932e-09
2 May 2024 12:10:12.000              23.010            0.0000        23.010                184.2275             0.0000            0.0000                 0.0000                     0.0000          184.2275                    -1.457259                 1.499999                  -161.217               -136.239666                           0.000        0.000             0.000                 0.000                                                                                17.00000000       84.381963       32000.000000                       1.0000      9.3305       12.3408    2.379974e-09
2 May 2024 12:10:42.000              23.010            0.0000        23.010                184.2304             0.0000            0.0000                 0.0000                     0.0000          184.2304                    -1.469673                 1.499999                  -161.220               -136.242611                           0.000        0.000             0.000                 0.000                                                                                17.00000000       84.379018       32000.000000                       1.0000      9.3275       12.3378    2.408567e-09
2 May 2024 12:11:12.000              23.010            0.0000        23.010                184.2334             0.0000            0.0000                 0.0000                     0.0000          184.2334                    -1.482031                 1.499999                  -161.223               -136.245580                           0.000        0.000             0.000                 0.000                                                                                17.00000000       84.376049       32000.000000                       1.0000      9.3245       12.3348    2.437720e-09
2 May 2024 12:11:21.158              23.010            0.0000        23.010                184.2343             0.0000            0.0000                 0.0000                     0.0000          184.2343                    -1.485792                 1.499999                  -161.224               -136.246491                           0.000        0.000             0.000                 0.000                                                                                17.00000000       84.375138       32000.000000                       1.0000      9.3236       12.3339    2.446732e-09
