                                                                                                                                                                                         28 Sep 2025 15:11:34
Facility-Raisting-Receiver-DLRx-To-Satellite-CommSat-Transmitter-DLTx:  Link Budget


      Time (UTCG)          EIRP (dBW)    Rcvd. Frequency (GHz)    Rcvd. Iso. Power (dBW)    Flux Density (dBW/m^2)    g/T (dB/K)    C/No (dB*Hz)    Bandwidth (kHz)    C/N (dB)    Eb/No (dB)         BER    
-----------------------    ----------    ---------------------    ----------------------    ----------------------    ----------    ------------    ---------------    --------    ----------    ------------
1 May 2024 06:27:40.066        23.010                 1.500031                  -141.809               -116.831885     20.000000      106.789744          32000.000     31.7382       34.7485    1.000000e-30
1 May 2024 06:28:40.000        23.010                 1.500031                  -140.558               -115.580931     20.000000      108.040698          32000.000     32.9892       35.9995    1.000000e-30
1 May 2024 06:29:40.000        23.010                 1.500029                  -139.150               -114.172838     20.000000      109.448791          32000.000     34.3973       37.4076    1.000000e-30
1 May 2024 06:30:40.000        23.010                 1.500027                  -137.588               -112.610086     20.000000      111.011543          32000.000     35.9600       38.9703    1.000000e-30
1 May 2024 06:31:40.000        23.010                 1.500022                  -135.940               -110.962705     20.000000      112.658924          32000.000     37.6074       40.6177    1.000000e-30
1 May 2024 06:32:40.000        23.010                 1.500014                  -134.466               -109.488094     20.000000      114.133536          32000.000     39.0820       42.0923    1.000000e-30
1 May 2024 06:33:40.000        23.010                 1.500002                  -133.712               -108.734859     20.000000      114.886770          32000.000     39.8353       42.8456    1.000000e-30
1 May 2024 06:34:40.000        23.010                 1.499989                  -134.137               -109.159907     20.000000      114.461722          32000.000     39.4102       42.4205    1.000000e-30
1 May 2024 06:35:40.000        23.010                 1.499980                  -135.466               -110.488280     20.000000      113.133349          32000.000     38.0818       41.0921    1.000000e-30
1 May 2024 06:36:40.000        23.010                 1.499974                  -137.101               -112.123796     20.000000      111.497833          32000.000     36.4463       39.4566    1.000000e-30
1 May 2024 06:37:40.000        23.010                 1.499971                  -138.702               -113.724062     20.000000      109.897567          32000.000     34.8461       37.8564    1.000000e-30
1 May 2024 06:38:40.000        23.010                 1.499970                  -140.157               -115.179468     20.000000      108.442161          32000.000     33.3907       36.4010    1.000000e-30
1 May 2024 06:39:40.000        23.010                 1.499969                  -141.454               -116.476077     20.000000      107.145552          32000.000     32.0941       35.1044    1.000000e-30
1 May 2024 06:39:44.909        23.010                 1.499969                  -141.553               -116.575525     20.000000      107.046104          32000.000     31.9946       35.0049    1.000000e-30

      Time (UTCG)          EIRP (dBW)    Rcvd. Frequency (GHz)    Rcvd. Iso. Power (dBW)    Flux Density (dBW/m^2)    g/T (dB/K)    C/No (dB*Hz)    Bandwidth (kHz)    C/N (dB)    Eb/No (dB)         BER    
-----------------------    ----------    ---------------------    ----------------------    ----------------------    ----------    ------------    ---------------    --------    ----------    ------------
1 May 2024 08:01:48.824        23.010                 1.500001                  -151.494               -126.516906     20.000000       97.104724          32000.000     22.0532       25.0635    1.000000e-30
1 May 2024 08:02:48.000        23.010                 1.500000                  -151.483               -126.505278     20.000000       97.116351          32000.000     22.0649       25.0752    1.000000e-30
1 May 2024 08:03:48.000        23.010                 1.499999                  -151.483               -126.505912     20.000000       97.115717          32000.000     22.0642       25.0745    1.000000e-30
1 May 2024 08:04:48.000        23.010                 1.499998                  -151.496               -126.518682     20.000000       97.102948          32000.000     22.0514       25.0617    1.000000e-30
1 May 2024 08:05:48.000        23.010                 1.499998                  -151.521               -126.543110     20.000000       97.078519          32000.000     22.0270       25.0373    1.000000e-30
1 May 2024 08:06:48.000        23.010                 1.499997                  -151.556               -126.578636     20.000000       97.042993          32000.000     21.9915       25.0018    1.000000e-30
1 May 2024 08:07:48.000        23.010                 1.499996                  -151.602               -126.624628     20.000000       96.997001          32000.000     21.9455       24.9558    1.000000e-30
1 May 2024 08:08:48.000        23.010                 1.499995                  -151.658               -126.680403     20.000000       96.941226          32000.000     21.8897       24.9000    1.000000e-30
1 May 2024 08:09:48.000        23.010                 1.499994                  -151.723               -126.745241     20.000000       96.876388          32000.000     21.8249       24.8352    1.000000e-30
1 May 2024 08:10:48.000        23.010                 1.499994                  -151.796               -126.818403     20.000000       96.803226          32000.000     21.7517       24.7620    1.000000e-30
1 May 2024 08:11:48.000        23.010                 1.499993                  -151.877               -126.899142     20.000000       96.722487          32000.000     21.6710       24.6813    1.000000e-30
1 May 2024 08:12:48.000        23.010                 1.499992                  -151.964               -126.986716     20.000000       96.634913          32000.000     21.5834       24.5937    1.000000e-30
1 May 2024 08:13:48.000        23.010                 1.499992                  -152.058               -127.080400     20.000000       96.541229          32000.000     21.4897       24.5000    1.000000e-30
1 May 2024 08:14:48.000        23.010                 1.499991                  -152.157               -127.179492     20.000000       96.442137          32000.000     21.3906       24.4009    1.000000e-30
1 May 2024 08:15:48.000        23.010                 1.499991                  -152.261               -127.283324     20.000000       96.338306          32000.000     21.2868       24.2971    1.000000e-30
1 May 2024 08:16:48.000        23.010                 1.499990                  -152.369               -127.391259     20.000000       96.230370          32000.000     21.1789       24.1892    1.000000e-30
1 May 2024 08:17:48.000        23.010                 1.499990                  -152.480               -127.502705     20.000000       96.118924          32000.000     21.0674       24.0777    1.000000e-30
1 May 2024 08:18:48.000        23.010                 1.499989                  -152.595               -127.617107     20.000000       96.004522          32000.000     20.9530       23.9633    1.000000e-30
1 May 2024 08:19:48.000        23.010                 1.499989                  -152.711               -127.733953     20.000000       95.887676          32000.000     20.8362       23.8465    1.000000e-30
1 May 2024 08:20:48.000        23.010                 1.499989                  -152.830               -127.852773     20.000000       95.768856          32000.000     20.7174       23.7277    1.000000e-30
1 May 2024 08:21:48.000        23.010                 1.499988                  -152.951               -127.973140     20.000000       95.648489          32000.000     20.5970       23.6073    1.000000e-30
1 May 2024 08:22:48.000        23.010                 1.499988                  -153.072               -128.094664     20.000000       95.526965          32000.000     20.4755       23.4858    1.000000e-30
1 May 2024 08:23:48.000        23.010                 1.499988                  -153.195               -128.216994     20.000000       95.404635          32000.000     20.3531       23.3634    1.000000e-30
1 May 2024 08:24:48.000        23.010                 1.499988                  -153.317               -128.339814     20.000000       95.281815          32000.000     20.2303       23.2406    1.000000e-30
1 May 2024 08:25:48.000        23.010                 1.499988                  -153.440               -128.462843     20.000000       95.158787          32000.000     20.1073       23.1176    1.000000e-30
1 May 2024 08:26:48.000        23.010                 1.499987                  -153.563               -128.585828     20.000000       95.035801          32000.000     19.9843       22.9946    1.000000e-30
1 May 2024 08:27:48.000        23.010                 1.499987                  -153.686               -128.708549     20.000000       94.913080          32000.000     19.8616       22.8719    1.000000e-30
1 May 2024 08:28:48.000        23.010                 1.499987                  -153.808               -128.830808     20.000000       94.790821          32000.000     19.7393       22.7496    1.000000e-30
1 May 2024 08:29:48.000        23.010                 1.499987                  -153.930               -128.952434     20.000000       94.669195          32000.000     19.6177       22.6280    1.000000e-30
1 May 2024 08:30:48.000        23.010                 1.499987                  -154.051               -129.073276     20.000000       94.548354          32000.000     19.4969       22.5072    1.000000e-30
1 May 2024 08:31:48.000        23.010                 1.499987                  -154.171               -129.193202     20.000000       94.428427          32000.000     19.3769       22.3872    1.000000e-30
1 May 2024 08:32:48.000        23.010                 1.499987                  -154.290               -129.312101     20.000000       94.309528          32000.000     19.2580       22.2683    1.000000e-30
1 May 2024 08:33:48.000        23.010                 1.499987                  -154.407               -129.429876     20.000000       94.191753          32000.000     19.1403       22.1506    1.000000e-30
1 May 2024 08:34:48.000        23.010                 1.499987                  -154.524               -129.546443     20.000000       94.075186          32000.000     19.0237       22.0340    1.000000e-30
1 May 2024 08:35:48.000        23.010                 1.499987                  -154.639               -129.661733     20.000000       93.959896          32000.000     18.9084       21.9187    1.000000e-30
1 May 2024 08:36:48.000        23.010                 1.499987                  -154.753               -129.775689     20.000000       93.845940          32000.000     18.7944       21.8047    1.000000e-30
1 May 2024 08:37:48.000        23.010                 1.499987                  -154.866               -129.888261     20.000000       93.733368          32000.000     18.6819       21.6922    1.000000e-30
1 May 2024 08:38:48.000        23.010                 1.499987                  -154.977               -129.999411     20.000000       93.622218          32000.000     18.5707       21.5810    1.000000e-30
1 May 2024 08:39:48.000        23.010                 1.499987                  -155.087               -130.109107     20.000000       93.512522          32000.000     18.4610       21.4713    1.000000e-30
1 May 2024 08:40:48.000        23.010                 1.499987                  -155.195               -130.217327     20.000000       93.404302          32000.000     18.3528       21.3631    1.000000e-30
1 May 2024 08:41:48.000        23.010                 1.499987                  -155.302               -130.324052     20.000000       93.297577          32000.000     18.2461       21.2564    1.000000e-30
1 May 2024 08:42:48.000        23.010                 1.499987                  -155.407               -130.429271     20.000000       93.192359          32000.000     18.1409       21.1512    1.000000e-30
1 May 2024 08:43:48.000        23.010                 1.499987                  -155.510               -130.532975     20.000000       93.088654          32000.000     18.0372       21.0475    1.000000e-30
1 May 2024 08:44:48.000        23.010                 1.499987                  -155.613               -130.635162     20.000000       92.986467          32000.000     17.9350       20.9453    1.000000e-30
1 May 2024 08:45:48.000        23.010                 1.499987                  -155.713               -130.735833     20.000000       92.885796          32000.000     17.8343       20.8446    1.000000e-30
1 May 2024 08:46:48.000        23.010                 1.499987                  -155.813               -130.834992     20.000000       92.786637          32000.000     17.7351       20.7454    1.000000e-30
1 May 2024 08:47:48.000        23.010                 1.499987                  -155.910               -130.932645     20.000000       92.688984          32000.000     17.6375       20.6478    1.000000e-30
1 May 2024 08:48:48.000        23.010                 1.499987                  -156.006               -131.028801     20.000000       92.592828          32000.000     17.5413       20.5516    1.000000e-30
1 May 2024 08:49:48.000        23.010                 1.499987                  -156.101               -131.123472     20.000000       92.498157          32000.000     17.4467       20.4570    1.000000e-30
1 May 2024 08:50:48.000        23.010                 1.499987                  -156.194               -131.216670     20.000000       92.404959          32000.000     17.3535       20.3638    1.000000e-30
1 May 2024 08:51:48.000        23.010                 1.499987                  -156.286               -131.308411     20.000000       92.313218          32000.000     17.2617       20.2720    1.000000e-30
1 May 2024 08:52:48.000        23.010                 1.499987                  -156.376               -131.398709     20.000000       92.222920          32000.000     17.1714       20.1817    1.000000e-30
1 May 2024 08:53:48.000        23.010                 1.499987                  -156.465               -131.487582     20.000000       92.134048          32000.000     17.0825       20.0928    1.000000e-30
1 May 2024 08:54:48.000        23.010                 1.499987                  -156.553               -131.575046     20.000000       92.046583          32000.000     16.9951       20.0054    1.000000e-30
1 May 2024 08:55:48.000        23.010                 1.499987                  -156.639               -131.661122     20.000000       91.960507          32000.000     16.9090       19.9193    1.000000e-30
1 May 2024 08:56:48.000        23.010                 1.499988                  -156.723               -131.745827     20.000000       91.875802          32000.000     16.8243       19.8346    1.000000e-30
1 May 2024 08:57:48.000        23.010                 1.499988                  -156.807               -131.829181     20.000000       91.792448          32000.000     16.7409       19.7512    1.000000e-30
1 May 2024 08:58:48.000        23.010                 1.499988                  -156.889               -131.911204     20.000000       91.710425          32000.000     16.6589       19.6692    1.000000e-30
1 May 2024 08:59:48.000        23.010                 1.499988                  -156.969               -131.991916     20.000000       91.629714          32000.000     16.5782       19.5885    1.000000e-30
1 May 2024 09:00:48.000        23.010                 1.499988                  -157.049               -132.071336     20.000000       91.550293          32000.000     16.4988       19.5091    1.000000e-30
1 May 2024 09:01:48.000        23.010                 1.499988                  -157.127               -132.149486     20.000000       91.472143          32000.000     16.4206       19.4309    1.000000e-30
1 May 2024 09:02:48.000        23.010                 1.499988                  -157.204               -132.226386     20.000000       91.395244          32000.000     16.3437       19.3540    1.000000e-30
1 May 2024 09:03:48.000        23.010                 1.499988                  -157.280               -132.302055     20.000000       91.319575          32000.000     16.2681       19.2784    1.000000e-30
1 May 2024 09:04:48.000        23.010                 1.499988                  -157.354               -132.376513     20.000000       91.245116          32000.000     16.1936       19.2039    1.000000e-30
1 May 2024 09:05:48.000        23.010                 1.499988                  -157.427               -132.449782     20.000000       91.171847          32000.000     16.1203       19.1306    1.000000e-30
1 May 2024 09:06:48.000        23.010                 1.499988                  -157.499               -132.521880     20.000000       91.099749          32000.000     16.0482       19.0585    1.000000e-30
1 May 2024 09:07:48.000        23.010                 1.499989                  -157.570               -132.592828     20.000000       91.028801          32000.000     15.9773       18.9876    1.000000e-30
1 May 2024 09:08:48.000        23.010                 1.499989                  -157.640               -132.662644     20.000000       90.958985          32000.000     15.9075       18.9178    1.000000e-30
1 May 2024 09:09:48.000        23.010                 1.499989                  -157.709               -132.731348     20.000000       90.890281          32000.000     15.8388       18.8491    1.000000e-30
1 May 2024 09:10:48.000        23.010                 1.499989                  -157.776               -132.798958     20.000000       90.822671          32000.000     15.7712       18.7815    1.000000e-30
1 May 2024 09:11:48.000        23.010                 1.499989                  -157.843               -132.865494     20.000000       90.756135          32000.000     15.7046       18.7149    1.000000e-30
1 May 2024 09:12:48.000        23.010                 1.499989                  -157.908               -132.930973     20.000000       90.690656          32000.000     15.6392       18.6495    1.000000e-30
1 May 2024 09:13:48.000        23.010                 1.499989                  -157.973               -132.995414     20.000000       90.626215          32000.000     15.5747       18.5850    1.000000e-30
1 May 2024 09:14:48.000        23.010                 1.499989                  -158.036               -133.058834     20.000000       90.562795          32000.000     15.5113       18.5216    1.000000e-30
1 May 2024 09:15:48.000        23.010                 1.499989                  -158.099               -133.121250     20.000000       90.500379          32000.000     15.4489       18.4592    1.000000e-30
1 May 2024 09:16:48.000        23.010                 1.499989                  -158.160               -133.182680     20.000000       90.438950          32000.000     15.3874       18.3977    1.000000e-30
1 May 2024 09:17:48.000        23.010                 1.499989                  -158.221               -133.243139     20.000000       90.378490          32000.000     15.3270       18.3373    1.000000e-30
1 May 2024 09:18:48.000        23.010                 1.499990                  -158.280               -133.302645     20.000000       90.318984          32000.000     15.2675       18.2778    1.000000e-30
1 May 2024 09:19:48.000        23.010                 1.499990                  -158.339               -133.361214     20.000000       90.260415          32000.000     15.2089       18.2192    1.000000e-30
1 May 2024 09:20:48.000        23.010                 1.499990                  -158.396               -133.418861     20.000000       90.202768          32000.000     15.1513       18.1616    1.254023e-30
1 May 2024 09:21:48.000        23.010                 1.499990                  -158.453               -133.475601     20.000000       90.146028          32000.000     15.0945       18.1048    2.952978e-30
1 May 2024 09:22:48.000        23.010                 1.499990                  -158.509               -133.531450     20.000000       90.090179          32000.000     15.0387       18.0490    6.787201e-30
1 May 2024 09:23:48.000        23.010                 1.499990                  -158.564               -133.586422     20.000000       90.035207          32000.000     14.9837       17.9940    1.523949e-29
1 May 2024 09:24:48.000        23.010                 1.499990                  -158.618               -133.640532     20.000000       89.981098          32000.000     14.9296       17.9399    3.345466e-29
1 May 2024 09:25:48.000        23.010                 1.499990                  -158.671               -133.693793     20.000000       89.927836          32000.000     14.8763       17.8866    7.186054e-29
1 May 2024 09:26:48.000        23.010                 1.499990                  -158.724               -133.746219     20.000000       89.875410          32000.000     14.8239       17.8342    1.511468e-28
1 May 2024 09:27:48.000        23.010                 1.499990                  -158.775               -133.797824     20.000000       89.823805          32000.000     14.7723       17.7826    3.115261e-28
1 May 2024 09:28:48.000        23.010                 1.499990                  -158.826               -133.848621     20.000000       89.773008          32000.000     14.7215       17.7318    6.296169e-28
1 May 2024 09:29:48.000        23.010                 1.499991                  -158.876               -133.898623     20.000000       89.723006          32000.000     14.6715       17.6818    1.248622e-27
1 May 2024 09:30:48.000        23.010                 1.499991                  -158.925               -133.947842     20.000000       89.673787          32000.000     14.6223       17.6326    2.431269e-27
1 May 2024 09:31:48.000        23.010                 1.499991                  -158.974               -133.996290     20.000000       89.625339          32000.000     14.5738       17.5841    4.650985e-27
1 May 2024 09:32:48.000        23.010                 1.499991                  -159.021               -134.043980     20.000000       89.577649          32000.000     14.5261       17.5364    8.746181e-27
1 May 2024 09:33:48.000        23.010                 1.499991                  -159.068               -134.090923     20.000000       89.530707          32000.000     14.4792       17.4895    1.617689e-26
1 May 2024 09:34:48.000        23.010                 1.499991                  -159.115               -134.137130     20.000000       89.484499          32000.000     14.4330       17.4433    2.944462e-26
1 May 2024 09:35:48.000        23.010                 1.499991                  -159.160               -134.182612     20.000000       89.439017          32000.000     14.3875       17.3978    5.276830e-26
1 May 2024 09:36:48.000        23.010                 1.499991                  -159.205               -134.227381     20.000000       89.394248          32000.000     14.3427       17.3530    9.315567e-26
1 May 2024 09:37:48.000        23.010                 1.499991                  -159.249               -134.271447     20.000000       89.350182          32000.000     14.2987       17.3090    1.620760e-25
1 May 2024 09:38:48.000        23.010                 1.499991                  -159.292               -134.314820     20.000000       89.306809          32000.000     14.2553       17.2656    2.780335e-25
1 May 2024 09:39:48.000        23.010                 1.499992                  -159.335               -134.357511     20.000000       89.264118          32000.000     14.2126       17.2229    4.704709e-25
1 May 2024 09:40:48.000        23.010                 1.499992                  -159.377               -134.399529     20.000000       89.222100          32000.000     14.1706       17.1809    7.856085e-25
1 May 2024 09:41:48.000        23.010                 1.499992                  -159.418               -134.440884     20.000000       89.180746          32000.000     14.1292       17.1395    1.295063e-24
1 May 2024 09:42:48.000        23.010                 1.499992                  -159.459               -134.481585     20.000000       89.140045          32000.000     14.0885       17.0988    2.108402e-24
1 May 2024 09:43:48.000        23.010                 1.499992                  -159.499               -134.521641     20.000000       89.099988          32000.000     14.0485       17.0588    3.391205e-24
1 May 2024 09:44:48.000        23.010                 1.499992                  -159.539               -134.561062     20.000000       89.060567          32000.000     14.0091       17.0194    5.390717e-24
1 May 2024 09:45:48.000        23.010                 1.499992                  -159.577               -134.599856     20.000000       89.021773          32000.000     13.9703       16.9806    8.471863e-24
1 May 2024 09:46:48.000        23.010                 1.499992                  -159.616               -134.638031     20.000000       88.983598          32000.000     13.9321       16.9424    1.316720e-23
1 May 2024 09:47:48.000        23.010                 1.499992                  -159.653               -134.675597     20.000000       88.946032          32000.000     13.8945       16.9048    2.024543e-23
1 May 2024 09:48:48.000        23.010                 1.499992                  -159.690               -134.712560     20.000000       88.909069          32000.000     13.8576       16.8679    3.080428e-23
1 May 2024 09:49:48.000        23.010                 1.499992                  -159.726               -134.748930     20.000000       88.872699          32000.000     13.8212       16.8315    4.639515e-23
1 May 2024 09:50:48.000        23.010                 1.499993                  -159.762               -134.784713     20.000000       88.836916          32000.000     13.7854       16.7957    6.918841e-23
1 May 2024 09:51:48.000        23.010                 1.499993                  -159.797               -134.819917     20.000000       88.801712          32000.000     13.7502       16.7605    1.021906e-22
1 May 2024 09:52:48.000        23.010                 1.499993                  -159.832               -134.854550     20.000000       88.767079          32000.000     13.7156       16.7259    1.495264e-22
1 May 2024 09:53:48.000        23.010                 1.499993                  -159.866               -134.888619     20.000000       88.733010          32000.000     13.6815       16.6918    2.168021e-22
1 May 2024 09:54:48.000        23.010                 1.499993                  -159.900               -134.922131     20.000000       88.699498          32000.000     13.6480       16.6583    3.115678e-22
1 May 2024 09:55:48.000        23.010                 1.499993                  -159.933               -134.955092     20.000000       88.666537          32000.000     13.6150       16.6253    4.439008e-22
1 May 2024 09:56:48.000        23.010                 1.499993                  -159.965               -134.987509     20.000000       88.634120          32000.000     13.5826       16.5929    6.271351e-22
1 May 2024 09:57:48.000        23.010                 1.499993                  -159.997               -135.019389     20.000000       88.602240          32000.000     13.5507       16.5610    8.787632e-22
1 May 2024 09:58:48.000        23.010                 1.499993                  -160.028               -135.050738     20.000000       88.570891          32000.000     13.5194       16.5297    1.221543e-21
1 May 2024 09:59:48.000        23.010                 1.499993                  -160.059               -135.081563     20.000000       88.540066          32000.000     13.4886       16.4989    1.684840e-21
1 May 2024 10:00:48.000        23.010                 1.499993                  -160.089               -135.111869     20.000000       88.509761          32000.000     13.4583       16.4686    2.306249e-21
1 May 2024 10:01:48.000        23.010                 1.499994                  -160.119               -135.141661     20.000000       88.479968          32000.000     13.4285       16.4388    3.133518e-21
1 May 2024 10:02:48.000        23.010                 1.499994                  -160.148               -135.170947     20.000000       88.450682          32000.000     13.3992       16.4095    4.226831e-21
1 May 2024 10:03:48.000        23.010                 1.499994                  -160.177               -135.199732     20.000000       88.421897          32000.000     13.3704       16.3807    5.661479e-21
1 May 2024 10:04:48.000        23.010                 1.499994                  -160.206               -135.228020     20.000000       88.393609          32000.000     13.3421       16.3524    7.530954e-21
1 May 2024 10:05:48.000        23.010                 1.499994                  -160.233               -135.255818     20.000000       88.365811          32000.000     13.3143       16.3246    9.950514e-21
1 May 2024 10:06:48.000        23.010                 1.499994                  -160.261               -135.283131     20.000000       88.338499          32000.000     13.2870       16.2973    1.306124e-20
1 May 2024 10:07:48.000        23.010                 1.499994                  -160.287               -135.309963     20.000000       88.311667          32000.000     13.2602       16.2705    1.703460e-20
1 May 2024 10:08:48.000        23.010                 1.499994                  -160.314               -135.336319     20.000000       88.285310          32000.000     13.2338       16.2441    2.207759e-20
1 May 2024 10:09:48.000        23.010                 1.499994                  -160.340               -135.362205     20.000000       88.259424          32000.000     13.2079       16.2182    2.843835e-20
1 May 2024 10:10:48.000        23.010                 1.499994                  -160.365               -135.387625     20.000000       88.234004          32000.000     13.1825       16.1928    3.641239e-20
1 May 2024 10:11:48.000        23.010                 1.499994                  -160.390               -135.412583     20.000000       88.209046          32000.000     13.1575       16.1678    4.634929e-20
1 May 2024 10:12:48.000        23.010                 1.499995                  -160.415               -135.437085     20.000000       88.184544          32000.000     13.1330       16.1433    5.865986e-20
1 May 2024 10:13:48.000        23.010                 1.499995                  -160.439               -135.461134     20.000000       88.160495          32000.000     13.1090       16.1193    7.382375e-20
1 May 2024 10:14:48.000        23.010                 1.499995                  -160.462               -135.484735     20.000000       88.136894          32000.000     13.0854       16.0957    9.239740e-20
1 May 2024 10:15:48.000        23.010                 1.499995                  -160.485               -135.507891     20.000000       88.113738          32000.000     13.0622       16.0725    1.150221e-19
1 May 2024 10:16:48.000        23.010                 1.499995                  -160.508               -135.530608     20.000000       88.091022          32000.000     13.0395       16.0498    1.424325e-19
1 May 2024 10:17:48.000        23.010                 1.499995                  -160.530               -135.552888     20.000000       88.068742          32000.000     13.0172       16.0275    1.754644e-19
1 May 2024 10:18:48.000        23.010                 1.499995                  -160.552               -135.574735     20.000000       88.046894          32000.000     12.9954       16.0057    2.150631e-19
1 May 2024 10:19:48.000        23.010                 1.499995                  -160.574               -135.596154     20.000000       88.025475          32000.000     12.9740       15.9843    2.622907e-19
1 May 2024 10:20:48.000        23.010                 1.499995                  -160.595               -135.617148     20.000000       88.004481          32000.000     12.9530       15.9633    3.183331e-19
1 May 2024 10:21:48.000        23.010                 1.499995                  -160.615               -135.637720     20.000000       87.983909          32000.000     12.9324       15.9427    3.845058e-19
1 May 2024 10:22:48.000        23.010                 1.499995                  -160.635               -135.657873     20.000000       87.963756          32000.000     12.9123       15.9226    4.622588e-19
1 May 2024 10:23:48.000        23.010                 1.499995                  -160.655               -135.677612     20.000000       87.944017          32000.000     12.8925       15.9028    5.531798e-19
1 May 2024 10:24:48.000        23.010                 1.499996                  -160.674               -135.696940     20.000000       87.924689          32000.000     12.8732       15.8835    6.589958e-19
1 May 2024 10:25:48.000        23.010                 1.499996                  -160.693               -135.715858     20.000000       87.905771          32000.000     12.8543       15.8646    7.815726e-19
1 May 2024 10:26:48.000        23.010                 1.499996                  -160.712               -135.734372     20.000000       87.887257          32000.000     12.8358       15.8461    9.229118e-19
1 May 2024 10:27:48.000        23.010                 1.499996                  -160.730               -135.752482     20.000000       87.869147          32000.000     12.8176       15.8279    1.085146e-18
1 May 2024 10:28:48.000        23.010                 1.499996                  -160.748               -135.770194     20.000000       87.851435          32000.000     12.7999       15.8102    1.270529e-18
1 May 2024 10:29:48.000        23.010                 1.499996                  -160.765               -135.787508     20.000000       87.834121          32000.000     12.7826       15.7929    1.481428e-18
1 May 2024 10:30:48.000        23.010                 1.499996                  -160.782               -135.804428     20.000000       87.817201          32000.000     12.7657       15.7760    1.720304e-18
1 May 2024 10:31:48.000        23.010                 1.499996                  -160.798               -135.820957     20.000000       87.800672          32000.000     12.7492       15.7595    1.989698e-18
1 May 2024 10:32:48.000        23.010                 1.499996                  -160.815               -135.837097     20.000000       87.784532          32000.000     12.7330       15.7433    2.292208e-18
1 May 2024 10:33:48.000        23.010                 1.499996                  -160.830               -135.852851     20.000000       87.768778          32000.000     12.7173       15.7276    2.630462e-18
1 May 2024 10:34:48.000        23.010                 1.499996                  -160.846               -135.868221     20.000000       87.753408          32000.000     12.7019       15.7122    3.007094e-18
1 May 2024 10:35:48.000        23.010                 1.499996                  -160.861               -135.883209     20.000000       87.738421          32000.000     12.6869       15.6972    3.424708e-18
1 May 2024 10:36:48.000        23.010                 1.499997                  -160.875               -135.897817     20.000000       87.723812          32000.000     12.6723       15.6826    3.885845e-18
1 May 2024 10:37:48.000        23.010                 1.499997                  -160.890               -135.912048     20.000000       87.709581          32000.000     12.6581       15.6684    4.392947e-18
1 May 2024 10:38:48.000        23.010                 1.499997                  -160.903               -135.925905     20.000000       87.695724          32000.000     12.6442       15.6545    4.948309e-18
1 May 2024 10:39:48.000        23.010                 1.499997                  -160.917               -135.939388     20.000000       87.682241          32000.000     12.6307       15.6410    5.554047e-18
1 May 2024 10:40:48.000        23.010                 1.499997                  -160.930               -135.952500     20.000000       87.669129          32000.000     12.6176       15.6279    6.212045e-18
1 May 2024 10:41:48.000        23.010                 1.499997                  -160.943               -135.965242     20.000000       87.656387          32000.000     12.6049       15.6152    6.923914e-18
1 May 2024 10:42:48.000        23.010                 1.499997                  -160.955               -135.977618     20.000000       87.644011          32000.000     12.5925       15.6028    7.690947e-18
1 May 2024 10:43:48.000        23.010                 1.499997                  -160.967               -135.989627     20.000000       87.632002          32000.000     12.5805       15.5908    8.514072e-18
1 May 2024 10:44:48.000        23.010                 1.499997                  -160.979               -136.001273     20.000000       87.620356          32000.000     12.5689       15.5792    9.393807e-18
1 May 2024 10:45:48.000        23.010                 1.499997                  -160.990               -136.012557     20.000000       87.609072          32000.000     12.5576       15.5679    1.033022e-17
1 May 2024 10:46:48.000        23.010                 1.499997                  -161.001               -136.023479     20.000000       87.598150          32000.000     12.5467       15.5570    1.132289e-17
1 May 2024 10:47:48.000        23.010                 1.499997                  -161.012               -136.034043     20.000000       87.587586          32000.000     12.5361       15.5464    1.237088e-17
1 May 2024 10:48:48.000        23.010                 1.499998                  -161.022               -136.044248     20.000000       87.577381          32000.000     12.5259       15.5362    1.347268e-17
1 May 2024 10:49:48.000        23.010                 1.499998                  -161.032               -136.054097     20.000000       87.567532          32000.000     12.5160       15.5263    1.462620e-17
1 May 2024 10:50:48.000        23.010                 1.499998                  -161.041               -136.063591     20.000000       87.558038          32000.000     12.5065       15.5168    1.582877e-17
1 May 2024 10:51:48.000        23.010                 1.499998                  -161.050               -136.072731     20.000000       87.548898          32000.000     12.4974       15.5077    1.707708e-17
1 May 2024 10:52:48.000        23.010                 1.499997                  -161.061               -136.083376     20.000000       87.538253          32000.000     12.4868       15.4971    1.865184e-17
1 May 2024 10:53:48.000        23.010                 1.499997                  -161.073               -136.095114     20.000000       87.526515          32000.000     12.4750       15.4853    2.055217e-17
1 May 2024 10:54:48.000        23.010                 1.499997                  -161.084               -136.106879     20.000000       87.514750          32000.000     12.4633       15.4735    2.264529e-17
1 May 2024 10:55:48.000        23.010                 1.499997                  -161.096               -136.118670     20.000000       87.502959          32000.000     12.4515       15.4618    2.495035e-17
1 May 2024 10:56:48.000        23.010                 1.499997                  -161.108               -136.130485     20.000000       87.491144          32000.000     12.4396       15.4499    2.748835e-17
1 May 2024 10:57:48.000        23.010                 1.499997                  -161.120               -136.142323     20.000000       87.479306          32000.000     12.4278       15.4381    3.028230e-17
1 May 2024 10:58:48.000        23.010                 1.499997                  -161.132               -136.154182     20.000000       87.467447          32000.000     12.4159       15.4262    3.335737e-17
1 May 2024 10:59:48.000        23.010                 1.499997                  -161.144               -136.166061     20.000000       87.455568          32000.000     12.4041       15.4144    3.674112e-17
1 May 2024 11:00:48.000        23.010                 1.499997                  -161.155               -136.177959     20.000000       87.443670          32000.000     12.3922       15.4025    4.046373e-17
1 May 2024 11:01:48.000        23.010                 1.499997                  -161.167               -136.189874     20.000000       87.431755          32000.000     12.3803       15.3906    4.455814e-17
1 May 2024 11:02:48.000        23.010                 1.499997                  -161.179               -136.201806     20.000000       87.419823          32000.000     12.3683       15.3786    4.906041e-17
1 May 2024 11:03:48.000        23.010                 1.499997                  -161.191               -136.213752     20.000000       87.407877          32000.000     12.3564       15.3667    5.400990e-17
1 May 2024 11:04:48.000        23.010                 1.499997                  -161.203               -136.225711     20.000000       87.395918          32000.000     12.3444       15.3547    5.944961e-17
1 May 2024 11:05:48.000        23.010                 1.499997                  -161.215               -136.237682     20.000000       87.383947          32000.000     12.3324       15.3427    6.542646e-17
1 May 2024 11:06:48.000        23.010                 1.499997                  -161.227               -136.249665     20.000000       87.371965          32000.000     12.3205       15.3308    7.199164e-17
1 May 2024 11:07:48.000        23.010                 1.499997                  -161.239               -136.261656     20.000000       87.359973          32000.000     12.3085       15.3188    7.920096e-17
1 May 2024 11:08:48.000        23.010                 1.499997                  -161.251               -136.273656     20.000000       87.347973          32000.000     12.2965       15.3068    8.711525e-17
1 May 2024 11:09:48.000        23.010                 1.499997                  -161.263               -136.285663     20.000000       87.335967          32000.000     12.2845       15.2948    9.580077e-17
1 May 2024 11:10:48.000        23.010                 1.499997                  -161.275               -136.297675     20.000000       87.323954          32000.000     12.2725       15.2828    1.053296e-16
1 May 2024 11:11:48.000        23.010                 1.499997                  -161.287               -136.309691     20.000000       87.311938          32000.000     12.2604       15.2707    1.157803e-16
1 May 2024 11:12:48.000        23.010                 1.499997                  -161.299               -136.321711     20.000000       87.299918          32000.000     12.2484       15.2587    1.272382e-16
1 May 2024 11:13:48.000        23.010                 1.499997                  -161.311               -136.333732     20.000000       87.287897          32000.000     12.2364       15.2467    1.397960e-16
1 May 2024 11:14:48.000        23.010                 1.499997                  -161.323               -136.345754     20.000000       87.275875          32000.000     12.2244       15.2347    1.535545e-16
1 May 2024 11:15:48.000        23.010                 1.499997                  -161.335               -136.357776     20.000000       87.263853          32000.000     12.2124       15.2227    1.686231e-16
1 May 2024 11:16:48.000        23.010                 1.499997                  -161.347               -136.369795     20.000000       87.251834          32000.000     12.2003       15.2106    1.851205e-16
1 May 2024 11:17:48.000        23.010                 1.499997                  -161.359               -136.381812     20.000000       87.239817          32000.000     12.1883       15.1986    2.031754e-16
1 May 2024 11:18:48.000        23.010                 1.499997                  -161.371               -136.393824     20.000000       87.227805          32000.000     12.1763       15.1866    2.229274e-16
1 May 2024 11:19:48.000        23.010                 1.499997                  -161.383               -136.405831     20.000000       87.215798          32000.000     12.1643       15.1746    2.445275e-16
1 May 2024 11:20:48.000        23.010                 1.499997                  -161.395               -136.417831     20.000000       87.203798          32000.000     12.1523       15.1626    2.681394e-16
1 May 2024 11:21:48.000        23.010                 1.499997                  -161.407               -136.429823     20.000000       87.191806          32000.000     12.1403       15.1506    2.939399e-16
1 May 2024 11:22:48.000        23.010                 1.499997                  -161.419               -136.441807     20.000000       87.179822          32000.000     12.1283       15.1386    3.221204e-16
1 May 2024 11:23:48.000        23.010                 1.499997                  -161.431               -136.453780     20.000000       87.167849          32000.000     12.1163       15.1266    3.528876e-16
1 May 2024 11:24:48.000        23.010                 1.499997                  -161.443               -136.465742     20.000000       87.155887          32000.000     12.1044       15.1147    3.864648e-16
1 May 2024 11:25:48.000        23.010                 1.499997                  -161.455               -136.477691     20.000000       87.143938          32000.000     12.0924       15.1027    4.230927e-16
1 May 2024 11:26:48.000        23.010                 1.499997                  -161.467               -136.489627     20.000000       87.132002          32000.000     12.0805       15.0908    4.630313e-16
1 May 2024 11:27:48.000        23.010                 1.499997                  -161.479               -136.501548     20.000000       87.120081          32000.000     12.0686       15.0789    5.065603e-16
1 May 2024 11:28:48.000        23.010                 1.499997                  -161.491               -136.513454     20.000000       87.108175          32000.000     12.0567       15.0670    5.539813e-16
1 May 2024 11:29:48.000        23.010                 1.499997                  -161.503               -136.525342     20.000000       87.096287          32000.000     12.0448       15.0551    6.056189e-16
1 May 2024 11:30:48.000        23.010                 1.499997                  -161.515               -136.537213     20.000000       87.084416          32000.000     12.0329       15.0432    6.618220e-16
1 May 2024 11:31:48.000        23.010                 1.499997                  -161.527               -136.549064     20.000000       87.072565          32000.000     12.0211       15.0314    7.229658e-16
1 May 2024 11:32:48.000        23.010                 1.499997                  -161.538               -136.560896     20.000000       87.060733          32000.000     12.0092       15.0195    7.894534e-16
1 May 2024 11:33:48.000        23.010                 1.499997                  -161.550               -136.572706     20.000000       87.048923          32000.000     11.9974       15.0077    8.617171e-16
1 May 2024 11:34:48.000        23.010                 1.499997                  -161.562               -136.584495     20.000000       87.037135          32000.000     11.9856       14.9959    9.402209e-16
1 May 2024 11:35:48.000        23.010                 1.499997                  -161.574               -136.596259     20.000000       87.025370          32000.000     11.9739       14.9842    1.025462e-15
1 May 2024 11:36:48.000        23.010                 1.499997                  -161.586               -136.608000     20.000000       87.013629          32000.000     11.9621       14.9724    1.117973e-15
1 May 2024 11:37:48.000        23.010                 1.499997                  -161.597               -136.619715     20.000000       87.001914          32000.000     11.9504       14.9607    1.218325e-15
1 May 2024 11:38:48.000        23.010                 1.499997                  -161.609               -136.631404     20.000000       86.990225          32000.000     11.9387       14.9490    1.327126e-15
1 May 2024 11:39:48.000        23.010                 1.499997                  -161.621               -136.643066     20.000000       86.978563          32000.000     11.9271       14.9374    1.445029e-15
1 May 2024 11:40:48.000        23.010                 1.499997                  -161.632               -136.654700     20.000000       86.966929          32000.000     11.9154       14.9257    1.572729e-15
1 May 2024 11:41:48.000        23.010                 1.499997                  -161.644               -136.666304     20.000000       86.955325          32000.000     11.9038       14.9141    1.710969e-15
1 May 2024 11:42:48.000        23.010                 1.499997                  -161.655               -136.677878     20.000000       86.943751          32000.000     11.8923       14.9026    1.860542e-15
1 May 2024 11:43:48.000        23.010                 1.499997                  -161.667               -136.689421     20.000000       86.932208          32000.000     11.8807       14.8910    2.022290e-15
1 May 2024 11:44:48.000        23.010                 1.499997                  -161.678               -136.700932     20.000000       86.920698          32000.000     11.8692       14.8795    2.197114e-15
1 May 2024 11:45:48.000        23.010                 1.499997                  -161.690               -136.712409     20.000000       86.909220          32000.000     11.8577       14.8680    2.385969e-15
1 May 2024 11:46:48.000        23.010                 1.499997                  -161.701               -136.723853     20.000000       86.897776          32000.000     11.8463       14.8566    2.589872e-15
1 May 2024 11:47:48.000        23.010                 1.499997                  -161.713               -136.735262     20.000000       86.886368          32000.000     11.8349       14.8452    2.809902e-15
1 May 2024 11:48:48.000        23.010                 1.499997                  -161.724               -136.746634     20.000000       86.874995          32000.000     11.8235       14.8338    3.047206e-15
1 May 2024 11:49:48.000        23.010                 1.499997                  -161.735               -136.757971     20.000000       86.863658          32000.000     11.8122       14.8225    3.303000e-15
1 May 2024 11:50:44.163        23.010                 1.499997                  -161.746               -136.768548     20.000000       86.853081          32000.000     11.8016       14.8119    3.560330e-15

      Time (UTCG)          EIRP (dBW)    Rcvd. Frequency (GHz)    Rcvd. Iso. Power (dBW)    Flux Density (dBW/m^2)    g/T (dB/K)    C/No (dB*Hz)    Bandwidth (kHz)    C/N (dB)    Eb/No (dB)         BER    
-----------------------    ----------    ---------------------    ----------------------    ----------------------    ----------    ------------    ---------------    --------    ----------    ------------
1 May 2024 16:46:51.241        23.010                 1.500003                  -161.837               -136.859218     20.000000       86.762411          32000.000     11.7109       14.7212    6.723670e-15
1 May 2024 16:47:51.000        23.010                 1.500003                  -161.826               -136.848889     20.000000       86.772740          32000.000     11.7212       14.7315    6.258046e-15
1 May 2024 16:48:51.000        23.010                 1.500003                  -161.816               -136.838487     20.000000       86.783142          32000.000     11.7316       14.7419    5.820695e-15
1 May 2024 16:49:51.000        23.010                 1.500003                  -161.806               -136.828054     20.000000       86.793575          32000.000     11.7421       14.7524    5.411805e-15
1 May 2024 16:50:51.000        23.010                 1.500003                  -161.795               -136.817590     20.000000       86.804039          32000.000     11.7525       14.7628    5.029705e-15
1 May 2024 16:51:51.000        23.010                 1.500003                  -161.785               -136.807097     20.000000       86.814532          32000.000     11.7630       14.7733    4.672807e-15
1 May 2024 16:52:51.000        23.010                 1.500003                  -161.774               -136.796576     20.000000       86.825053          32000.000     11.7736       14.7839    4.339604e-15
1 May 2024 16:53:51.000        23.010                 1.500003                  -161.764               -136.786027     20.000000       86.835602          32000.000     11.7841       14.7944    4.028667e-15
1 May 2024 16:54:51.000        23.010                 1.500003                  -161.753               -136.775451     20.000000       86.846178          32000.000     11.7947       14.8050    3.738640e-15
1 May 2024 16:55:51.000        23.010                 1.500003                  -161.742               -136.764850     20.000000       86.856779          32000.000     11.8053       14.8156    3.468240e-15
1 May 2024 16:56:51.000        23.010                 1.500003                  -161.732               -136.754224     20.000000       86.867405          32000.000     11.8159       14.8262    3.216251e-15
1 May 2024 16:57:51.000        23.010                 1.500003                  -161.721               -136.743575     20.000000       86.878054          32000.000     11.8266       14.8369    2.981524e-15
1 May 2024 16:58:51.000        23.010                 1.500003                  -161.710               -136.732903     20.000000       86.888727          32000.000     11.8372       14.8475    2.762972e-15
1 May 2024 16:59:51.000        23.010                 1.500003                  -161.700               -136.722209     20.000000       86.899421          32000.000     11.8479       14.8582    2.559569e-15
1 May 2024 17:00:51.000        23.010                 1.500003                  -161.689               -136.711494     20.000000       86.910135          32000.000     11.8586       14.8689    2.370346e-15
1 May 2024 17:01:51.000        23.010                 1.500003                  -161.678               -136.700759     20.000000       86.920870          32000.000     11.8694       14.8797    2.194389e-15
1 May 2024 17:02:51.000        23.010                 1.500003                  -161.668               -136.690006     20.000000       86.931624          32000.000     11.8801       14.8904    2.030836e-15
1 May 2024 17:03:51.000        23.010                 1.500003                  -161.657               -136.679234     20.000000       86.942395          32000.000     11.8909       14.9012    1.878877e-15
1 May 2024 17:04:51.000        23.010                 1.500003                  -161.646               -136.668446     20.000000       86.953183          32000.000     11.9017       14.9120    1.737745e-15
1 May 2024 17:05:51.000        23.010                 1.500003                  -161.635               -136.657642     20.000000       86.963987          32000.000     11.9125       14.9228    1.606724e-15
1 May 2024 17:06:51.000        23.010                 1.500003                  -161.624               -136.646824     20.000000       86.974805          32000.000     11.9233       14.9336    1.485137e-15
1 May 2024 17:07:51.000        23.010                 1.500003                  -161.614               -136.635992     20.000000       86.985637          32000.000     11.9341       14.9444    1.372348e-15
1 May 2024 17:08:51.000        23.010                 1.500003                  -161.603               -136.625147     20.000000       86.996482          32000.000     11.9450       14.9553    1.267762e-15
1 May 2024 17:09:51.000        23.010                 1.500003                  -161.592               -136.614291     20.000000       87.007338          32000.000     11.9558       14.9661    1.170818e-15
1 May 2024 17:10:51.000        23.010                 1.500003                  -161.581               -136.603424     20.000000       87.018205          32000.000     11.9667       14.9770    1.080992e-15
1 May 2024 17:11:51.000        23.010                 1.500003                  -161.570               -136.592548     20.000000       87.029081          32000.000     11.9776       14.9879    9.977916e-16
1 May 2024 17:12:51.000        23.010                 1.500003                  -161.559               -136.581663     20.000000       87.039966          32000.000     11.9885       14.9988    9.207562e-16
1 May 2024 17:13:51.000        23.010                 1.500003                  -161.548               -136.570771     20.000000       87.050858          32000.000     11.9994       15.0097    8.494541e-16
1 May 2024 17:14:51.000        23.010                 1.500003                  -161.537               -136.559874     20.000000       87.061755          32000.000     12.0103       15.0206    7.834818e-16
1 May 2024 17:15:51.000        23.010                 1.500003                  -161.526               -136.548971     20.000000       87.072658          32000.000     12.0212       15.0315    7.224615e-16
1 May 2024 17:16:51.000        23.010                 1.500003                  -161.516               -136.538064     20.000000       87.083565          32000.000     12.0321       15.0424    6.660407e-16
1 May 2024 17:17:51.000        23.010                 1.500003                  -161.505               -136.527155     20.000000       87.094475          32000.000     12.0430       15.0533    6.138897e-16
1 May 2024 17:18:51.000        23.010                 1.500003                  -161.494               -136.516243     20.000000       87.105386          32000.000     12.0539       15.0642    5.657009e-16
1 May 2024 17:19:51.000        23.010                 1.500003                  -161.483               -136.505332     20.000000       87.116297          32000.000     12.0648       15.0751    5.211873e-16
1 May 2024 17:20:51.000        23.010                 1.500003                  -161.472               -136.494421     20.000000       87.127208          32000.000     12.0757       15.0860    4.800812e-16
1 May 2024 17:21:51.000        23.010                 1.500003                  -161.461               -136.483512     20.000000       87.138117          32000.000     12.0866       15.0969    4.421333e-16
1 May 2024 17:22:51.000        23.010                 1.500003                  -161.450               -136.472606     20.000000       87.149023          32000.000     12.0975       15.1078    4.071111e-16
1 May 2024 17:23:51.000        23.010                 1.500003                  -161.439               -136.461704     20.000000       87.159925          32000.000     12.1084       15.1187    3.747982e-16
1 May 2024 17:24:51.000        23.010                 1.500003                  -161.428               -136.450807     20.000000       87.170822          32000.000     12.1193       15.1296    3.449935e-16
1 May 2024 17:25:51.000        23.010                 1.500003                  -161.417               -136.439917     20.000000       87.181712          32000.000     12.1302       15.1405    3.175096e-16
1 May 2024 17:26:51.000        23.010                 1.500003                  -161.407               -136.429035     20.000000       87.192594          32000.000     12.1411       15.1514    2.921725e-16
1 May 2024 17:27:51.000        23.010                 1.500003                  -161.396               -136.418162     20.000000       87.203467          32000.000     12.1520       15.1623    2.688204e-16
1 May 2024 17:28:51.000        23.010                 1.500003                  -161.385               -136.407299     20.000000       87.214331          32000.000     12.1628       15.1731    2.473032e-16
1 May 2024 17:29:51.000        23.010                 1.500003                  -161.374               -136.396447     20.000000       87.225182          32000.000     12.1737       15.1840    2.274813e-16
1 May 2024 17:30:51.000        23.010                 1.500003                  -161.363               -136.385608     20.000000       87.236022          32000.000     12.1845       15.1948    2.092255e-16
1 May 2024 17:31:51.000        23.010                 1.500003                  -161.352               -136.374782     20.000000       87.246847          32000.000     12.1953       15.2056    1.924157e-16
1 May 2024 17:32:51.000        23.010                 1.500003                  -161.341               -136.363972     20.000000       87.257657          32000.000     12.2062       15.2165    1.769406e-16
1 May 2024 17:33:51.000        23.010                 1.500003                  -161.331               -136.353178     20.000000       87.268451          32000.000     12.2170       15.2273    1.626973e-16
1 May 2024 17:34:51.000        23.010                 1.500003                  -161.320               -136.342401     20.000000       87.279228          32000.000     12.2277       15.2380    1.495903e-16
1 May 2024 17:35:51.000        23.010                 1.500003                  -161.309               -136.331644     20.000000       87.289985          32000.000     12.2385       15.2488    1.375311e-16
1 May 2024 17:36:51.000        23.010                 1.500003                  -161.298               -136.320906     20.000000       87.300723          32000.000     12.2492       15.2595    1.264379e-16
1 May 2024 17:37:51.000        23.010                 1.500003                  -161.288               -136.310190     20.000000       87.311439          32000.000     12.2599       15.2702    1.162352e-16
1 May 2024 17:38:51.000        23.010                 1.500003                  -161.277               -136.299496     20.000000       87.322133          32000.000     12.2706       15.2809    1.068529e-16
1 May 2024 17:39:51.000        23.010                 1.500003                  -161.266               -136.288827     20.000000       87.332802          32000.000     12.2813       15.2916    9.822637e-17
1 May 2024 17:40:51.000        23.010                 1.500003                  -161.256               -136.278182     20.000000       87.343447          32000.000     12.2919       15.3022    9.029585e-17
1 May 2024 17:41:51.000        23.010                 1.500003                  -161.245               -136.267564     20.000000       87.354065          32000.000     12.3026       15.3129    8.300615e-17
1 May 2024 17:42:51.000        23.010                 1.500003                  -161.234               -136.256974     20.000000       87.364655          32000.000     12.3132       15.3235    7.630631e-17
1 May 2024 17:43:51.000        23.010                 1.500003                  -161.224               -136.246413     20.000000       87.375216          32000.000     12.3237       15.3340    7.014930e-17
1 May 2024 17:44:51.000        23.010                 1.500003                  -161.213               -136.235882     20.000000       87.385747          32000.000     12.3342       15.3445    6.449171e-17
1 May 2024 17:45:51.000        23.010                 1.500003                  -161.203               -136.225383     20.000000       87.396246          32000.000     12.3447       15.3550    5.929352e-17
1 May 2024 17:46:51.000        23.010                 1.500003                  -161.192               -136.214917     20.000000       87.406712          32000.000     12.3552       15.3655    5.451783e-17
1 May 2024 17:47:51.000        23.010                 1.500003                  -161.182               -136.204485     20.000000       87.417144          32000.000     12.3656       15.3759    5.013062e-17
1 May 2024 17:48:51.000        23.010                 1.500003                  -161.172               -136.194089     20.000000       87.427540          32000.000     12.3760       15.3863    4.610055e-17
1 May 2024 17:49:51.000        23.010                 1.500003                  -161.161               -136.183729     20.000000       87.437900          32000.000     12.3864       15.3967    4.239873e-17
1 May 2024 17:50:51.000        23.010                 1.500003                  -161.151               -136.173409     20.000000       87.448221          32000.000     12.3967       15.4070    3.899858e-17
1 May 2024 17:51:51.000        23.010                 1.500003                  -161.141               -136.163127     20.000000       87.458502          32000.000     12.4070       15.4173    3.587561e-17
1 May 2024 17:52:51.000        23.010                 1.500003                  -161.130               -136.152887     20.000000       87.468742          32000.000     12.4172       15.4275    3.300730e-17
1 May 2024 17:53:51.000        23.010                 1.500003                  -161.120               -136.142689     20.000000       87.478940          32000.000     12.4274       15.4377    3.037290e-17
1 May 2024 17:54:51.000        23.010                 1.500002                  -161.110               -136.132534     20.000000       87.489095          32000.000     12.4376       15.4479    2.795335e-17
1 May 2024 17:55:51.000        23.010                 1.500002                  -161.100               -136.122425     20.000000       87.499205          32000.000     12.4477       15.4580    2.573110e-17
1 May 2024 17:56:51.000        23.010                 1.500002                  -161.090               -136.112361     20.000000       87.509268          32000.000     12.4578       15.4681    2.369002e-17
1 May 2024 17:57:51.000        23.010                 1.500002                  -161.080               -136.102346     20.000000       87.519283          32000.000     12.4678       15.4781    2.181528e-17
1 May 2024 17:58:51.000        23.010                 1.500002                  -161.070               -136.092379     20.000000       87.529250          32000.000     12.4778       15.4881    2.009327e-17
1 May 2024 17:59:51.000        23.010                 1.500002                  -161.060               -136.082463     20.000000       87.539166          32000.000     12.4877       15.4980    1.851144e-17
1 May 2024 18:00:51.000        23.010                 1.500002                  -161.050               -136.072598     20.000000       87.549031          32000.000     12.4975       15.5078    1.705830e-17
1 May 2024 18:01:51.000        23.010                 1.500002                  -161.040               -136.062787     20.000000       87.558842          32000.000     12.5073       15.5176    1.572328e-17
1 May 2024 18:02:51.000        23.010                 1.500002                  -161.031               -136.053030     20.000000       87.568599          32000.000     12.5171       15.5274    1.449668e-17
1 May 2024 18:03:51.000        23.010                 1.500002                  -161.021               -136.043328     20.000000       87.578301          32000.000     12.5268       15.5371    1.336958e-17
1 May 2024 18:04:51.000        23.010                 1.500002                  -161.011               -136.033684     20.000000       87.587945          32000.000     12.5364       15.5467    1.233380e-17
1 May 2024 18:05:51.000        23.010                 1.500002                  -161.002               -136.024098     20.000000       87.597531          32000.000     12.5460       15.5563    1.138183e-17
1 May 2024 18:06:51.000        23.010                 1.500002                  -160.992               -136.014572     20.000000       87.607057          32000.000     12.5556       15.5659    1.050677e-17
1 May 2024 18:07:51.000        23.010                 1.500002                  -160.983               -136.005107     20.000000       87.616522          32000.000     12.5650       15.5753    9.702305e-18
1 May 2024 18:08:51.000        23.010                 1.500002                  -160.973               -135.995704     20.000000       87.625925          32000.000     12.5744       15.5847    8.962623e-18
1 May 2024 18:09:51.000        23.010                 1.500002                  -160.964               -135.986366     20.000000       87.635263          32000.000     12.5838       15.5941    8.282399e-18
1 May 2024 18:10:51.000        23.010                 1.500002                  -160.955               -135.977092     20.000000       87.644537          32000.000     12.5930       15.6033    7.656745e-18
1 May 2024 18:11:51.000        23.010                 1.500002                  -160.945               -135.967885     20.000000       87.653744          32000.000     12.6022       15.6125    7.081180e-18
1 May 2024 18:12:51.000        23.010                 1.500002                  -160.936               -135.958746     20.000000       87.662883          32000.000     12.6114       15.6217    6.551591e-18
1 May 2024 18:13:51.000        23.010                 1.500002                  -160.927               -135.949676     20.000000       87.671953          32000.000     12.6205       15.6308    6.064206e-18
1 May 2024 18:14:51.000        23.010                 1.500002                  -160.918               -135.940676     20.000000       87.680953          32000.000     12.6295       15.6398    5.615566e-18
1 May 2024 18:15:51.000        23.010                 1.500002                  -160.909               -135.931748     20.000000       87.689881          32000.000     12.6384       15.6487    5.202499e-18
1 May 2024 18:16:51.000        23.010                 1.500002                  -160.900               -135.922894     20.000000       87.698736          32000.000     12.6472       15.6575    4.822093e-18
1 May 2024 18:17:51.000        23.010                 1.500002                  -160.892               -135.914113     20.000000       87.707516          32000.000     12.6560       15.6663    4.471681e-18
1 May 2024 18:18:51.000        23.010                 1.500002                  -160.883               -135.905409     20.000000       87.716220          32000.000     12.6647       15.6750    4.148816e-18
1 May 2024 18:19:51.000        23.010                 1.500002                  -160.874               -135.896781     20.000000       87.724848          32000.000     12.6733       15.6836    3.851253e-18
1 May 2024 18:20:51.000        23.010                 1.500002                  -160.866               -135.888232     20.000000       87.733397          32000.000     12.6819       15.6922    3.576934e-18
1 May 2024 18:21:51.000        23.010                 1.500002                  -160.857               -135.879763     20.000000       87.741866          32000.000     12.6904       15.7007    3.323972e-18
1 May 2024 18:22:51.000        23.010                 1.500002                  -160.849               -135.871375     20.000000       87.750254          32000.000     12.6988       15.7091    3.090634e-18
1 May 2024 18:23:51.000        23.010                 1.500002                  -160.841               -135.863068     20.000000       87.758561          32000.000     12.7071       15.7174    2.875334e-18
1 May 2024 18:24:51.000        23.010                 1.500002                  -160.832               -135.854846     20.000000       87.766783          32000.000     12.7153       15.7256    2.676615e-18
1 May 2024 18:25:51.000        23.010                 1.500002                  -160.824               -135.846708     20.000000       87.774921          32000.000     12.7234       15.7337    2.493141e-18
1 May 2024 18:26:51.000        23.010                 1.500002                  -160.816               -135.838656     20.000000       87.782973          32000.000     12.7315       15.7418    2.323687e-18
1 May 2024 18:27:51.000        23.010                 1.500002                  -160.808               -135.830691     20.000000       87.790938          32000.000     12.7394       15.7497    2.167129e-18
1 May 2024 18:28:51.000        23.010                 1.500002                  -160.800               -135.822815     20.000000       87.798814          32000.000     12.7473       15.7576    2.022434e-18
1 May 2024 18:29:51.000        23.010                 1.500002                  -160.793               -135.815029     20.000000       87.806600          32000.000     12.7551       15.7654    1.888658e-18
1 May 2024 18:30:51.000        23.010                 1.500002                  -160.785               -135.807334     20.000000       87.814295          32000.000     12.7628       15.7731    1.764932e-18
1 May 2024 18:31:51.000        23.010                 1.500002                  -160.777               -135.799731     20.000000       87.821898          32000.000     12.7704       15.7807    1.650458e-18
1 May 2024 18:32:51.000        23.010                 1.500002                  -160.770               -135.792221     20.000000       87.829408          32000.000     12.7779       15.7882    1.544505e-18
1 May 2024 18:33:51.000        23.010                 1.500002                  -160.762               -135.784806     20.000000       87.836823          32000.000     12.7853       15.7956    1.446402e-18
1 May 2024 18:34:51.000        23.010                 1.500002                  -160.755               -135.777487     20.000000       87.844142          32000.000     12.7926       15.8029    1.355531e-18
1 May 2024 18:35:51.000        23.010                 1.500002                  -160.748               -135.770264     20.000000       87.851365          32000.000     12.7999       15.8102    1.271328e-18
1 May 2024 18:36:51.000        23.010                 1.500002                  -160.741               -135.763140     20.000000       87.858489          32000.000     12.8070       15.8173    1.193271e-18
1 May 2024 18:37:51.000        23.010                 1.500002                  -160.734               -135.756115     20.000000       87.865514          32000.000     12.8140       15.8243    1.120883e-18
1 May 2024 18:38:51.000        23.010                 1.500002                  -160.727               -135.749191     20.000000       87.872438          32000.000     12.8209       15.8312    1.053726e-18
1 May 2024 18:39:51.000        23.010                 1.500002                  -160.720               -135.742368     20.000000       87.879261          32000.000     12.8278       15.8381    9.913965e-19
1 May 2024 18:40:51.000        23.010                 1.500002                  -160.713               -135.735648     20.000000       87.885981          32000.000     12.8345       15.8448    9.335234e-19
1 May 2024 18:41:51.000        23.010                 1.500002                  -160.707               -135.729031     20.000000       87.892598          32000.000     12.8411       15.8514    8.797664e-19
1 May 2024 18:42:51.000        23.010                 1.500002                  -160.700               -135.722520     20.000000       87.899109          32000.000     12.8476       15.8579    8.298123e-19
1 May 2024 18:43:51.000        23.010                 1.500001                  -160.694               -135.716114     20.000000       87.905515          32000.000     12.8540       15.8643    7.833730e-19
1 May 2024 18:44:51.000        23.010                 1.500001                  -160.687               -135.709815     20.000000       87.911814          32000.000     12.8603       15.8706    7.401838e-19
1 May 2024 18:45:51.000        23.010                 1.500001                  -160.681               -135.703625     20.000000       87.918004          32000.000     12.8665       15.8768    7.000008e-19
1 May 2024 18:46:51.000        23.010                 1.500001                  -160.675               -135.697543     20.000000       87.924086          32000.000     12.8726       15.8829    6.625998e-19
1 May 2024 18:47:51.000        23.010                 1.500001                  -160.669               -135.691572     20.000000       87.930057          32000.000     12.8786       15.8889    6.277743e-19
1 May 2024 18:48:51.000        23.010                 1.500001                  -160.663               -135.685711     20.000000       87.935918          32000.000     12.8844       15.8947    5.953343e-19
1 May 2024 18:49:51.000        23.010                 1.500001                  -160.657               -135.679963     20.000000       87.941666          32000.000     12.8902       15.9005    5.651049e-19
1 May 2024 18:50:51.000        23.010                 1.500001                  -160.652               -135.674327     20.000000       87.947302          32000.000     12.8958       15.9061    5.369247e-19
1 May 2024 18:51:51.000        23.010                 1.500001                  -160.646               -135.668806     20.000000       87.952823          32000.000     12.9013       15.9116    5.106453e-19
1 May 2024 18:52:51.000        23.010                 1.500001                  -160.641               -135.663400     20.000000       87.958230          32000.000     12.9067       15.9170    4.861298e-19
1 May 2024 18:53:51.000        23.010                 1.500001                  -160.636               -135.658109     20.000000       87.963520          32000.000     12.9120       15.9223    4.632522e-19
1 May 2024 18:54:51.000        23.010                 1.500001                  -160.630               -135.652935     20.000000       87.968694          32000.000     12.9172       15.9275    4.418960e-19
1 May 2024 18:55:51.000        23.010                 1.500001                  -160.625               -135.647878     20.000000       87.973751          32000.000     12.9223       15.9326    4.219540e-19
1 May 2024 18:56:51.000        23.010                 1.500001                  -160.620               -135.642941     20.000000       87.978689          32000.000     12.9272       15.9375    4.033274e-19
1 May 2024 18:57:51.000        23.010                 1.500001                  -160.616               -135.638122     20.000000       87.983507          32000.000     12.9320       15.9423    3.859248e-19
1 May 2024 18:58:51.000        23.010                 1.500001                  -160.611               -135.633423     20.000000       87.988206          32000.000     12.9367       15.9470    3.696620e-19
1 May 2024 18:59:51.000        23.010                 1.500001                  -160.606               -135.628846     20.000000       87.992784          32000.000     12.9413       15.9516    3.544613e-19
1 May 2024 19:00:51.000        23.010                 1.500001                  -160.602               -135.624390     20.000000       87.997240          32000.000     12.9457       15.9560    3.402510e-19
1 May 2024 19:01:51.000        23.010                 1.500001                  -160.598               -135.620056     20.000000       88.001573          32000.000     12.9501       15.9604    3.269648e-19
1 May 2024 19:02:51.000        23.010                 1.500001                  -160.593               -135.615846     20.000000       88.005783          32000.000     12.9543       15.9646    3.145415e-19
1 May 2024 19:03:51.000        23.010                 1.500001                  -160.589               -135.611759     20.000000       88.009870          32000.000     12.9584       15.9687    3.029247e-19
1 May 2024 19:04:51.000        23.010                 1.500001                  -160.585               -135.607797     20.000000       88.013832          32000.000     12.9623       15.9726    2.920621e-19
1 May 2024 19:05:51.000        23.010                 1.500001                  -160.581               -135.603961     20.000000       88.017668          32000.000     12.9662       15.9765    2.819056e-19
1 May 2024 19:06:51.000        23.010                 1.500001                  -160.578               -135.600250     20.000000       88.021379          32000.000     12.9699       15.9802    2.724106e-19
1 May 2024 19:07:51.000        23.010                 1.500001                  -160.574               -135.596666     20.000000       88.024963          32000.000     12.9735       15.9838    2.635360e-19
1 May 2024 19:08:51.000        23.010                 1.500001                  -160.571               -135.593209     20.000000       88.028420          32000.000     12.9769       15.9872    2.552439e-19
1 May 2024 19:09:51.000        23.010                 1.500001                  -160.567               -135.589880     20.000000       88.031749          32000.000     12.9802       15.9905    2.474992e-19
1 May 2024 19:10:51.000        23.010                 1.500001                  -160.564               -135.586680     20.000000       88.034949          32000.000     12.9834       15.9937    2.402694e-19
1 May 2024 19:11:51.000        23.010                 1.500001                  -160.561               -135.583608     20.000000       88.038021          32000.000     12.9865       15.9968    2.335248e-19
1 May 2024 19:12:51.000        23.010                 1.500001                  -160.558               -135.580666     20.000000       88.040963          32000.000     12.9895       15.9998    2.272378e-19
1 May 2024 19:13:51.000        23.010                 1.500001                  -160.555               -135.577853     20.000000       88.043776          32000.000     12.9923       16.0026    2.213829e-19
1 May 2024 19:14:51.000        23.010                 1.500001                  -160.553               -135.575172     20.000000       88.046458          32000.000     12.9950       16.0053    2.159367e-19
1 May 2024 19:15:51.000        23.010                 1.500001                  -160.550               -135.572620     20.000000       88.049009          32000.000     12.9975       16.0078    2.108778e-19
1 May 2024 19:16:51.000        23.010                 1.500001                  -160.548               -135.570201     20.000000       88.051428          32000.000     12.9999       16.0102    2.061861e-19
1 May 2024 19:17:51.000        23.010                 1.500001                  -160.545               -135.567913     20.000000       88.053716          32000.000     13.0022       16.0125    2.018436e-19
1 May 2024 19:18:51.000        23.010                 1.500000                  -160.543               -135.565757     20.000000       88.055872          32000.000     13.0044       16.0147    1.978335e-19
1 May 2024 19:19:51.000        23.010                 1.500000                  -160.541               -135.563733     20.000000       88.057896          32000.000     13.0064       16.0167    1.941406e-19
1 May 2024 19:20:51.000        23.010                 1.500000                  -160.539               -135.561843     20.000000       88.059786          32000.000     13.0083       16.0186    1.907509e-19
1 May 2024 19:21:51.000        23.010                 1.500000                  -160.538               -135.560085     20.000000       88.061544          32000.000     13.0100       16.0203    1.876517e-19
1 May 2024 19:22:51.000        23.010                 1.500000                  -160.536               -135.558461     20.000000       88.063168          32000.000     13.0117       16.0220    1.848314e-19
1 May 2024 19:23:51.000        23.010                 1.500000                  -160.534               -135.556970     20.000000       88.064659          32000.000     13.0132       16.0235    1.822797e-19
1 May 2024 19:24:51.000        23.010                 1.500000                  -160.533               -135.555614     20.000000       88.066015          32000.000     13.0145       16.0248    1.799871e-19
1 May 2024 19:25:51.000        23.010                 1.500000                  -160.532               -135.554391     20.000000       88.067238          32000.000     13.0157       16.0260    1.779453e-19
1 May 2024 19:26:51.000        23.010                 1.500000                  -160.531               -135.553303     20.000000       88.068326          32000.000     13.0168       16.0271    1.761469e-19
1 May 2024 19:27:51.000        23.010                 1.500000                  -160.530               -135.552350     20.000000       88.069279          32000.000     13.0178       16.0281    1.745853e-19
1 May 2024 19:28:51.000        23.010                 1.500000                  -160.529               -135.551531     20.000000       88.070098          32000.000     13.0186       16.0289    1.732551e-19
1 May 2024 19:29:51.000        23.010                 1.500000                  -160.528               -135.550847     20.000000       88.070783          32000.000     13.0193       16.0296    1.721512e-19
1 May 2024 19:30:51.000        23.010                 1.500000                  -160.528               -135.550297     20.000000       88.071332          32000.000     13.0198       16.0301    1.712699e-19
1 May 2024 19:31:51.000        23.010                 1.500000                  -160.527               -135.549883     20.000000       88.071746          32000.000     13.0202       16.0305    1.706080e-19
1 May 2024 19:32:51.000        23.010                 1.500000                  -160.527               -135.549603     20.000000       88.072026          32000.000     13.0205       16.0308    1.701630e-19
1 May 2024 19:33:51.000        23.010                 1.500000                  -160.527               -135.549459     20.000000       88.072170          32000.000     13.0207       16.0310    1.699333e-19
1 May 2024 19:34:51.000        23.010                 1.500000                  -160.527               -135.549449     20.000000       88.072180          32000.000     13.0207       16.0310    1.699182e-19
1 May 2024 19:35:51.000        23.010                 1.500000                  -160.527               -135.549575     20.000000       88.072055          32000.000     13.0206       16.0309    1.701174e-19
1 May 2024 19:36:51.000        23.010                 1.500000                  -160.527               -135.549835     20.000000       88.071794          32000.000     13.0203       16.0306    1.705317e-19
1 May 2024 19:37:51.000        23.010                 1.500000                  -160.528               -135.550230     20.000000       88.071399          32000.000     13.0199       16.0302    1.711624e-19
1 May 2024 19:38:51.000        23.010                 1.500000                  -160.528               -135.550760     20.000000       88.070869          32000.000     13.0194       16.0297    1.720117e-19
1 May 2024 19:39:51.000        23.010                 1.500000                  -160.529               -135.551424     20.000000       88.070205          32000.000     13.0187       16.0290    1.730827e-19
1 May 2024 19:40:51.000        23.010                 1.500000                  -160.530               -135.552223     20.000000       88.069406          32000.000     13.0179       16.0282    1.743789e-19
1 May 2024 19:41:51.000        23.010                 1.500000                  -160.531               -135.553156     20.000000       88.068473          32000.000     13.0170       16.0273    1.759049e-19
1 May 2024 19:42:51.000        23.010                 1.500000                  -160.532               -135.554223     20.000000       88.067406          32000.000     13.0159       16.0262    1.776662e-19
1 May 2024 19:43:51.000        23.010                 1.500000                  -160.533               -135.555424     20.000000       88.066205          32000.000     13.0147       16.0250    1.796690e-19
1 May 2024 19:44:51.000        23.010                 1.500000                  -160.534               -135.556759     20.000000       88.064870          32000.000     13.0134       16.0237    1.819204e-19
1 May 2024 19:45:51.000        23.010                 1.500000                  -160.536               -135.558227     20.000000       88.063402          32000.000     13.0119       16.0222    1.844285e-19
1 May 2024 19:46:51.000        23.010                 1.500000                  -160.537               -135.559828     20.000000       88.061801          32000.000     13.0103       16.0206    1.872024e-19
1 May 2024 19:47:51.000        23.010                 1.500000                  -160.539               -135.561562     20.000000       88.060067          32000.000     13.0086       16.0189    1.902521e-19
1 May 2024 19:48:51.000        23.010                 1.500000                  -160.541               -135.563428     20.000000       88.058201          32000.000     13.0067       16.0170    1.935888e-19
1 May 2024 19:49:51.000        23.010                 1.500000                  -160.543               -135.565426     20.000000       88.056203          32000.000     13.0047       16.0150    1.972248e-19
1 May 2024 19:50:51.000        23.010                 1.499999                  -160.545               -135.567555     20.000000       88.054074          32000.000     13.0026       16.0129    2.011738e-19
1 May 2024 19:51:51.000        23.010                 1.499999                  -160.547               -135.569816     20.000000       88.051813          32000.000     13.0003       16.0106    2.054505e-19
1 May 2024 19:52:51.000        23.010                 1.499999                  -160.550               -135.572208     20.000000       88.049421          32000.000     12.9979       16.0082    2.100710e-19
1 May 2024 19:53:51.000        23.010                 1.499999                  -160.552               -135.574730     20.000000       88.046899          32000.000     12.9954       16.0057    2.150532e-19
1 May 2024 19:54:51.000        23.010                 1.499999                  -160.555               -135.577382     20.000000       88.044247          32000.000     12.9927       16.0030    2.204162e-19
1 May 2024 19:55:51.000        23.010                 1.499999                  -160.558               -135.580163     20.000000       88.041466          32000.000     12.9900       16.0003    2.261810e-19
1 May 2024 19:56:51.000        23.010                 1.499999                  -160.561               -135.583074     20.000000       88.038555          32000.000     12.9871       15.9974    2.323702e-19
1 May 2024 19:57:51.000        23.010                 1.499999                  -160.564               -135.586112     20.000000       88.035517          32000.000     12.9840       15.9943    2.390086e-19
1 May 2024 19:58:51.000        23.010                 1.499999                  -160.567               -135.589278     20.000000       88.032351          32000.000     12.9809       15.9912    2.461229e-19
1 May 2024 19:59:51.000        23.010                 1.499999                  -160.570               -135.592572     20.000000       88.029057          32000.000     12.9776       15.9879    2.537419e-19
1 May 2024 20:00:51.000        23.010                 1.499999                  -160.574               -135.595992     20.000000       88.025637          32000.000     12.9741       15.9844    2.618972e-19
1 May 2024 20:01:51.000        23.010                 1.499999                  -160.577               -135.599538     20.000000       88.022092          32000.000     12.9706       15.9809    2.706227e-19
1 May 2024 20:02:51.000        23.010                 1.499999                  -160.581               -135.603209     20.000000       88.018420          32000.000     12.9669       15.9772    2.799552e-19
1 May 2024 20:03:51.000        23.010                 1.499999                  -160.585               -135.607005     20.000000       88.014625          32000.000     12.9631       15.9734    2.899344e-19
1 May 2024 20:04:51.000        23.010                 1.499999                  -160.588               -135.610924     20.000000       88.010705          32000.000     12.9592       15.9695    3.006035e-19
1 May 2024 20:05:51.000        23.010                 1.499999                  -160.592               -135.614968     20.000000       88.006662          32000.000     12.9552       15.9655    3.120091e-19
1 May 2024 20:06:51.000        23.010                 1.499999                  -160.597               -135.619133     20.000000       88.002496          32000.000     12.9510       15.9613    3.242015e-19
1 May 2024 20:07:51.000        23.010                 1.499999                  -160.601               -135.623421     20.000000       87.998208          32000.000     12.9467       15.9570    3.372355e-19
1 May 2024 20:08:51.000        23.010                 1.499999                  -160.605               -135.627829     20.000000       87.993800          32000.000     12.9423       15.9526    3.511701e-19
1 May 2024 20:09:51.000        23.010                 1.499999                  -160.610               -135.632358     20.000000       87.989271          32000.000     12.9378       15.9481    3.660692e-19
1 May 2024 20:10:51.000        23.010                 1.499999                  -160.615               -135.637006     20.000000       87.984623          32000.000     12.9331       15.9434    3.820021e-19
1 May 2024 20:11:51.000        23.010                 1.499999                  -160.619               -135.641773     20.000000       87.979856          32000.000     12.9284       15.9387    3.990437e-19
1 May 2024 20:12:51.000        23.010                 1.499999                  -160.624               -135.646658     20.000000       87.974971          32000.000     12.9235       15.9338    4.172752e-19
1 May 2024 20:13:51.000        23.010                 1.499999                  -160.629               -135.651660     20.000000       87.969969          32000.000     12.9185       15.9288    4.367846e-19
1 May 2024 20:14:51.000        23.010                 1.499999                  -160.634               -135.656779     20.000000       87.964851          32000.000     12.9134       15.9237    4.576670e-19
1 May 2024 20:15:51.000        23.010                 1.499999                  -160.640               -135.662012     20.000000       87.959617          32000.000     12.9081       15.9184    4.800257e-19
1 May 2024 20:16:51.000        23.010                 1.499999                  -160.645               -135.667360     20.000000       87.954269          32000.000     12.9028       15.9131    5.039725e-19
1 May 2024 20:17:51.000        23.010                 1.499999                  -160.650               -135.672821     20.000000       87.948808          32000.000     12.8973       15.9076    5.296287e-19
1 May 2024 20:18:51.000        23.010                 1.499999                  -160.656               -135.678396     20.000000       87.943234          32000.000     12.8917       15.9020    5.571258e-19
1 May 2024 20:19:51.000        23.010                 1.499999                  -160.662               -135.684081     20.000000       87.937548          32000.000     12.8860       15.8963    5.866064e-19
1 May 2024 20:20:51.000        23.010                 1.499999                  -160.667               -135.689878     20.000000       87.931751          32000.000     12.8803       15.8906    6.182252e-19
1 May 2024 20:21:51.000        23.010                 1.499999                  -160.673               -135.695784     20.000000       87.925845          32000.000     12.8743       15.8846    6.521502e-19
1 May 2024 20:22:51.000        23.010                 1.499999                  -160.679               -135.701799     20.000000       87.919830          32000.000     12.8683       15.8786    6.885635e-19
1 May 2024 20:23:51.000        23.010                 1.499999                  -160.685               -135.707922     20.000000       87.913707          32000.000     12.8622       15.8725    7.276630e-19
1 May 2024 20:24:51.000        23.010                 1.499999                  -160.692               -135.714152     20.000000       87.907477          32000.000     12.8560       15.8663    7.696636e-19
1 May 2024 20:25:51.000        23.010                 1.499999                  -160.698               -135.720488     20.000000       87.901141          32000.000     12.8496       15.8599    8.147985e-19
1 May 2024 20:26:51.000        23.010                 1.499998                  -160.704               -135.726928     20.000000       87.894701          32000.000     12.8432       15.8535    8.633214e-19
1 May 2024 20:27:51.000        23.010                 1.499998                  -160.711               -135.733473     20.000000       87.888156          32000.000     12.8367       15.8470    9.155078e-19
1 May 2024 20:28:51.000        23.010                 1.499998                  -160.718               -135.740120     20.000000       87.881509          32000.000     12.8300       15.8403    9.716570e-19
1 May 2024 20:29:51.000        23.010                 1.499998                  -160.724               -135.746869     20.000000       87.874760          32000.000     12.8233       15.8336    1.032095e-18
1 May 2024 20:30:51.000        23.010                 1.499998                  -160.731               -135.753718     20.000000       87.867911          32000.000     12.8164       15.8267    1.097175e-18
1 May 2024 20:31:51.000        23.010                 1.499998                  -160.738               -135.760667     20.000000       87.860962          32000.000     12.8095       15.8198    1.167283e-18
1 May 2024 20:32:51.000        23.010                 1.499998                  -160.745               -135.767715     20.000000       87.853914          32000.000     12.8024       15.8127    1.242837e-18
1 May 2024 20:33:51.000        23.010                 1.499998                  -160.752               -135.774860     20.000000       87.846769          32000.000     12.7953       15.8056    1.324294e-18
1 May 2024 20:34:51.000        23.010                 1.499998                  -160.760               -135.782101     20.000000       87.839528          32000.000     12.7880       15.7983    1.412150e-18
1 May 2024 20:35:51.000        23.010                 1.499998                  -160.767               -135.789438     20.000000       87.832191          32000.000     12.7807       15.7910    1.506944e-18
1 May 2024 20:36:51.000        23.010                 1.499998                  -160.774               -135.796868     20.000000       87.824761          32000.000     12.7733       15.7836    1.609264e-18
1 May 2024 20:37:51.000        23.010                 1.499998                  -160.782               -135.804392     20.000000       87.817237          32000.000     12.7657       15.7760    1.719751e-18
1 May 2024 20:38:51.000        23.010                 1.499998                  -160.790               -135.812007     20.000000       87.809622          32000.000     12.7581       15.7684    1.839101e-18
1 May 2024 20:39:51.000        23.010                 1.499998                  -160.797               -135.819714     20.000000       87.801915          32000.000     12.7504       15.7607    1.968075e-18
1 May 2024 20:40:51.000        23.010                 1.499998                  -160.805               -135.827510     20.000000       87.794120          32000.000     12.7426       15.7529    2.107500e-18
1 May 2024 20:41:51.000        23.010                 1.499998                  -160.813               -135.835394     20.000000       87.786235          32000.000     12.7347       15.7450    2.258277e-18
1 May 2024 20:42:51.000        23.010                 1.499998                  -160.821               -135.843366     20.000000       87.778264          32000.000     12.7268       15.7371    2.421388e-18
1 May 2024 20:43:51.000        23.010                 1.499998                  -160.829               -135.851423     20.000000       87.770206          32000.000     12.7187       15.7290    2.597905e-18
1 May 2024 20:44:51.000        23.010                 1.499998                  -160.837               -135.859566     20.000000       87.762063          32000.000     12.7106       15.7209    2.788994e-18
1 May 2024 20:45:51.000        23.010                 1.499998                  -160.845               -135.867793     20.000000       87.753836          32000.000     12.7023       15.7126    2.995928e-18
1 May 2024 20:46:51.000        23.010                 1.499998                  -160.854               -135.876102     20.000000       87.745527          32000.000     12.6940       15.7043    3.220094e-18
1 May 2024 20:47:51.000        23.010                 1.499998                  -160.862               -135.884493     20.000000       87.737136          32000.000     12.6856       15.6959    3.463004e-18
1 May 2024 20:48:51.000        23.010                 1.499998                  -160.870               -135.892964     20.000000       87.728665          32000.000     12.6772       15.6875    3.726307e-18
1 May 2024 20:49:51.000        23.010                 1.499998                  -160.879               -135.901514     20.000000       87.720115          32000.000     12.6686       15.6789    4.011802e-18
1 May 2024 20:50:51.000        23.010                 1.499998                  -160.888               -135.910142     20.000000       87.711487          32000.000     12.6600       15.6703    4.321451e-18
1 May 2024 20:51:51.000        23.010                 1.499998                  -160.896               -135.918847     20.000000       87.702782          32000.000     12.6513       15.6616    4.657392e-18
1 May 2024 20:52:51.000        23.010                 1.499998                  -160.905               -135.927627     20.000000       87.694002          32000.000     12.6425       15.6528    5.021960e-18
1 May 2024 20:53:51.000        23.010                 1.499998                  -160.914               -135.936482     20.000000       87.685147          32000.000     12.6336       15.6439    5.417700e-18
1 May 2024 20:54:51.000        23.010                 1.499998                  -160.923               -135.945410     20.000000       87.676219          32000.000     12.6247       15.6350    5.847387e-18
1 May 2024 20:55:51.000        23.010                 1.499998                  -160.932               -135.954410     20.000000       87.667219          32000.000     12.6157       15.6260    6.314052e-18
1 May 2024 20:56:51.000        23.010                 1.499998                  -160.941               -135.963481     20.000000       87.658148          32000.000     12.6066       15.6169    6.820998e-18
1 May 2024 20:57:51.000        23.010                 1.499998                  -160.950               -135.972622     20.000000       87.649007          32000.000     12.5975       15.6078    7.371829e-18
1 May 2024 20:58:51.000        23.010                 1.499998                  -160.959               -135.981831     20.000000       87.639798          32000.000     12.5883       15.5986    7.970478e-18
1 May 2024 20:59:51.000        23.010                 1.499998                  -160.969               -135.991107     20.000000       87.630522          32000.000     12.5790       15.5893    8.621233e-18
1 May 2024 21:00:51.000        23.010                 1.499998                  -160.978               -136.000449     20.000000       87.621180          32000.000     12.5697       15.5800    9.328775e-18
1 May 2024 21:01:51.000        23.010                 1.499998                  -160.987               -136.009857     20.000000       87.611772          32000.000     12.5603       15.5706    1.009821e-17
1 May 2024 21:02:51.000        23.010                 1.499998                  -160.997               -136.019327     20.000000       87.602302          32000.000     12.5508       15.5611    1.093510e-17
1 May 2024 21:03:51.000        23.010                 1.499998                  -161.006               -136.028861     20.000000       87.592768          32000.000     12.5413       15.5516    1.184552e-17
1 May 2024 21:04:51.000        23.010                 1.499998                  -161.016               -136.038456     20.000000       87.583174          32000.000     12.5317       15.5420    1.283610e-17
1 May 2024 21:05:51.000        23.010                 1.499998                  -161.026               -136.048110     20.000000       87.573519          32000.000     12.5220       15.5323    1.391406e-17
1 May 2024 21:06:51.000        23.010                 1.499998                  -161.035               -136.057824     20.000000       87.563805          32000.000     12.5123       15.5226    1.508729e-17
1 May 2024 21:07:51.000        23.010                 1.499998                  -161.045               -136.067595     20.000000       87.554034          32000.000     12.5025       15.5128    1.636436e-17
1 May 2024 21:08:51.000        23.010                 1.499998                  -161.055               -136.077424     20.000000       87.544206          32000.000     12.4927       15.5030    1.775467e-17
1 May 2024 21:09:51.000        23.010                 1.499998                  -161.065               -136.087307     20.000000       87.534322          32000.000     12.4828       15.4931    1.926841e-17
1 May 2024 21:10:51.000        23.010                 1.499998                  -161.075               -136.097245     20.000000       87.524384          32000.000     12.4729       15.4832    2.091673e-17
1 May 2024 21:11:51.000        23.010                 1.499998                  -161.085               -136.107235     20.000000       87.514394          32000.000     12.4629       15.4732    2.271178e-17
1 May 2024 21:12:51.000        23.010                 1.499998                  -161.095               -136.117278     20.000000       87.504351          32000.000     12.4529       15.4632    2.466678e-17
1 May 2024 21:13:51.000        23.010                 1.499998                  -161.105               -136.127372     20.000000       87.494258          32000.000     12.4428       15.4531    2.679617e-17
1 May 2024 21:14:51.000        23.010                 1.499998                  -161.115               -136.137515     20.000000       87.484115          32000.000     12.4326       15.4429    2.911565e-17
1 May 2024 21:15:51.000        23.010                 1.499997                  -161.125               -136.147706     20.000000       87.473923          32000.000     12.4224       15.4327    3.164236e-17
1 May 2024 21:16:51.000        23.010                 1.499997                  -161.135               -136.157945     20.000000       87.463684          32000.000     12.4122       15.4225    3.439496e-17
1 May 2024 21:17:51.000        23.010                 1.499997                  -161.146               -136.168229     20.000000       87.453400          32000.000     12.4019       15.4122    3.739377e-17
1 May 2024 21:18:51.000        23.010                 1.499997                  -161.156               -136.178559     20.000000       87.443070          32000.000     12.3916       15.4019    4.066092e-17
1 May 2024 21:19:51.000        23.010                 1.499997                  -161.166               -136.188933     20.000000       87.432696          32000.000     12.3812       15.3915    4.422052e-17
1 May 2024 21:20:51.000        23.010                 1.499997                  -161.177               -136.199349     20.000000       87.422280          32000.000     12.3708       15.3811    4.809881e-17
1 May 2024 21:21:51.000        23.010                 1.499997                  -161.187               -136.209807     20.000000       87.411822          32000.000     12.3603       15.3706    5.232436e-17
1 May 2024 21:22:51.000        23.010                 1.499997                  -161.198               -136.220306     20.000000       87.401323          32000.000     12.3498       15.3601    5.692824e-17
1 May 2024 21:23:51.000        23.010                 1.499997                  -161.208               -136.230844     20.000000       87.390785          32000.000     12.3393       15.3496    6.194429e-17
1 May 2024 21:24:51.000        23.010                 1.499997                  -161.219               -136.241420     20.000000       87.380209          32000.000     12.3287       15.3390    6.740931e-17
1 May 2024 21:25:51.000        23.010                 1.499997                  -161.230               -136.252033     20.000000       87.369596          32000.000     12.3181       15.3284    7.336331e-17
1 May 2024 21:26:51.000        23.010                 1.499997                  -161.240               -136.262683     20.000000       87.358946          32000.000     12.3074       15.3177    7.984984e-17
1 May 2024 21:27:51.000        23.010                 1.499997                  -161.251               -136.273367     20.000000       87.348262          32000.000     12.2968       15.3071    8.691620e-17
1 May 2024 21:28:51.000        23.010                 1.499997                  -161.262               -136.284086     20.000000       87.337543          32000.000     12.2860       15.2963    9.461383e-17
1 May 2024 21:29:51.000        23.010                 1.499997                  -161.272               -136.294837     20.000000       87.326792          32000.000     12.2753       15.2856    1.029986e-16
1 May 2024 21:30:51.000        23.010                 1.499997                  -161.283               -136.305620     20.000000       87.316009          32000.000     12.2645       15.2748    1.121313e-16
1 May 2024 21:31:51.000        23.010                 1.499997                  -161.294               -136.316433     20.000000       87.305196          32000.000     12.2537       15.2640    1.220778e-16
1 May 2024 21:32:51.000        23.010                 1.499997                  -161.305               -136.327277     20.000000       87.294352          32000.000     12.2429       15.2532    1.329098e-16
1 May 2024 21:33:51.000        23.010                 1.499997                  -161.316               -136.338149     20.000000       87.283480          32000.000     12.2320       15.2423    1.447050e-16
1 May 2024 21:34:51.000        23.010                 1.499997                  -161.327               -136.349048     20.000000       87.272581          32000.000     12.2211       15.2314    1.575478e-16
1 May 2024 21:35:51.000        23.010                 1.499997                  -161.337               -136.359974     20.000000       87.261655          32000.000     12.2102       15.2205    1.715298e-16
1 May 2024 21:36:51.000        23.010                 1.499997                  -161.348               -136.370926     20.000000       87.250703          32000.000     12.1992       15.2095    1.867503e-16
1 May 2024 21:37:51.000        23.010                 1.499997                  -161.359               -136.381902     20.000000       87.239727          32000.000     12.1882       15.1985    2.033169e-16
1 May 2024 21:38:51.000        23.010                 1.499997                  -161.370               -136.392901     20.000000       87.228728          32000.000     12.1772       15.1875    2.213464e-16
1 May 2024 21:39:51.000        23.010                 1.499997                  -161.381               -136.403924     20.000000       87.217706          32000.000     12.1662       15.1765    2.409654e-16
1 May 2024 21:40:51.000        23.010                 1.499997                  -161.392               -136.414967     20.000000       87.206662          32000.000     12.1552       15.1655    2.623109e-16
1 May 2024 21:41:51.000        23.010                 1.499997                  -161.404               -136.426031     20.000000       87.195598          32000.000     12.1441       15.1544    2.855315e-16
1 May 2024 21:42:51.000        23.010                 1.499997                  -161.415               -136.437115     20.000000       87.184514          32000.000     12.1330       15.1433    3.107879e-16
1 May 2024 21:43:51.000        23.010                 1.499997                  -161.426               -136.448217     20.000000       87.173412          32000.000     12.1219       15.1322    3.382542e-16
1 May 2024 21:44:51.000        23.010                 1.499997                  -161.437               -136.459337     20.000000       87.162292          32000.000     12.1108       15.1211    3.681187e-16
1 May 2024 21:45:51.000        23.010                 1.499997                  -161.448               -136.470473     20.000000       87.151156          32000.000     12.0997       15.1100    4.005851e-16
1 May 2024 21:46:51.000        23.010                 1.499997                  -161.459               -136.481626     20.000000       87.140004          32000.000     12.0885       15.0988    4.358737e-16
1 May 2024 21:47:51.000        23.010                 1.499997                  -161.470               -136.492793     20.000000       87.128837          32000.000     12.0773       15.0876    4.742226e-16
1 May 2024 21:48:51.000        23.010                 1.499997                  -161.481               -136.503973     20.000000       87.117656          32000.000     12.0662       15.0765    5.158893e-16
1 May 2024 21:49:51.000        23.010                 1.499997                  -161.493               -136.515167     20.000000       87.106462          32000.000     12.0550       15.0653    5.611517e-16
1 May 2024 21:50:51.000        23.010                 1.499997                  -161.504               -136.526373     20.000000       87.095256          32000.000     12.0438       15.0541    6.103100e-16
1 May 2024 21:51:51.000        23.010                 1.499997                  -161.515               -136.537590     20.000000       87.084039          32000.000     12.0325       15.0428    6.636884e-16
1 May 2024 21:52:51.000        23.010                 1.499997                  -161.526               -136.548817     20.000000       87.072812          32000.000     12.0213       15.0316    7.216365e-16
1 May 2024 21:53:51.000        23.010                 1.499997                  -161.538               -136.560054     20.000000       87.061575          32000.000     12.0101       15.0204    7.845318e-16
1 May 2024 21:54:51.000        23.010                 1.499997                  -161.549               -136.571299     20.000000       87.050330          32000.000     11.9988       15.0091    8.527811e-16
1 May 2024 21:55:51.000        23.010                 1.499997                  -161.560               -136.582552     20.000000       87.039077          32000.000     11.9876       14.9979    9.268229e-16
1 May 2024 21:56:51.000        23.010                 1.499997                  -161.571               -136.593811     20.000000       87.027818          32000.000     11.9763       14.9866    1.007130e-15
1 May 2024 21:57:51.000        23.010                 1.499997                  -161.583               -136.605077     20.000000       87.016552          32000.000     11.9651       14.9754    1.094211e-15
1 May 2024 21:58:51.000        23.010                 1.499997                  -161.594               -136.616347     20.000000       87.005282          32000.000     11.9538       14.9641    1.188614e-15
1 May 2024 21:59:51.000        23.010                 1.499997                  -161.605               -136.627622     20.000000       86.994007          32000.000     11.9425       14.9528    1.290929e-15
1 May 2024 22:00:51.000        23.010                 1.499997                  -161.616               -136.638901     20.000000       86.982729          32000.000     11.9312       14.9415    1.401792e-15
1 May 2024 22:01:51.000        23.010                 1.499997                  -161.628               -136.650181     20.000000       86.971448          32000.000     11.9199       14.9302    1.521884e-15
1 May 2024 22:02:51.000        23.010                 1.499997                  -161.639               -136.661464     20.000000       86.960165          32000.000     11.9087       14.9190    1.651939e-15
1 May 2024 22:03:51.000        23.010                 1.499997                  -161.650               -136.672748     20.000000       86.948881          32000.000     11.8974       14.9077    1.792746e-15
1 May 2024 22:04:51.000        23.010                 1.499997                  -161.662               -136.684032     20.000000       86.937597          32000.000     11.8861       14.8964    1.945152e-15
1 May 2024 22:05:51.000        23.010                 1.499997                  -161.673               -136.695316     20.000000       86.926313          32000.000     11.8748       14.8851    2.110067e-15
1 May 2024 22:06:51.000        23.010                 1.499997                  -161.684               -136.706598     20.000000       86.915031          32000.000     11.8635       14.8738    2.288467e-15
1 May 2024 22:07:51.000        23.010                 1.499997                  -161.695               -136.717878     20.000000       86.903751          32000.000     11.8523       14.8626    2.481400e-15
1 May 2024 22:08:51.000        23.010                 1.499997                  -161.707               -136.729156     20.000000       86.892473          32000.000     11.8410       14.8513    2.689988e-15
1 May 2024 22:09:51.000        23.010                 1.499997                  -161.718               -136.740430     20.000000       86.881199          32000.000     11.8297       14.8400    2.915437e-15
1 May 2024 22:10:51.000        23.010                 1.499997                  -161.729               -136.751700     20.000000       86.869929          32000.000     11.8184       14.8287    3.159036e-15
1 May 2024 22:11:51.000        23.010                 1.499997                  -161.740               -136.762965     20.000000       86.858665          32000.000     11.8072       14.8175    3.422169e-15
1 May 2024 22:12:51.000        23.010                 1.499997                  -161.752               -136.774224     20.000000       86.847405          32000.000     11.7959       14.8062    3.706314e-15
1 May 2024 22:13:51.000        23.010                 1.499997                  -161.763               -136.785477     20.000000       86.836153          32000.000     11.7847       14.7950    4.013055e-15
1 May 2024 22:14:51.000        23.010                 1.499997                  -161.774               -136.796722     20.000000       86.824907          32000.000     11.7734       14.7837    4.344087e-15
1 May 2024 22:15:13.559        23.010                 1.499997                  -161.778               -136.800949     20.000000       86.820681          32000.000     11.7692       14.7795    4.475197e-15

      Time (UTCG)          EIRP (dBW)    Rcvd. Frequency (GHz)    Rcvd. Iso. Power (dBW)    Flux Density (dBW/m^2)    g/T (dB/K)    C/No (dB*Hz)    Bandwidth (kHz)    C/N (dB)    Eb/No (dB)         BER    
-----------------------    ----------    ---------------------    ----------------------    ----------------------    ----------    ------------    ---------------    --------    ----------    ------------
2 May 2024 09:19:42.263        23.010                 1.500003                  -161.845               -136.867908     20.000000       86.753721          32000.000     11.7022       14.7125    7.141248e-15
2 May 2024 09:20:42.000        23.010                 1.500003                  -161.835               -136.857197     20.000000       86.764432          32000.000     11.7129       14.7232    6.630032e-15
2 May 2024 09:21:42.000        23.010                 1.500003                  -161.824               -136.846467     20.000000       86.775162          32000.000     11.7237       14.7340    6.153443e-15
2 May 2024 09:22:42.000        23.010                 1.500003                  -161.813               -136.835764     20.000000       86.785865          32000.000     11.7344       14.7447    5.711203e-15
2 May 2024 09:23:42.000        23.010                 1.500003                  -161.803               -136.825092     20.000000       86.796538          32000.000     11.7450       14.7553    5.300877e-15
2 May 2024 09:24:42.000        23.010                 1.500003                  -161.792               -136.814449     20.000000       86.807180          32000.000     11.7557       14.7660    4.920196e-15
2 May 2024 09:25:42.000        23.010                 1.500003                  -161.781               -136.803838     20.000000       86.817791          32000.000     11.7663       14.7766    4.567047e-15
2 May 2024 09:26:42.000        23.010                 1.500003                  -161.771               -136.793260     20.000000       86.828369          32000.000     11.7769       14.7872    4.239463e-15
2 May 2024 09:27:42.000        23.010                 1.500003                  -161.760               -136.782716     20.000000       86.838913          32000.000     11.7874       14.7977    3.935614e-15
2 May 2024 09:28:42.000        23.010                 1.500003                  -161.750               -136.772207     20.000000       86.849422          32000.000     11.7979       14.8082    3.653798e-15
2 May 2024 09:29:42.000        23.010                 1.500003                  -161.739               -136.761734     20.000000       86.859895          32000.000     11.8084       14.8187    3.392431e-15
2 May 2024 09:30:42.000        23.010                 1.500003                  -161.729               -136.751299     20.000000       86.870330          32000.000     11.8188       14.8291    3.150041e-15
2 May 2024 09:31:42.000        23.010                 1.500003                  -161.718               -136.740902     20.000000       86.880728          32000.000     11.8292       14.8395    2.925257e-15
2 May 2024 09:32:42.000        23.010                 1.500003                  -161.708               -136.730544     20.000000       86.891085          32000.000     11.8396       14.8499    2.716808e-15
2 May 2024 09:33:42.000        23.010                 1.500003                  -161.698               -136.720227     20.000000       86.901402          32000.000     11.8499       14.8602    2.523511e-15
2 May 2024 09:34:42.000        23.010                 1.500003                  -161.687               -136.709952     20.000000       86.911677          32000.000     11.8602       14.8705    2.344267e-15
2 May 2024 09:35:42.000        23.010                 1.500003                  -161.677               -136.699721     20.000000       86.921908          32000.000     11.8704       14.8807    2.178055e-15
2 May 2024 09:36:42.000        23.010                 1.500003                  -161.667               -136.689533     20.000000       86.932096          32000.000     11.8806       14.8909    2.023929e-15
2 May 2024 09:37:42.000        23.010                 1.500003                  -161.657               -136.679391     20.000000       86.942238          32000.000     11.8907       14.9010    1.881007e-15
2 May 2024 09:38:42.000        23.010                 1.500003                  -161.647               -136.669296     20.000000       86.952334          32000.000     11.9008       14.9111    1.748473e-15
2 May 2024 09:39:42.000        23.010                 1.500003                  -161.637               -136.659248     20.000000       86.962381          32000.000     11.9109       14.9212    1.625570e-15
2 May 2024 09:40:42.000        23.010                 1.500003                  -161.627               -136.649249     20.000000       86.972380          32000.000     11.9209       14.9312    1.511593e-15
2 May 2024 09:41:42.000        23.010                 1.500003                  -161.617               -136.639301     20.000000       86.982328          32000.000     11.9308       14.9411    1.405890e-15
2 May 2024 09:42:42.000        23.010                 1.500003                  -161.607               -136.629403     20.000000       86.992226          32000.000     11.9407       14.9510    1.307855e-15
2 May 2024 09:43:42.000        23.010                 1.500003                  -161.597               -136.619559     20.000000       87.002070          32000.000     11.9506       14.9609    1.216927e-15
2 May 2024 09:44:42.000        23.010                 1.500003                  -161.587               -136.609768     20.000000       87.011861          32000.000     11.9604       14.9707    1.132585e-15
2 May 2024 09:45:42.000        23.010                 1.500003                  -161.578               -136.600032     20.000000       87.021597          32000.000     11.9701       14.9804    1.054347e-15
2 May 2024 09:46:42.000        23.010                 1.500002                  -161.568               -136.590352     20.000000       87.031277          32000.000     11.9798       14.9901    9.817639e-16
2 May 2024 09:47:42.000        23.010                 1.500002                  -161.558               -136.580729     20.000000       87.040900          32000.000     11.9894       14.9997    9.144218e-16
2 May 2024 09:48:42.000        23.010                 1.500002                  -161.549               -136.571165     20.000000       87.050464          32000.000     11.9990       15.0093    8.519359e-16
2 May 2024 09:49:42.000        23.010                 1.500002                  -161.539               -136.561661     20.000000       87.059968          32000.000     12.0085       15.0188    7.939497e-16
2 May 2024 09:50:42.000        23.010                 1.500002                  -161.530               -136.552217     20.000000       87.069412          32000.000     12.0179       15.0282    7.401331e-16
2 May 2024 09:51:42.000        23.010                 1.500002                  -161.520               -136.542836     20.000000       87.078793          32000.000     12.0273       15.0376    6.901801e-16
2 May 2024 09:52:42.000        23.010                 1.500002                  -161.511               -136.533518     20.000000       87.088111          32000.000     12.0366       15.0469    6.438071e-16
2 May 2024 09:53:42.000        23.010                 1.500002                  -161.502               -136.524264     20.000000       87.097365          32000.000     12.0459       15.0562    6.007516e-16
2 May 2024 09:54:42.000        23.010                 1.500002                  -161.493               -136.515077     20.000000       87.106552          32000.000     12.0551       15.0654    5.607703e-16
2 May 2024 09:55:42.000        23.010                 1.500002                  -161.483               -136.505956     20.000000       87.115673          32000.000     12.0642       15.0745    5.236380e-16
2 May 2024 09:56:42.000        23.010                 1.500002                  -161.474               -136.496903     20.000000       87.124726          32000.000     12.0732       15.0835    4.891460e-16
2 May 2024 09:57:42.000        23.010                 1.500002                  -161.465               -136.487919     20.000000       87.133710          32000.000     12.0822       15.0925    4.571009e-16
2 May 2024 09:58:42.000        23.010                 1.500002                  -161.457               -136.479006     20.000000       87.142623          32000.000     12.0911       15.1014    4.273240e-16
2 May 2024 09:59:42.000        23.010                 1.500002                  -161.448               -136.470165     20.000000       87.151464          32000.000     12.1000       15.1103    3.996493e-16
2 May 2024 10:00:42.000        23.010                 1.500002                  -161.439               -136.461396     20.000000       87.160233          32000.000     12.1087       15.1190    3.739236e-16
2 May 2024 10:01:42.000        23.010                 1.500002                  -161.430               -136.452702     20.000000       87.168927          32000.000     12.1174       15.1277    3.500046e-16
2 May 2024 10:02:42.000        23.010                 1.500002                  -161.422               -136.444082     20.000000       87.177547          32000.000     12.1260       15.1363    3.277608e-16
2 May 2024 10:03:42.000        23.010                 1.500002                  -161.413               -136.435540     20.000000       87.186090          32000.000     12.1346       15.1449    3.070704e-16
2 May 2024 10:04:42.000        23.010                 1.500002                  -161.405               -136.427074     20.000000       87.194555          32000.000     12.1431       15.1534    2.878206e-16
2 May 2024 10:05:42.000        23.010                 1.500002                  -161.396               -136.418688     20.000000       87.202942          32000.000     12.1514       15.1617    2.699069e-16
2 May 2024 10:06:42.000        23.010                 1.500002                  -161.388               -136.410381     20.000000       87.211248          32000.000     12.1597       15.1700    2.532325e-16
2 May 2024 10:07:42.000        23.010                 1.500002                  -161.380               -136.402155     20.000000       87.219474          32000.000     12.1680       15.1783    2.377079e-16
2 May 2024 10:08:42.000        23.010                 1.500002                  -161.372               -136.394012     20.000000       87.227617          32000.000     12.1761       15.1864    2.232502e-16
2 May 2024 10:09:42.000        23.010                 1.500002                  -161.363               -136.385952     20.000000       87.235677          32000.000     12.1842       15.1945    2.097826e-16
2 May 2024 10:10:42.000        23.010                 1.500002                  -161.355               -136.377976     20.000000       87.243653          32000.000     12.1922       15.2025    1.972339e-16
2 May 2024 10:11:42.000        23.010                 1.500002                  -161.348               -136.370086     20.000000       87.251543          32000.000     12.2000       15.2103    1.855383e-16
2 May 2024 10:12:42.000        23.010                 1.500002                  -161.340               -136.362283     20.000000       87.259346          32000.000     12.2078       15.2181    1.746347e-16
2 May 2024 10:13:42.000        23.010                 1.500002                  -161.332               -136.354568     20.000000       87.267061          32000.000     12.2156       15.2259    1.644668e-16
2 May 2024 10:14:42.000        23.010                 1.500002                  -161.324               -136.346941     20.000000       87.274688          32000.000     12.2232       15.2335    1.549820e-16
2 May 2024 10:15:42.000        23.010                 1.500002                  -161.317               -136.339405     20.000000       87.282224          32000.000     12.2307       15.2410    1.461320e-16
2 May 2024 10:16:42.000        23.010                 1.500002                  -161.309               -136.331960     20.000000       87.289669          32000.000     12.2382       15.2485    1.378718e-16
2 May 2024 10:17:42.000        23.010                 1.500002                  -161.302               -136.324607     20.000000       87.297022          32000.000     12.2455       15.2558    1.301598e-16
2 May 2024 10:18:42.000        23.010                 1.500002                  -161.295               -136.317348     20.000000       87.304281          32000.000     12.2528       15.2631    1.229574e-16
2 May 2024 10:19:42.000        23.010                 1.500002                  -161.288               -136.310183     20.000000       87.311446          32000.000     12.2599       15.2702    1.162289e-16
2 May 2024 10:20:42.000        23.010                 1.500002                  -161.281               -136.303114     20.000000       87.318515          32000.000     12.2670       15.2773    1.099412e-16
2 May 2024 10:21:42.000        23.010                 1.500002                  -161.274               -136.296141     20.000000       87.325488          32000.000     12.2740       15.2843    1.040635e-16
2 May 2024 10:22:42.000        23.010                 1.500002                  -161.267               -136.289266     20.000000       87.332363          32000.000     12.2809       15.2912    9.856750e-17
2 May 2024 10:23:42.000        23.010                 1.500002                  -161.260               -136.282489     20.000000       87.339140          32000.000     12.2876       15.2979    9.342667e-17
2 May 2024 10:24:42.000        23.010                 1.500002                  -161.253               -136.275812     20.000000       87.345817          32000.000     12.2943       15.3046    8.861658e-17
2 May 2024 10:25:42.000        23.010                 1.500002                  -161.247               -136.269236     20.000000       87.352393          32000.000     12.3009       15.3112    8.411455e-17
2 May 2024 10:26:42.000        23.010                 1.500002                  -161.240               -136.262761     20.000000       87.358868          32000.000     12.3074       15.3177    7.989953e-17
2 May 2024 10:27:42.000        23.010                 1.500002                  -161.234               -136.256389     20.000000       87.365240          32000.000     12.3137       15.3240    7.595198e-17
2 May 2024 10:28:42.000        23.010                 1.500002                  -161.228               -136.250121     20.000000       87.371508          32000.000     12.3200       15.3303    7.225379e-17
2 May 2024 10:29:42.000        23.010                 1.500002                  -161.221               -136.243957     20.000000       87.377672          32000.000     12.3262       15.3365    6.878816e-17
2 May 2024 10:30:42.000        23.010                 1.500001                  -161.215               -136.237898     20.000000       87.383731          32000.000     12.3322       15.3425    6.553947e-17
2 May 2024 10:31:42.000        23.010                 1.500001                  -161.209               -136.231946     20.000000       87.389683          32000.000     12.3382       15.3485    6.249325e-17
2 May 2024 10:32:42.000        23.010                 1.500001                  -161.204               -136.226102     20.000000       87.395527          32000.000     12.3440       15.3543    5.963605e-17
2 May 2024 10:33:42.000        23.010                 1.500001                  -161.198               -136.220365     20.000000       87.401264          32000.000     12.3498       15.3601    5.695539e-17
2 May 2024 10:34:42.000        23.010                 1.500001                  -161.192               -136.214738     20.000000       87.406891          32000.000     12.3554       15.3657    5.443967e-17
2 May 2024 10:35:42.000        23.010                 1.500001                  -161.187               -136.209221     20.000000       87.412408          32000.000     12.3609       15.3712    5.207812e-17
2 May 2024 10:36:42.000        23.010                 1.500001                  -161.181               -136.203815     20.000000       87.417815          32000.000     12.3663       15.3766    4.986073e-17
2 May 2024 10:37:42.000        23.010                 1.500001                  -161.176               -136.198520     20.000000       87.423109          32000.000     12.3716       15.3819    4.777822e-17
2 May 2024 10:38:42.000        23.010                 1.500001                  -161.171               -136.193338     20.000000       87.428291          32000.000     12.3768       15.3871    4.582194e-17
2 May 2024 10:39:42.000        23.010                 1.500001                  -161.166               -136.188269     20.000000       87.433360          32000.000     12.3819       15.3922    4.398387e-17
2 May 2024 10:40:42.000        23.010                 1.500001                  -161.161               -136.183314     20.000000       87.438315          32000.000     12.3868       15.3971    4.225653e-17
2 May 2024 10:41:42.000        23.010                 1.500001                  -161.156               -136.178474     20.000000       87.443155          32000.000     12.3917       15.4020    4.063300e-17
2 May 2024 10:42:42.000        23.010                 1.500001                  -161.151               -136.173750     20.000000       87.447879          32000.000     12.3964       15.4067    3.910681e-17
2 May 2024 10:43:42.000        23.010                 1.500001                  -161.147               -136.169143     20.000000       87.452487          32000.000     12.4010       15.4113    3.767197e-17
2 May 2024 10:44:42.000        23.010                 1.500001                  -161.142               -136.164652     20.000000       87.456977          32000.000     12.4055       15.4158    3.632291e-17
2 May 2024 10:45:42.000        23.010                 1.500001                  -161.138               -136.160279     20.000000       87.461350          32000.000     12.4099       15.4202    3.505442e-17
2 May 2024 10:46:42.000        23.010                 1.500001                  -161.134               -136.156025     20.000000       87.465604          32000.000     12.4141       15.4244    3.386169e-17
2 May 2024 10:47:42.000        23.010                 1.500001                  -161.129               -136.151890     20.000000       87.469739          32000.000     12.4182       15.4285    3.274023e-17
2 May 2024 10:48:42.000        23.010                 1.500001                  -161.125               -136.147874     20.000000       87.473755          32000.000     12.4223       15.4326    3.168584e-17
2 May 2024 10:49:42.000        23.010                 1.500001                  -161.121               -136.143979     20.000000       87.477650          32000.000     12.4261       15.4364    3.069466e-17
2 May 2024 10:50:42.000        23.010                 1.500001                  -161.118               -136.140205     20.000000       87.481424          32000.000     12.4299       15.4402    2.976307e-17
2 May 2024 10:51:42.000        23.010                 1.500001                  -161.114               -136.136553     20.000000       87.485076          32000.000     12.4336       15.4439    2.888770e-17
2 May 2024 10:52:42.000        23.010                 1.500001                  -161.111               -136.133023     20.000000       87.488606          32000.000     12.4371       15.4474    2.806543e-17
2 May 2024 10:53:42.000        23.010                 1.500001                  -161.107               -136.129616     20.000000       87.492013          32000.000     12.4405       15.4508    2.729335e-17
2 May 2024 10:54:42.000        23.010                 1.500001                  -161.104               -136.126332     20.000000       87.495298          32000.000     12.4438       15.4541    2.656877e-17
2 May 2024 10:55:42.000        23.010                 1.500001                  -161.101               -136.123171     20.000000       87.498458          32000.000     12.4470       15.4573    2.588917e-17
2 May 2024 10:56:42.000        23.010                 1.500001                  -161.098               -136.120135     20.000000       87.501494          32000.000     12.4500       15.4603    2.525221e-17
2 May 2024 10:57:42.000        23.010                 1.500001                  -161.095               -136.117224     20.000000       87.504405          32000.000     12.4529       15.4632    2.465574e-17
2 May 2024 10:58:42.000        23.010                 1.500001                  -161.092               -136.114437     20.000000       87.507192          32000.000     12.4557       15.4660    2.409775e-17
2 May 2024 10:59:42.000        23.010                 1.500001                  -161.089               -136.111776     20.000000       87.509853          32000.000     12.4584       15.4687    2.357636e-17
2 May 2024 11:00:42.000        23.010                 1.500001                  -161.087               -136.109242     20.000000       87.512387          32000.000     12.4609       15.4712    2.308987e-17
2 May 2024 11:01:42.000        23.010                 1.500001                  -161.084               -136.106833     20.000000       87.514796          32000.000     12.4633       15.4736    2.263667e-17
2 May 2024 11:02:42.000        23.010                 1.500001                  -161.082               -136.104551     20.000000       87.517078          32000.000     12.4656       15.4759    2.221528e-17
2 May 2024 11:03:42.000        23.010                 1.500001                  -161.080               -136.102396     20.000000       87.519233          32000.000     12.4677       15.4780    2.182435e-17
2 May 2024 11:04:42.000        23.010                 1.500000                  -161.078               -136.100368     20.000000       87.521261          32000.000     12.4698       15.4801    2.146262e-17
2 May 2024 11:05:42.000        23.010                 1.500000                  -161.076               -136.098468     20.000000       87.523161          32000.000     12.4717       15.4820    2.112894e-17
2 May 2024 11:06:42.000        23.010                 1.500000                  -161.074               -136.096696     20.000000       87.524933          32000.000     12.4734       15.4837    2.082226e-17
2 May 2024 11:07:42.000        23.010                 1.500000                  -161.073               -136.095052     20.000000       87.526577          32000.000     12.4751       15.4854    2.054160e-17
2 May 2024 11:08:42.000        23.010                 1.500000                  -161.071               -136.093536     20.000000       87.528093          32000.000     12.4766       15.4869    2.028610e-17
2 May 2024 11:09:42.000        23.010                 1.500000                  -161.070               -136.092148     20.000000       87.529481          32000.000     12.4780       15.4883    2.005495e-17
2 May 2024 11:10:42.000        23.010                 1.500000                  -161.068               -136.090889     20.000000       87.530740          32000.000     12.4792       15.4895    1.984744e-17
2 May 2024 11:11:42.000        23.010                 1.500000                  -161.067               -136.089759     20.000000       87.531870          32000.000     12.4804       15.4907    1.966292e-17
2 May 2024 11:12:42.000        23.010                 1.500000                  -161.066               -136.088757     20.000000       87.532872          32000.000     12.4814       15.4917    1.950083e-17
2 May 2024 11:13:42.000        23.010                 1.500000                  -161.065               -136.087885     20.000000       87.533744          32000.000     12.4822       15.4925    1.936066e-17
2 May 2024 11:14:42.000        23.010                 1.500000                  -161.065               -136.087141     20.000000       87.534488          32000.000     12.4830       15.4933    1.924199e-17
2 May 2024 11:15:42.000        23.010                 1.500000                  -161.064               -136.086527     20.000000       87.535103          32000.000     12.4836       15.4939    1.914445e-17
2 May 2024 11:16:42.000        23.010                 1.500000                  -161.064               -136.086041     20.000000       87.535588          32000.000     12.4841       15.4944    1.906773e-17
2 May 2024 11:17:42.000        23.010                 1.500000                  -161.063               -136.085685     20.000000       87.535945          32000.000     12.4844       15.4947    1.901159e-17
2 May 2024 11:18:42.000        23.010                 1.500000                  -161.063               -136.085457     20.000000       87.536172          32000.000     12.4847       15.4950    1.897585e-17
2 May 2024 11:19:42.000        23.010                 1.500000                  -161.063               -136.085359     20.000000       87.536271          32000.000     12.4848       15.4951    1.896039e-17
2 May 2024 11:20:42.000        23.010                 1.500000                  -161.063               -136.085389     20.000000       87.536240          32000.000     12.4847       15.4950    1.896515e-17
2 May 2024 11:21:42.000        23.010                 1.500000                  -161.063               -136.085548     20.000000       87.536081          32000.000     12.4846       15.4949    1.899013e-17
2 May 2024 11:22:42.000        23.010                 1.500000                  -161.063               -136.085836     20.000000       87.535793          32000.000     12.4843       15.4946    1.903538e-17
2 May 2024 11:23:42.000        23.010                 1.500000                  -161.064               -136.086252     20.000000       87.535377          32000.000     12.4839       15.4942    1.910103e-17
2 May 2024 11:24:42.000        23.010                 1.500000                  -161.064               -136.086797     20.000000       87.534833          32000.000     12.4833       15.4936    1.918724e-17
2 May 2024 11:25:42.000        23.010                 1.500000                  -161.065               -136.087469     20.000000       87.534160          32000.000     12.4827       15.4930    1.929426e-17
2 May 2024 11:26:42.000        23.010                 1.500000                  -161.066               -136.088270     20.000000       87.533359          32000.000     12.4819       15.4922    1.942238e-17
2 May 2024 11:27:42.000        23.010                 1.500000                  -161.067               -136.089198     20.000000       87.532431          32000.000     12.4809       15.4912    1.957196e-17
2 May 2024 11:28:42.000        23.010                 1.500000                  -161.068               -136.090253     20.000000       87.531376          32000.000     12.4799       15.4902    1.974343e-17
2 May 2024 11:29:42.000        23.010                 1.500000                  -161.069               -136.091436     20.000000       87.530193          32000.000     12.4787       15.4890    1.993727e-17
2 May 2024 11:30:42.000        23.010                 1.500000                  -161.070               -136.092745     20.000000       87.528884          32000.000     12.4774       15.4877    2.015405e-17
2 May 2024 11:31:42.000        23.010                 1.500000                  -161.072               -136.094181     20.000000       87.527449          32000.000     12.4759       15.4862    2.039439e-17
2 May 2024 11:32:42.000        23.010                 1.500000                  -161.073               -136.095742     20.000000       87.525887          32000.000     12.4744       15.4847    2.065899e-17
2 May 2024 11:33:42.000        23.010                 1.500000                  -161.075               -136.097429     20.000000       87.524200          32000.000     12.4727       15.4830    2.094863e-17
2 May 2024 11:34:42.000        23.010                 1.500000                  -161.077               -136.099242     20.000000       87.522387          32000.000     12.4709       15.4812    2.126416e-17
2 May 2024 11:35:42.000        23.010                 1.500000                  -161.079               -136.101179     20.000000       87.520450          32000.000     12.4690       15.4793    2.160652e-17
2 May 2024 11:36:42.000        23.010                 1.499999                  -161.081               -136.103241     20.000000       87.518388          32000.000     12.4669       15.4772    2.197674e-17
2 May 2024 11:37:42.000        23.010                 1.499999                  -161.083               -136.105426     20.000000       87.516203          32000.000     12.4647       15.4750    2.237593e-17
2 May 2024 11:38:42.000        23.010                 1.499999                  -161.085               -136.107735     20.000000       87.513894          32000.000     12.4624       15.4727    2.280531e-17
2 May 2024 11:39:42.000        23.010                 1.499999                  -161.088               -136.110166     20.000000       87.511463          32000.000     12.4600       15.4703    2.326618e-17
2 May 2024 11:40:42.000        23.010                 1.499999                  -161.090               -136.112720     20.000000       87.508909          32000.000     12.4574       15.4677    2.375997e-17
2 May 2024 11:41:42.000        23.010                 1.499999                  -161.093               -136.115395     20.000000       87.506234          32000.000     12.4547       15.4650    2.428822e-17
2 May 2024 11:42:42.000        23.010                 1.499999                  -161.096               -136.118192     20.000000       87.503437          32000.000     12.4519       15.4622    2.485257e-17
2 May 2024 11:43:42.000        23.010                 1.499999                  -161.099               -136.121109     20.000000       87.500520          32000.000     12.4490       15.4593    2.545482e-17
2 May 2024 11:44:42.000        23.010                 1.499999                  -161.102               -136.124146     20.000000       87.497483          32000.000     12.4460       15.4563    2.609688e-17
2 May 2024 11:45:42.000        23.010                 1.499999                  -161.105               -136.127302     20.000000       87.494328          32000.000     12.4428       15.4531    2.678081e-17
2 May 2024 11:46:42.000        23.010                 1.499999                  -161.108               -136.130576     20.000000       87.491053          32000.000     12.4396       15.4499    2.750883e-17
2 May 2024 11:47:42.000        23.010                 1.499999                  -161.111               -136.133968     20.000000       87.487661          32000.000     12.4362       15.4465    2.828333e-17
2 May 2024 11:48:42.000        23.010                 1.499999                  -161.115               -136.137478     20.000000       87.484152          32000.000     12.4327       15.4430    2.910686e-17
2 May 2024 11:49:42.000        23.010                 1.499999                  -161.119               -136.141103     20.000000       87.480526          32000.000     12.4290       15.4393    2.998216e-17
2 May 2024 11:50:42.000        23.010                 1.499999                  -161.122               -136.144844     20.000000       87.476785          32000.000     12.4253       15.4356    3.091217e-17
2 May 2024 11:51:42.000        23.010                 1.499999                  -161.126               -136.148700     20.000000       87.472929          32000.000     12.4214       15.4317    3.190006e-17
2 May 2024 11:52:42.000        23.010                 1.499999                  -161.130               -136.152671     20.000000       87.468959          32000.000     12.4175       15.4278    3.294919e-17
2 May 2024 11:53:42.000        23.010                 1.499999                  -161.134               -136.156754     20.000000       87.464875          32000.000     12.4134       15.4237    3.406321e-17
2 May 2024 11:54:42.000        23.010                 1.499999                  -161.138               -136.160949     20.000000       87.460680          32000.000     12.4092       15.4195    3.524600e-17
2 May 2024 11:55:42.000        23.010                 1.499999                  -161.143               -136.165256     20.000000       87.456373          32000.000     12.4049       15.4152    3.650172e-17
2 May 2024 11:56:42.000        23.010                 1.499999                  -161.147               -136.169674     20.000000       87.451955          32000.000     12.4005       15.4108    3.783483e-17
2 May 2024 11:57:42.000        23.010                 1.499999                  -161.152               -136.174202     20.000000       87.447428          32000.000     12.3959       15.4062    3.925014e-17
2 May 2024 11:58:42.000        23.010                 1.499999                  -161.156               -136.178838     20.000000       87.442791          32000.000     12.3913       15.4016    4.075275e-17
2 May 2024 11:59:42.000        23.010                 1.499999                  -161.161               -136.183582     20.000000       87.438047          32000.000     12.3865       15.3968    4.234817e-17
2 May 2024 12:00:42.000        23.010                 1.499999                  -161.166               -136.188433     20.000000       87.433196          32000.000     12.3817       15.3920    4.404229e-17
2 May 2024 12:01:42.000        23.010                 1.499999                  -161.171               -136.193390     20.000000       87.428239          32000.000     12.3767       15.3870    4.584142e-17
2 May 2024 12:02:42.000        23.010                 1.499999                  -161.176               -136.198453     20.000000       87.423176          32000.000     12.3717       15.3820    4.775232e-17
2 May 2024 12:03:42.000        23.010                 1.499999                  -161.181               -136.203619     20.000000       87.418010          32000.000     12.3665       15.3768    4.978225e-17
2 May 2024 12:04:42.000        23.010                 1.499999                  -161.186               -136.208888     20.000000       87.412741          32000.000     12.3612       15.3715    5.193898e-17
2 May 2024 12:05:42.000        23.010                 1.499999                  -161.192               -136.214260     20.000000       87.407369          32000.000     12.3559       15.3662    5.423083e-17
2 May 2024 12:06:42.000        23.010                 1.499999                  -161.197               -136.219732     20.000000       87.401897          32000.000     12.3504       15.3607    5.666675e-17
2 May 2024 12:07:42.000        23.010                 1.499999                  -161.203               -136.225305     20.000000       87.396325          32000.000     12.3448       15.3551    5.925631e-17
2 May 2024 12:08:42.000        23.010                 1.499999                  -161.208               -136.230976     20.000000       87.390653          32000.000     12.3392       15.3495    6.200978e-17
2 May 2024 12:09:42.000        23.010                 1.499999                  -161.214               -136.236745     20.000000       87.384884          32000.000     12.3334       15.3437    6.493816e-17
2 May 2024 12:10:42.000        23.010                 1.499999                  -161.220               -136.242611     20.000000       87.379018          32000.000     12.3275       15.3378    6.805326e-17
2 May 2024 12:11:21.158        23.010                 1.499999                  -161.224               -136.246491     20.000000       87.375138          32000.000     12.3236       15.3339    7.019297e-17
