                                               30 Sep 2025 09:53:53
FigureOfMerit-FigureOfMerit1


                        Coverage Properties                        
-------------------------------------------------------------------
Custom Regions Coverage                                            
Grid Altitude: 0.0030 (km)                                         
Ground Altitude set from grid altitude reference (On ellipsoid)    
Resolution: 0.0180 (deg)                                           
Number of Points: 2916                                             
Assets required for a valid access: At Least 1                     
Assigned Assets:                                                   
    Missile/TestMissile/Transmitter/DLTx:    Active                
Access Interval: 1 May 2024 18:00:00.000 to 1 May 2024 18:05:00.000
Regional Acceleration: Automatic                                   
Light time delay: Ignored                                          
Maximum Sampling Time Step: 360.000 secs                           
Minimum Sampling Time Step: 0.010 secs                             
Time Convergence: 5.000e-03 secs                                   
Value Convergence: Relative 1.000e-08 - Absolute 1.000e-14         


                FOM Properties               
---------------------------------------------
Maximum C/N                                  
Maximum of Assets                            
Satisfaction is not enabled                  
Invalid Data Indicator Value: -9999.990000 dB
FOM value range check is not enabled.        



Time (UTCG): 1 May 2024 18:02:25.000
------------------------------------

Latitude (deg)    Longitude (deg)    FOM Value (dB)
--------------    ---------------    --------------
        32.108            253.262            6.7579
        32.108            253.286            6.7983
        32.108            253.310            6.8366
        32.108            253.334            6.8728
        32.108            253.358            6.9069
        32.108            253.382            6.9388
        32.108            253.406            6.9684
        32.108            253.431            6.9957
        32.108            253.455            7.0206
        32.108            253.479            7.0431
        32.108            253.503            7.0633
        32.108            253.527            7.0809
        32.108            253.551            7.0960
        32.108            253.575            7.1087
        32.108            253.599            7.1187
        32.108            253.623            7.1263
        32.108            253.647            7.1312
        32.108            253.671            7.1335
        32.108            253.695            7.1333
        32.108            253.719            7.1305
        32.108            253.744            7.1250
        32.108            253.768            7.1171
        32.108            253.792            7.1065
        32.108            253.816            7.0934
        32.108            253.840            7.0778
        32.108            253.864            7.0597
        32.108            253.888            7.0391
        32.124            253.262            6.8280
        32.124            253.286            6.8690
        32.124            253.310            6.9079
        32.124            253.334            6.9447
        32.124            253.358            6.9794
        32.124            253.382            7.0118
        32.124            253.406            7.0419
        32.124            253.431            7.0696
        32.124            253.455            7.0950
        32.124            253.479            7.1179
        32.124            253.503            7.1384
        32.124            253.527            7.1563
        32.124            253.551            7.1717
        32.124            253.575            7.1846
        32.124            253.599            7.1948
        32.124            253.623            7.2025
        32.124            253.647            7.2075
        32.124            253.671            7.2099
        32.124            253.695            7.2096
        32.124            253.719            7.2068
        32.124            253.744            7.2012
        32.124            253.768            7.1931
        32.124            253.792            7.1824
        32.124            253.816            7.1690
        32.124            253.840            7.1532
        32.124            253.864            7.1347
        32.124            253.888            7.1138
        32.140            253.262            6.8976
        32.140            253.286            6.9393
        32.140            253.310            6.9789
        32.140            253.334            7.0163
        32.140            253.358            7.0515
        32.140            253.382            7.0845
        32.140            253.406            7.1151
        32.140            253.431            7.1433
        32.140            253.455            7.1691
        32.140            253.479            7.1924
        32.140            253.503            7.2132
        32.140            253.527            7.2315
        32.140            253.551            7.2471
        32.140            253.575            7.2602
        32.140            253.599            7.2706
        32.140            253.623            7.2784
        32.140            253.647            7.2835
        32.140            253.671            7.2860
        32.140            253.695            7.2857
        32.140            253.719            7.2828
        32.140            253.744            7.2772
        32.140            253.768            7.2689
        32.140            253.792            7.2580
        32.140            253.816            7.2444
        32.140            253.840            7.2282
        32.140            253.864            7.2095
        32.140            253.888            7.1882
        32.156            253.262            6.9669
        32.156            253.286            7.0093
        32.156            253.310            7.0495
        32.156            253.334            7.0875
        32.156            253.358            7.1233
        32.156            253.382            7.1568
        32.156            253.406            7.1879
        32.156            253.431            7.2166
        32.156            253.455            7.2428
        32.156            253.479            7.2666
        32.156            253.503            7.2877
        32.156            253.527            7.3063
        32.156            253.551            7.3222
        32.156            253.575            7.3355
        32.156            253.599            7.3461
        32.156            253.623            7.3541
        32.156            253.647            7.3593
        32.156            253.671            7.3617
        32.156            253.695            7.3615
        32.156            253.719            7.3585
        32.156            253.744            7.3528
        32.156            253.768            7.3444
        32.156            253.792            7.3332
        32.156            253.816            7.3195
        32.156            253.840            7.3030
        32.156            253.864            7.2840
        32.156            253.888            7.2623
        32.172            253.262            7.0358
        32.172            253.286            7.0788
        32.172            253.310            7.1197
        32.172            253.334            7.1583
        32.172            253.358            7.1947
        32.172            253.382            7.2287
        32.172            253.406            7.2604
        32.172            253.431            7.2895
        32.172            253.455            7.3162
        32.172            253.479            7.3403
        32.172            253.503            7.3619
        32.172            253.527            7.3808
        32.172            253.551            7.3970
        32.172            253.575            7.4105
        32.172            253.599            7.4213
        32.172            253.623            7.4293
        32.172            253.647            7.4346
        32.172            253.671            7.4371
        32.172            253.695            7.4369
        32.172            253.719            7.4338
        32.172            253.744            7.4280
        32.172            253.768            7.4195
        32.172            253.792            7.4082
        32.172            253.816            7.3941
        32.172            253.840            7.3774
        32.172            253.864            7.3580
        32.172            253.888            7.3360
        32.188            253.262            7.1042
        32.188            253.286            7.1479
        32.188            253.310            7.1894
        32.188            253.334            7.2287
        32.188            253.358            7.2657
        32.188            253.382            7.3003
        32.188            253.406            7.3324
        32.188            253.431            7.3621
        32.188            253.455            7.3892
        32.188            253.479            7.4137
        32.188            253.503            7.4356
        32.188            253.527            7.4548
        32.188            253.551            7.4713
        32.188            253.575            7.4851
        32.188            253.599            7.4960
        32.188            253.623            7.5042
        32.188            253.647            7.5096
        32.188            253.671            7.5122
        32.188            253.695            7.5119
        32.188            253.719            7.5088
        32.188            253.744            7.5029
        32.188            253.768            7.4942
        32.188            253.792            7.4827
        32.188            253.816            7.4684
        32.188            253.840            7.4514
        32.188            253.864            7.4317
        32.188            253.888            7.4093
        32.204            253.262            7.1722
        32.204            253.286            7.2165
        32.204            253.310            7.2587
        32.204            253.334            7.2986
        32.204            253.358            7.3362
        32.204            253.382            7.3713
        32.204            253.406            7.4040
        32.204            253.431            7.4341
        32.204            253.455            7.4617
        32.204            253.479            7.4866
        32.204            253.503            7.5089
        32.204            253.527            7.5284
        32.204            253.551            7.5452
        32.204            253.575            7.5592
        32.204            253.599            7.5704
        32.204            253.623            7.5787
        32.204            253.647            7.5842
        32.204            253.671            7.5868
        32.204            253.695            7.5865
        32.204            253.719            7.5833
        32.204            253.744            7.5773
        32.204            253.768            7.5685
        32.204            253.792            7.5568
        32.204            253.816            7.5423
        32.204            253.840            7.5250
        32.204            253.864            7.5049
        32.204            253.888            7.4822
        32.219            253.262            7.2395
        32.219            253.286            7.2846
        32.219            253.310            7.3274
        32.219            253.334            7.3680
        32.219            253.358            7.4061
        32.219            253.382            7.4418
        32.219            253.406            7.4750
        32.219            253.431            7.5057
        32.219            253.455            7.5337
        32.219            253.479            7.5591
        32.219            253.503            7.5817
        32.219            253.527            7.6016
        32.219            253.551            7.6186
        32.219            253.575            7.6328
        32.219            253.599            7.6442
        32.219            253.623            7.6527
        32.219            253.647            7.6582
        32.219            253.671            7.6609
        32.219            253.695            7.6606
        32.219            253.719            7.6574
        32.219            253.744            7.6513
        32.219            253.768            7.6423
        32.219            253.792            7.6304
        32.219            253.816            7.6156
        32.219            253.840            7.5980
        32.219            253.864            7.5777
        32.219            253.888            7.5545
        32.235            253.262            7.3063
        32.235            253.286            7.3521
        32.235            253.310            7.3956
        32.235            253.334            7.4368
        32.235            253.358            7.4755
        32.235            253.382            7.5118
        32.235            253.406            7.5456
        32.235            253.431            7.5767
        32.235            253.455            7.6052
        32.235            253.479            7.6309
        32.235            253.503            7.6539
        32.235            253.527            7.6741
        32.235            253.551            7.6915
        32.235            253.575            7.7059
        32.235            253.599            7.7175
        32.235            253.623            7.7261
        32.235            253.647            7.7318
        32.235            253.671            7.7345
        32.235            253.695            7.7342
        32.235            253.719            7.7309
        32.235            253.744            7.7247
        32.235            253.768            7.7156
        32.235            253.792            7.7035
        32.235            253.816            7.6885
        32.235            253.840            7.6706
        32.235            253.864            7.6498
        32.235            253.888            7.6263
        32.251            253.262            7.3725
        32.251            253.286            7.4190
        32.251            253.310            7.4631
        32.251            253.334            7.5049
        32.251            253.358            7.5443
        32.251            253.382            7.5812
        32.251            253.406            7.6155
        32.251            253.431            7.6471
        32.251            253.455            7.6760
        32.251            253.479            7.7022
        32.251            253.503            7.7256
        32.251            253.527            7.7461
        32.251            253.551            7.7638
        32.251            253.575            7.7785
        32.251            253.599            7.7902
        32.251            253.623            7.7990
        32.251            253.647            7.8047
        32.251            253.671            7.8075
        32.251            253.695            7.8072
        32.251            253.719            7.8039
        32.251            253.744            7.7976
        32.251            253.768            7.7882
        32.251            253.792            7.7759
        32.251            253.816            7.7607
        32.251            253.840            7.7425
        32.251            253.864            7.7215
        32.251            253.888            7.6975
        32.267            253.262            7.4380
        32.267            253.286            7.4852
        32.267            253.310            7.5300
        32.267            253.334            7.5725
        32.267            253.358            7.6125
        32.267            253.382            7.6499
        32.267            253.406            7.6847
        32.267            253.431            7.7169
        32.267            253.455            7.7463
        32.267            253.479            7.7729
        32.267            253.503            7.7966
        32.267            253.527            7.8175
        32.267            253.551            7.8354
        32.267            253.575            7.8504
        32.267            253.599            7.8623
        32.267            253.623            7.8712
        32.267            253.647            7.8771
        32.267            253.671            7.8798
        32.267            253.695            7.8796
        32.267            253.719            7.8762
        32.267            253.744            7.8698
        32.267            253.768            7.8603
        32.267            253.792            7.8478
        32.267            253.816            7.8323
        32.267            253.840            7.8138
        32.267            253.864            7.7924
        32.267            253.888            7.7681
        32.283            253.262            7.5028
        32.283            253.286            7.5507
        32.283            253.310            7.5962
        32.283            253.334            7.6393
        32.283            253.358            7.6799
        32.283            253.382            7.7179
        32.283            253.406            7.7533
        32.283            253.431            7.7859
        32.283            253.455            7.8158
        32.283            253.479            7.8428
        32.283            253.503            7.8670
        32.283            253.527            7.8882
        32.283            253.551            7.9064
        32.283            253.575            7.9216
        32.283            253.599            7.9337
        32.283            253.623            7.9428
        32.283            253.647            7.9487
        32.283            253.671            7.9515
        32.283            253.695            7.9512
        32.283            253.719            7.9478
        32.283            253.744            7.9413
        32.283            253.768            7.9317
        32.283            253.792            7.9190
        32.283            253.816            7.9032
        32.283            253.840            7.8844
        32.283            253.864            7.8627
        32.283            253.888            7.8380
        32.299            253.262            7.5668
        32.299            253.286            7.6154
        32.299            253.310            7.6616
        32.299            253.334            7.7053
        32.299            253.358            7.7466
        32.299            253.382            7.7852
        32.299            253.406            7.8211
        32.299            253.431            7.8542
        32.299            253.455            7.8846
        32.299            253.479            7.9121
        32.299            253.503            7.9366
        32.299            253.527            7.9581
        32.299            253.551            7.9766
        32.299            253.575            7.9921
        32.299            253.599            8.0044
        32.299            253.623            8.0136
        32.299            253.647            8.0196
        32.299            253.671            8.0225
        32.299            253.695            8.0222
        32.299            253.719            8.0187
        32.299            253.744            8.0121
        32.299            253.768            8.0023
        32.299            253.792            7.9894
        32.299            253.816            7.9734
        32.299            253.840            7.9543
        32.299            253.864            7.9322
        32.299            253.888            7.9071
        32.315            253.262            7.6300
        32.315            253.286            7.6793
        32.315            253.310            7.7262
        32.315            253.334            7.7706
        32.315            253.358            7.8124
        32.315            253.382            7.8516
        32.315            253.406            7.8881
        32.315            253.431            7.9218
        32.315            253.455            7.9526
        32.315            253.479            7.9805
        32.315            253.503            8.0054
        32.315            253.527            8.0273
        32.315            253.551            8.0461
        32.315            253.575            8.0617
        32.315            253.599            8.0743
        32.315            253.623            8.0836
        32.315            253.647            8.0898
        32.315            253.671            8.0927
        32.315            253.695            8.0924
        32.315            253.719            8.0888
        32.315            253.744            8.0821
        32.315            253.768            8.0722
        32.315            253.792            8.0591
        32.315            253.816            8.0428
        32.315            253.840            8.0234
        32.315            253.864            8.0010
        32.315            253.888            7.9755
        32.331            253.262            7.6924
        32.331            253.286            7.7424
        32.331            253.310            7.7899
        32.331            253.334            7.8350
        32.331            253.358            7.8774
        32.331            253.382            7.9172
        32.331            253.406            7.9542
        32.331            253.431            7.9884
        32.331            253.455            8.0197
        32.331            253.479            8.0480
        32.331            253.503            8.0733
        32.331            253.527            8.0956
        32.331            253.551            8.1147
        32.331            253.575            8.1306
        32.331            253.599            8.1433
        32.331            253.623            8.1528
        32.331            253.647            8.1590
        32.331            253.671            8.1620
        32.331            253.695            8.1617
        32.331            253.719            8.1581
        32.331            253.744            8.1513
        32.331            253.768            8.1412
        32.331            253.792            8.1278
        32.331            253.816            8.1113
        32.331            253.840            8.0916
        32.331            253.864            8.0688
        32.331            253.888            8.0430
        32.347            253.262            7.7538
        32.347            253.286            7.8045
        32.347            253.310            7.8527
        32.347            253.334            7.8984
        32.347            253.358            7.9415
        32.347            253.382            7.9819
        32.347            253.406            8.0195
        32.347            253.431            8.0542
        32.347            253.455            8.0859
        32.347            253.479            8.1147
        32.347            253.503            8.1404
        32.347            253.527            8.1629
        32.347            253.551            8.1823
        32.347            253.575            8.1985
        32.347            253.599            8.2114
        32.347            253.623            8.2211
        32.347            253.647            8.2274
        32.347            253.671            8.2304
        32.347            253.695            8.2301
        32.347            253.719            8.2265
        32.347            253.744            8.2195
        32.347            253.768            8.2093
        32.347            253.792            8.1957
        32.347            253.816            8.1789
        32.347            253.840            8.1589
        32.347            253.864            8.1358
        32.347            253.888            8.1095
        32.363            253.262            7.8143
        32.363            253.286            7.8657
        32.363            253.310            7.9146
        32.363            253.334            7.9609
        32.363            253.358            8.0046
        32.363            253.382            8.0456
        32.363            253.406            8.0837
        32.363            253.431            8.1189
        32.363            253.455            8.1512
        32.363            253.479            8.1804
        32.363            253.503            8.2064
        32.363            253.527            8.2293
        32.363            253.551            8.2490
        32.363            253.575            8.2655
        32.363            253.599            8.2786
        32.363            253.623            8.2884
        32.363            253.647            8.2948
        32.363            253.671            8.2978
        32.363            253.695            8.2975
        32.363            253.719            8.2938
        32.363            253.744            8.2868
        32.363            253.768            8.2764
        32.363            253.792            8.2626
        32.363            253.816            8.2456
        32.363            253.840            8.2253
        32.363            253.864            8.2018
        32.363            253.888            8.1751
        32.379            253.262            7.8737
        32.379            253.286            7.9258
        32.379            253.310            7.9754
        32.379            253.334            8.0224
        32.379            253.358            8.0667
        32.379            253.382            8.1083
        32.379            253.406            8.1469
        32.379            253.431            8.1827
        32.379            253.455            8.2154
        32.379            253.479            8.2450
        32.379            253.503            8.2715
        32.379            253.527            8.2947
        32.379            253.551            8.3147
        32.379            253.575            8.3314
        32.379            253.599            8.3447
        32.379            253.623            8.3546
        32.379            253.647            8.3612
        32.379            253.671            8.3643
        32.379            253.695            8.3639
        32.379            253.719            8.3602
        32.379            253.744            8.3530
        32.379            253.768            8.3424
        32.379            253.792            8.3285
        32.379            253.816            8.3112
        32.379            253.840            8.2906
        32.379            253.864            8.2667
        32.379            253.888            8.2397
        32.395            253.262            7.9321
        32.395            253.286            7.9849
        32.395            253.310            8.0352
        32.395            253.334            8.0828
        32.395            253.358            8.1277
        32.395            253.382            8.1699
        32.395            253.406            8.2091
        32.395            253.431            8.2453
        32.395            253.455            8.2785
        32.395            253.479            8.3085
        32.395            253.503            8.3354
        32.395            253.527            8.3590
        32.395            253.551            8.3793
        32.395            253.575            8.3962
        32.395            253.599            8.4097
        32.395            253.623            8.4198
        32.395            253.647            8.4264
        32.395            253.671            8.4296
        32.395            253.695            8.4292
        32.395            253.719            8.4254
        32.395            253.744            8.4182
        32.395            253.768            8.4074
        32.395            253.792            8.3933
        32.395            253.816            8.3757
        32.395            253.840            8.3548
        32.395            253.864            8.3306
        32.395            253.888            8.3032
        32.411            253.262            7.9893
        32.411            253.286            8.0428
        32.411            253.310            8.0938
        32.411            253.334            8.1421
        32.411            253.358            8.1876
        32.411            253.382            8.2303
        32.411            253.406            8.2701
        32.411            253.431            8.3068
        32.411            253.455            8.3405
        32.411            253.479            8.3709
        32.411            253.503            8.3982
        32.411            253.527            8.4221
        32.411            253.551            8.4427
        32.411            253.575            8.4598
        32.411            253.599            8.4736
        32.411            253.623            8.4838
        32.411            253.647            8.4905
        32.411            253.671            8.4937
        32.411            253.695            8.4934
        32.411            253.719            8.4895
        32.411            253.744            8.4821
        32.411            253.768            8.4713
        32.411            253.792            8.4569
        32.411            253.816            8.4391
        32.411            253.840            8.4179
        32.411            253.864            8.3933
        32.411            253.888            8.3655
        32.427            253.262            8.0454
        32.427            253.286            8.0996
        32.427            253.310            8.1512
        32.427            253.334            8.2001
        32.427            253.358            8.2463
        32.427            253.382            8.2895
        32.427            253.406            8.3298
        32.427            253.431            8.3671
        32.427            253.455            8.4012
        32.427            253.479            8.4321
        32.427            253.503            8.4597
        32.427            253.527            8.4840
        32.427            253.551            8.5049
        32.427            253.575            8.5223
        32.427            253.599            8.5362
        32.427            253.623            8.5466
        32.427            253.647            8.5534
        32.427            253.671            8.5566
        32.427            253.695            8.5563
        32.427            253.719            8.5524
        32.427            253.744            8.5449
        32.427            253.768            8.5338
        32.427            253.792            8.5193
        32.427            253.816            8.5012
        32.427            253.840            8.4797
        32.427            253.864            8.4548
        32.427            253.888            8.4266
        32.442            253.262            8.1002
        32.442            253.286            8.1551
        32.442            253.310            8.2073
        32.442            253.334            8.2569
        32.442            253.358            8.3036
        32.442            253.382            8.3475
        32.442            253.406            8.3883
        32.442            253.431            8.4261
        32.442            253.455            8.4607
        32.442            253.479            8.4920
        32.442            253.503            8.5200
        32.442            253.527            8.5446
        32.442            253.551            8.5658
        32.442            253.575            8.5834
        32.442            253.599            8.5975
        32.442            253.623            8.6080
        32.442            253.647            8.6150
        32.442            253.671            8.6182
        32.442            253.695            8.6179
        32.442            253.719            8.6139
        32.442            253.744            8.6063
        32.442            253.768            8.5951
        32.442            253.792            8.5804
        32.442            253.816            8.5621
        32.442            253.840            8.5402
        32.442            253.864            8.5150
        32.442            253.888            8.4864
        32.458            253.262            8.1537
        32.458            253.286            8.2093
        32.458            253.310            8.2622
        32.458            253.334            8.3124
        32.458            253.358            8.3597
        32.458            253.382            8.4041
        32.458            253.406            8.4455
        32.458            253.431            8.4837
        32.458            253.455            8.5188
        32.458            253.479            8.5505
        32.458            253.503            8.5789
        32.458            253.527            8.6038
        32.458            253.551            8.6253
        32.458            253.575            8.6432
        32.458            253.599            8.6575
        32.458            253.623            8.6681
        32.458            253.647            8.6752
        32.458            253.671            8.6785
        32.458            253.695            8.6781
        32.458            253.719            8.6741
        32.458            253.744            8.6664
        32.458            253.768            8.6551
        32.458            253.792            8.6401
        32.458            253.816            8.6215
        32.458            253.840            8.5994
        32.458            253.864            8.5738
        32.458            253.888            8.5448
        32.474            253.262            8.2059
        32.474            253.286            8.2621
        32.474            253.310            8.3156
        32.474            253.334            8.3664
        32.474            253.358            8.4144
        32.474            253.382            8.4594
        32.474            253.406            8.5013
        32.474            253.431            8.5400
        32.474            253.455            8.5755
        32.474            253.479            8.6076
        32.474            253.503            8.6364
        32.474            253.527            8.6617
        32.474            253.551            8.6834
        32.474            253.575            8.7015
        32.474            253.599            8.7160
        32.474            253.623            8.7268
        32.474            253.647            8.7339
        32.474            253.671            8.7373
        32.474            253.695            8.7369
        32.474            253.719            8.7329
        32.474            253.744            8.7251
        32.474            253.768            8.7136
        32.474            253.792            8.6984
        32.474            253.816            8.6796
        32.474            253.840            8.6572
        32.474            253.864            8.6313
        32.474            253.888            8.6019
        32.490            253.262            8.2566
        32.490            253.286            8.3135
        32.490            253.310            8.3677
        32.490            253.334            8.4191
        32.490            253.358            8.4676
        32.490            253.382            8.5131
        32.490            253.406            8.5555
        32.490            253.431            8.5948
        32.490            253.455            8.6307
        32.490            253.479            8.6633
        32.490            253.503            8.6924
        32.490            253.527            8.7180
        32.490            253.551            8.7400
        32.490            253.575            8.7583
        32.490            253.599            8.7730
        32.490            253.623            8.7840
        32.490            253.647            8.7912
        32.490            253.671            8.7946
        32.490            253.695            8.7942
        32.490            253.719            8.7901
        32.490            253.744            8.7822
        32.490            253.768            8.7706
        32.490            253.792            8.7552
        32.490            253.816            8.7361
        32.490            253.840            8.7134
        32.490            253.864            8.6872
        32.490            253.888            8.6574
        32.506            253.262            8.3059
        32.506            253.286            8.3634
        32.506            253.310            8.4182
        32.506            253.334            8.4702
        32.506            253.358            8.5193
        32.506            253.382            8.5654
        32.506            253.406            8.6083
        32.506            253.431            8.6480
        32.506            253.455            8.6844
        32.506            253.479            8.7173
        32.506            253.503            8.7468
        32.506            253.527            8.7727
        32.506            253.551            8.7950
        32.506            253.575            8.8136
        32.506            253.599            8.8285
        32.506            253.623            8.8396
        32.506            253.647            8.8468
        32.506            253.671            8.8503
        32.506            253.695            8.8500
        32.506            253.719            8.8458
        32.506            253.744            8.8378
        32.506            253.768            8.8260
        32.506            253.792            8.8104
        32.506            253.816            8.7911
        32.506            253.840            8.7681
        32.506            253.864            8.7416
        32.506            253.888            8.7114
        32.522            253.262            8.3537
        32.522            253.286            8.4118
        32.522            253.310            8.4672
        32.522            253.334            8.5198
        32.522            253.358            8.5695
        32.522            253.382            8.6160
        32.522            253.406            8.6595
        32.522            253.431            8.6996
        32.522            253.455            8.7364
        32.522            253.479            8.7698
        32.522            253.503            8.7996
        32.522            253.527            8.8258
        32.522            253.551            8.8484
        32.522            253.575            8.8672
        32.522            253.599            8.8823
        32.522            253.623            8.8935
        32.522            253.647            8.9009
        32.522            253.671            8.9044
        32.522            253.695            8.9040
        32.522            253.719            8.8998
        32.522            253.744            8.8917
        32.522            253.768            8.8797
        32.522            253.792            8.8640
        32.522            253.816            8.8444
        32.522            253.840            8.8212
        32.522            253.864            8.7943
        32.522            253.888            8.7638
        32.538            253.262            8.3998
        32.538            253.286            8.4586
        32.538            253.310            8.5146
        32.538            253.334            8.5678
        32.538            253.358            8.6179
        32.538            253.382            8.6651
        32.538            253.406            8.7090
        32.538            253.431            8.7496
        32.538            253.455            8.7868
        32.538            253.479            8.8205
        32.538            253.503            8.8507
        32.538            253.527            8.8773
        32.538            253.551            8.9001
        32.538            253.575            8.9191
        32.538            253.599            8.9343
        32.538            253.623            8.9457
        32.538            253.647            8.9532
        32.538            253.671            8.9567
        32.538            253.695            8.9564
        32.538            253.719            8.9521
        32.538            253.744            8.9439
        32.538            253.768            8.9318
        32.538            253.792            8.9158
        32.538            253.816            8.8961
        32.538            253.840            8.8726
        32.538            253.864            8.8453
        32.538            253.888            8.8145
        32.554            253.262            8.4443
        32.554            253.286            8.5037
        32.554            253.310            8.5603
        32.554            253.334            8.6140
        32.554            253.358            8.6647
        32.554            253.382            8.7123
        32.554            253.406            8.7567
        32.554            253.431            8.7978
        32.554            253.455            8.8354
        32.554            253.479            8.8696
        32.554            253.503            8.9001
        32.554            253.527            8.9269
        32.554            253.551            8.9500
        32.554            253.575            8.9692
        32.554            253.599            8.9846
        32.554            253.623            8.9961
        32.554            253.647            9.0037
        32.554            253.671            9.0073
        32.554            253.695            9.0069
        32.554            253.719            9.0026
        32.554            253.744            8.9943
        32.554            253.768            8.9820
        32.554            253.792            8.9659
        32.554            253.816            8.9459
        32.554            253.840            8.9222
        32.554            253.864            8.8946
        32.554            253.888            8.8634
        32.570            253.262            8.4872
        32.570            253.286            8.5471
        32.570            253.310            8.6043
        32.570            253.334            8.6585
        32.570            253.358            8.7098
        32.570            253.382            8.7579
        32.570            253.406            8.8027
        32.570            253.431            8.8442
        32.570            253.455            8.8823
        32.570            253.479            8.9167
        32.570            253.503            8.9476
        32.570            253.527            8.9747
        32.570            253.551            8.9980
        32.570            253.575            9.0175
        32.570            253.599            9.0331
        32.570            253.623            9.0447
        32.570            253.647            9.0523
        32.570            253.671            9.0560
        32.570            253.695            9.0556
        32.570            253.719            9.0512
        32.570            253.744            9.0428
        32.570            253.768            9.0305
        32.570            253.792            9.0141
        32.570            253.816            8.9939
        32.570            253.840            8.9699
        32.570            253.864            8.9421
        32.570            253.888            8.9105
        32.586            253.262            8.5283
        32.586            253.286            8.5888
        32.586            253.310            8.6465
        32.586            253.334            8.7012
        32.586            253.358            8.7530
        32.586            253.382            8.8016
        32.586            253.406            8.8469
        32.586            253.431            8.8888
        32.586            253.455            8.9272
        32.586            253.479            8.9620
        32.586            253.503            8.9932
        32.586            253.527            9.0206
        32.586            253.551            9.0442
        32.586            253.575            9.0638
        32.586            253.599            9.0796
        32.586            253.623            9.0913
        32.586            253.647            9.0990
        32.586            253.671            9.1027
        32.586            253.695            9.1023
        32.586            253.719            9.0979
        32.586            253.744            9.0894
        32.586            253.768            9.0769
        32.586            253.792            9.0605
        32.586            253.816            9.0400
        32.586            253.840            9.0157
        32.586            253.864            8.9876
        32.586            253.888            8.9558
        32.602            253.262            8.5675
        32.602            253.286            8.6286
        32.602            253.310            8.6868
        32.602            253.334            8.7421
        32.602            253.358            8.7943
        32.602            253.382            8.8433
        32.602            253.406            8.8891
        32.602            253.431            8.9314
        32.602            253.455            8.9702
        32.602            253.479            9.0054
        32.602            253.503            9.0368
        32.602            253.527            9.0645
        32.602            253.551            9.0883
        32.602            253.575            9.1082
        32.602            253.599            9.1241
        32.602            253.623            9.1360
        32.602            253.647            9.1438
        32.602            253.671            9.1475
        32.602            253.695            9.1471
        32.602            253.719            9.1426
        32.602            253.744            9.1340
        32.602            253.768            9.1214
        32.602            253.792            9.1048
        32.602            253.816            9.0842
        32.602            253.840            9.0596
        32.602            253.864            9.0312
        32.602            253.888            8.9991
        32.618            253.262            8.6049
        32.618            253.286            8.6665
        32.618            253.310            8.7252
        32.618            253.334            8.7810
        32.618            253.358            8.8337
        32.618            253.382            8.8832
        32.618            253.406            8.9293
        32.618            253.431            8.9720
        32.618            253.455            9.0112
        32.618            253.479            9.0467
        32.618            253.503            9.0785
        32.618            253.527            9.1064
        32.618            253.551            9.1304
        32.618            253.575            9.1505
        32.618            253.599            9.1665
        32.618            253.623            9.1785
        32.618            253.647            9.1864
        32.618            253.671            9.1901
        32.618            253.695            9.1898
        32.618            253.719            9.1852
        32.618            253.744            9.1766
        32.618            253.768            9.1638
        32.618            253.792            9.1470
        32.618            253.816            9.1262
        32.618            253.840            9.1014
        32.618            253.864            9.0728
        32.618            253.888            9.0403
        32.634            253.262            8.6405
        32.634            253.286            8.7025
        32.634            253.310            8.7617
        32.634            253.334            8.8180
        32.634            253.358            8.8711
        32.634            253.382            8.9210
        32.634            253.406            8.9675
        32.634            253.431            9.0106
        32.634            253.455            9.0501
        32.634            253.479            9.0859
        32.634            253.503            9.1180
        32.634            253.527            9.1462
        32.634            253.551            9.1704
        32.634            253.575            9.1907
        32.634            253.599            9.2069
        32.634            253.623            9.2189
        32.634            253.647            9.2269
        32.634            253.671            9.2307
        32.634            253.695            9.2303
        32.634            253.719            9.2257
        32.634            253.744            9.2170
        32.634            253.768            9.2041
        32.634            253.792            9.1872
        32.634            253.816            9.1662
        32.634            253.840            9.1412
        32.634            253.864            9.1123
        32.634            253.888            9.0795
        32.650            253.262            8.6740
        32.650            253.286            8.7365
        32.650            253.310            8.7962
        32.650            253.334            8.8529
        32.650            253.358            8.9064
        32.650            253.382            8.9567
        32.650            253.406            9.0036
        32.650            253.431            9.0471
        32.650            253.455            9.0869
        32.650            253.479            9.1230
        32.650            253.503            9.1553
        32.650            253.527            9.1838
        32.650            253.551            9.2082
        32.650            253.575            9.2287
        32.650            253.599            9.2450
        32.650            253.623            9.2572
        32.650            253.647            9.2652
        32.650            253.671            9.2690
        32.650            253.695            9.2686
        32.650            253.719            9.2640
        32.650            253.744            9.2552
        32.650            253.768            9.2422
        32.650            253.792            9.2251
        32.650            253.816            9.2040
        32.650            253.840            9.1787
        32.650            253.864            9.1496
        32.650            253.888            9.1165
        32.666            253.262            8.7055
        32.666            253.286            8.7685
        32.666            253.310            8.8286
        32.666            253.334            8.8857
        32.666            253.358            8.9397
        32.666            253.382            8.9903
        32.666            253.406            9.0376
        32.666            253.431            9.0814
        32.666            253.455            9.1215
        32.666            253.479            9.1579
        32.666            253.503            9.1905
        32.666            253.527            9.2192
        32.666            253.551            9.2438
        32.666            253.575            9.2644
        32.666            253.599            9.2809
        32.666            253.623            9.2932
        32.666            253.647            9.3012
        32.666            253.671            9.3051
        32.666            253.695            9.3047
        32.666            253.719            9.3000
        32.666            253.744            9.2912
        32.666            253.768            9.2781
        32.666            253.792            9.2609
        32.666            253.816            9.2395
        32.666            253.840            9.2141
        32.666            253.864            9.1847
        32.666            253.888            9.1514
        32.681            253.262            8.7350
        32.681            253.286            8.7984
        32.681            253.310            8.8589
        32.681            253.334            8.9164
        32.681            253.358            8.9707
        32.681            253.382            9.0218
        32.681            253.406            9.0694
        32.681            253.431            9.1135
        32.681            253.455            9.1539
        32.681            253.479            9.1906
        32.681            253.503            9.2234
        32.681            253.527            9.2523
        32.681            253.551            9.2771
        32.681            253.575            9.2978
        32.681            253.599            9.3144
        32.681            253.623            9.3268
        32.681            253.647            9.3350
        32.681            253.671            9.3388
        32.681            253.695            9.3384
        32.681            253.719            9.3338
        32.681            253.744            9.3248
        32.681            253.768            9.3116
        32.681            253.792            9.2943
        32.681            253.816            9.2728
        32.681            253.840            9.2471
        32.681            253.864            9.2175
        32.681            253.888            9.1840
        32.697            253.262            8.7624
        32.697            253.286            8.8262
        32.697            253.310            8.8871
        32.697            253.334            8.9449
        32.697            253.358            8.9996
        32.697            253.382            9.0510
        32.697            253.406            9.0989
        32.697            253.431            9.1433
        32.697            253.455            9.1840
        32.697            253.479            9.2209
        32.697            253.503            9.2539
        32.697            253.527            9.2830
        32.697            253.551            9.3080
        32.697            253.575            9.3289
        32.697            253.599            9.3456
        32.697            253.623            9.3581
        32.697            253.647            9.3663
        32.697            253.671            9.3702
        32.697            253.695            9.3698
        32.697            253.719            9.3651
        32.697            253.744            9.3561
        32.697            253.768            9.3428
        32.697            253.792            9.3253
        32.697            253.816            9.3037
        32.697            253.840            9.2779
        32.697            253.864            9.2481
        32.697            253.888            9.2143
        32.713            253.262            8.7876
        32.713            253.286            8.8518
        32.713            253.310            8.9130
        32.713            253.334            8.9712
        32.713            253.358            9.0262
        32.713            253.382            9.0779
        32.713            253.406            9.1261
        32.713            253.431            9.1708
        32.713            253.455            9.2117
        32.713            253.479            9.2489
        32.713            253.503            9.2821
        32.713            253.527            9.3114
        32.713            253.551            9.3366
        32.713            253.575            9.3576
        32.713            253.599            9.3744
        32.713            253.623            9.3869
        32.713            253.647            9.3952
        32.713            253.671            9.3991
        32.713            253.695            9.3987
        32.713            253.719            9.3940
        32.713            253.744            9.3849
        32.713            253.768            9.3716
        32.713            253.792            9.3540
        32.713            253.816            9.3322
        32.713            253.840            9.3062
        32.713            253.864            9.2762
        32.713            253.888            9.2422
        32.729            253.262            8.8107
        32.729            253.286            8.8752
        32.729            253.310            8.9368
        32.729            253.334            8.9953
        32.729            253.358            9.0506
        32.729            253.382            9.1025
        32.729            253.406            9.1510
        32.729            253.431            9.1959
        32.729            253.455            9.2371
        32.729            253.479            9.2745
        32.729            253.503            9.3079
        32.729            253.527            9.3373
        32.729            253.551            9.3626
        32.729            253.575            9.3838
        32.729            253.599            9.4007
        32.729            253.623            9.4133
        32.729            253.647            9.4216
        32.729            253.671            9.4256
        32.729            253.695            9.4252
        32.729            253.719            9.4204
        32.729            253.744            9.4113
        32.729            253.768            9.3979
        32.729            253.792            9.3801
        32.729            253.816            9.3582
        32.729            253.840            9.3321
        32.729            253.864            9.3019
        32.729            253.888            9.2677
        32.745            253.262            8.8316
        32.745            253.286            8.8964
        32.745            253.310            8.9582
        32.745            253.334            9.0170
        32.745            253.358            9.0726
        32.745            253.382            9.1248
        32.745            253.406            9.1735
        32.745            253.431            9.2186
        32.745            253.455            9.2600
        32.745            253.479            9.2976
        32.745            253.503            9.3312
        32.745            253.527            9.3608
        32.745            253.551            9.3862
        32.745            253.575            9.4075
        32.745            253.599            9.4245
        32.745            253.623            9.4372
        32.745            253.647            9.4455
        32.745            253.671            9.4495
        32.745            253.695            9.4491
        32.745            253.719            9.4443
        32.745            253.744            9.4351
        32.745            253.768            9.4216
        32.745            253.792            9.4038
        32.745            253.816            9.3818
        32.745            253.840            9.3555
        32.745            253.864            9.3252
        32.745            253.888            9.2908
        32.761            253.262            8.8502
        32.761            253.286            8.9152
        32.761            253.310            8.9773
        32.761            253.334            9.0364
        32.761            253.358            9.0922
        32.761            253.382            9.1446
        32.761            253.406            9.1936
        32.761            253.431            9.2389
        32.761            253.455            9.2805
        32.761            253.479            9.3182
        32.761            253.503            9.3520
        32.761            253.527            9.3817
        32.761            253.551            9.4073
        32.761            253.575            9.4286
        32.761            253.599            9.4457
        32.761            253.623            9.4585
        32.761            253.647            9.4668
        32.761            253.671            9.4708
        32.761            253.695            9.4704
        32.761            253.719            9.4656
        32.761            253.744            9.4564
        32.761            253.768            9.4428
        32.761            253.792            9.4249
        32.761            253.816            9.4028
        32.761            253.840            9.3764
        32.761            253.864            9.3460
        32.761            253.888            9.3114
        32.777            253.262            8.8665
        32.777            253.286            8.9318
        32.777            253.310            8.9941
        32.777            253.334            9.0534
        32.777            253.358            9.1094
        32.777            253.382            9.1621
        32.777            253.406            9.2112
        32.777            253.431            9.2567
        32.777            253.455            9.2984
        32.777            253.479            9.3363
        32.777            253.503            9.3702
        32.777            253.527            9.4000
        32.777            253.551            9.4257
        32.777            253.575            9.4472
        32.777            253.599            9.4643
        32.777            253.623            9.4771
        32.777            253.647            9.4855
        32.777            253.671            9.4896
        32.777            253.695            9.4891
        32.777            253.719            9.4843
        32.777            253.744            9.4751
        32.777            253.768            9.4614
        32.777            253.792            9.4435
        32.777            253.816            9.4212
        32.777            253.840            9.3948
        32.777            253.864            9.3642
        32.777            253.888            9.3295
        32.793            253.262            8.8805
        32.793            253.286            8.9460
        32.793            253.310            9.0086
        32.793            253.334            9.0680
        32.793            253.358            9.1242
        32.793            253.382            9.1770
        32.793            253.406            9.2263
        32.793            253.431            9.2720
        32.793            253.455            9.3139
        32.793            253.479            9.3519
        32.793            253.503            9.3859
        32.793            253.527            9.4158
        32.793            253.551            9.4416
        32.793            253.575            9.4631
        32.793            253.599            9.4803
        32.793            253.623            9.4932
        32.793            253.647            9.5016
        32.793            253.671            9.5056
        32.793            253.695            9.5052
        32.793            253.719            9.5004
        32.793            253.744            9.4911
        32.793            253.768            9.4774
        32.793            253.792            9.4594
        32.793            253.816            9.4371
        32.793            253.840            9.4105
        32.793            253.864            9.3798
        32.793            253.888            9.3450
        32.809            253.262            8.8922
        32.809            253.286            8.9579
        32.809            253.310            9.0206
        32.809            253.334            9.0802
        32.809            253.358            9.1365
        32.809            253.382            9.1895
        32.809            253.406            9.2389
        32.809            253.431            9.2847
        32.809            253.455            9.3267
        32.809            253.479            9.3648
        32.809            253.503            9.3989
        32.809            253.527            9.4290
        32.809            253.551            9.4548
        32.809            253.575            9.4764
        32.809            253.599            9.4936
        32.809            253.623            9.5065
        32.809            253.647            9.5150
        32.809            253.671            9.5190
        32.809            253.695            9.5186
        32.809            253.719            9.5138
        32.809            253.744            9.5044
        32.809            253.768            9.4907
        32.809            253.792            9.4727
        32.809            253.816            9.4503
        32.809            253.840            9.4236
        32.809            253.864            9.3929
        32.809            253.888            9.3580
        32.825            253.262            8.9016
        32.825            253.286            8.9674
        32.825            253.310            9.0302
        32.825            253.334            9.0899
        32.825            253.358            9.1464
        32.825            253.382            9.1995
        32.825            253.406            9.2490
        32.825            253.431            9.2949
        32.825            253.455            9.3370
        32.825            253.479            9.3752
        32.825            253.503            9.4094
        32.825            253.527            9.4395
        32.825            253.551            9.4654
        32.825            253.575            9.4870
        32.825            253.599            9.5043
        32.825            253.623            9.5172
        32.825            253.647            9.5257
        32.825            253.671            9.5297
        32.825            253.695            9.5293
        32.825            253.719            9.5244
        32.825            253.744            9.5151
        32.825            253.768            9.5014
        32.825            253.792            9.4833
        32.825            253.816            9.4608
        32.825            253.840            9.4341
        32.825            253.864            9.4033
        32.825            253.888            9.3683
        32.841            253.262            8.9086
        32.841            253.286            8.9745
        32.841            253.310            9.0374
        32.841            253.334            9.0972
        32.841            253.358            9.1538
        32.841            253.382            9.2069
        32.841            253.406            9.2565
        32.841            253.431            9.3025
        32.841            253.455            9.3446
        32.841            253.479            9.3829
        32.841            253.503            9.4171
        32.841            253.527            9.4473
        32.841            253.551            9.4732
        32.841            253.575            9.4949
        32.841            253.599            9.5122
        32.841            253.623            9.5252
        32.841            253.647            9.5337
        32.841            253.671            9.5377
        32.841            253.695            9.5373
        32.841            253.719            9.5324
        32.841            253.744            9.5231
        32.841            253.768            9.5093
        32.841            253.792            9.4912
        32.841            253.816            9.4687
        32.841            253.840            9.4419
        32.841            253.864            9.4110
        32.841            253.888            9.3760
        32.857            253.262            8.9132
        32.857            253.286            8.9792
        32.857            253.310            9.0422
        32.857            253.334            9.1020
        32.857            253.358            9.1586
        32.857            253.382            9.2118
        32.857            253.406            9.2615
        32.857            253.431            9.3075
        32.857            253.455            9.3497
        32.857            253.479            9.3880
        32.857            253.503            9.4223
        32.857            253.527            9.4524
        32.857            253.551            9.4784
        32.857            253.575            9.5001
        32.857            253.599            9.5174
        32.857            253.623            9.5304
        32.857            253.647            9.5389
        32.857            253.671            9.5429
        32.857            253.695            9.5425
        32.857            253.719            9.5376
        32.857            253.744            9.5283
        32.857            253.768            9.5145
        32.857            253.792            9.4963
        32.857            253.816            9.4739
        32.857            253.840            9.4471
        32.857            253.864            9.4161
        32.857            253.888            9.3811
        32.873            253.262            8.9155
        32.873            253.286            8.9815
        32.873            253.310            9.0445
        32.873            253.334            9.1044
        32.873            253.358            9.1610
        32.873            253.382            9.2142
        32.873            253.406            9.2639
        32.873            253.431            9.3099
        32.873            253.455            9.3521
        32.873            253.479            9.3904
        32.873            253.503            9.4247
        32.873            253.527            9.4549
        32.873            253.551            9.4809
        32.873            253.575            9.5026
        32.873            253.599            9.5199
        32.873            253.623            9.5329
        32.873            253.647            9.5414
        32.873            253.671            9.5454
        32.873            253.695            9.5450
        32.873            253.719            9.5401
        32.873            253.744            9.5308
        32.873            253.768            9.5170
        32.873            253.792            9.4988
        32.873            253.816            9.4763
        32.873            253.840            9.4495
        32.873            253.864            9.4186
        32.873            253.888            9.3835
        32.889            253.262            8.9154
        32.889            253.286            8.9813
        32.889            253.310            9.0443
        32.889            253.334            9.1042
        32.889            253.358            9.1608
        32.889            253.382            9.2140
        32.889            253.406            9.2637
        32.889            253.431            9.3097
        32.889            253.455            9.3519
        32.889            253.479            9.3902
        32.889            253.503            9.4245
        32.889            253.527            9.4546
        32.889            253.551            9.4806
        32.889            253.575            9.5023
        32.889            253.599            9.5197
        32.889            253.623            9.5326
        32.889            253.647            9.5411
        32.889            253.671            9.5452
        32.889            253.695            9.5448
        32.889            253.719            9.5399
        32.889            253.744            9.5305
        32.889            253.768            9.5167
        32.889            253.792            9.4986
        32.889            253.816            9.4761
        32.889            253.840            9.4493
        32.889            253.864            9.4184
        32.889            253.888            9.3833
        32.904            253.262            8.9129
        32.904            253.286            8.9788
        32.904            253.310            9.0417
        32.904            253.334            9.1015
        32.904            253.358            9.1581
        32.904            253.382            9.2113
        32.904            253.406            9.2609
        32.904            253.431            9.3069
        32.904            253.455            9.3490
        32.904            253.479            9.3873
        32.904            253.503            9.4216
        32.904            253.527            9.4517
        32.904            253.551            9.4777
        32.904            253.575            9.4993
        32.904            253.599            9.5167
        32.904            253.623            9.5296
        32.904            253.647            9.5381
        32.904            253.671            9.5422
        32.904            253.695            9.5417
        32.904            253.719            9.5369
        32.904            253.744            9.5275
        32.904            253.768            9.5137
        32.904            253.792            9.4956
        32.904            253.816            9.4731
        32.904            253.840            9.4464
        32.904            253.864            9.4154
        32.904            253.888            9.3804
        32.920            253.262            8.9080
        32.920            253.286            8.9738
        32.920            253.310            9.0367
        32.920            253.334            9.0964
        32.920            253.358            9.1529
        32.920            253.382            9.2060
        32.920            253.406            9.2555
        32.920            253.431            9.3014
        32.920            253.455            9.3436
        32.920            253.479            9.3818
        32.920            253.503            9.4160
        32.920            253.527            9.4461
        32.920            253.551            9.4720
        32.920            253.575            9.4936
        32.920            253.599            9.5109
        32.920            253.623            9.5239
        32.920            253.647            9.5324
        32.920            253.671            9.5364
        32.920            253.695            9.5360
        32.920            253.719            9.5311
        32.920            253.744            9.5218
        32.920            253.768            9.5080
        32.920            253.792            9.4899
        32.920            253.816            9.4675
        32.920            253.840            9.4408
        32.920            253.864            9.4099
        32.920            253.888            9.3749
        32.936            253.262            8.9007
        32.936            253.286            8.9664
        32.936            253.310            9.0292
        32.936            253.334            9.0888
        32.936            253.358            9.1452
        32.936            253.382            9.1982
        32.936            253.406            9.2476
        32.936            253.431            9.2934
        32.936            253.455            9.3355
        32.936            253.479            9.3736
        32.936            253.503            9.4077
        32.936            253.527            9.4378
        32.936            253.551            9.4636
        32.936            253.575            9.4852
        32.936            253.599            9.5025
        32.936            253.623            9.5154
        32.936            253.647            9.5239
        32.936            253.671            9.5279
        32.936            253.695            9.5275
        32.936            253.719            9.5226
        32.936            253.744            9.5133
        32.936            253.768            9.4996
        32.936            253.792            9.4815
        32.936            253.816            9.4591
        32.936            253.840            9.4325
        32.936            253.864            9.4016
        32.936            253.888            9.3667
        32.952            253.262            8.8911
        32.952            253.286            8.9567
        32.952            253.310            9.0193
        32.952            253.334            9.0787
        32.952            253.358            9.1350
        32.952            253.382            9.1878
        32.952            253.406            9.2372
        32.952            253.431            9.2828
        32.952            253.455            9.3248
        32.952            253.479            9.3628
        32.952            253.503            9.3968
        32.952            253.527            9.4268
        32.952            253.551            9.4526
        32.952            253.575            9.4741
        32.952            253.599            9.4913
        32.952            253.623            9.5042
        32.952            253.647            9.5127
        32.952            253.671            9.5167
        32.952            253.695            9.5163
        32.952            253.719            9.5114
        32.952            253.744            9.5021
        32.952            253.768            9.4884
        32.952            253.792            9.4704
        32.952            253.816            9.4481
        32.952            253.840            9.4215
        32.952            253.864            9.3908
        32.952            253.888            9.3560
        32.968            253.262            8.8792
        32.968            253.286            8.9445
        32.968            253.310            9.0069
        32.968            253.334            9.0662
        32.968            253.358            9.1223
        32.968            253.382            9.1750
        32.968            253.406            9.2242
        32.968            253.431            9.2697
        32.968            253.455            9.3115
        32.968            253.479            9.3494
        32.968            253.503            9.3833
        32.968            253.527            9.4132
        32.968            253.551            9.4389
        32.968            253.575            9.4603
        32.968            253.599            9.4775
        32.968            253.623            9.4903
        32.968            253.647            9.4988
        32.968            253.671            9.5028
        32.968            253.695            9.5024
        32.968            253.719            9.4975
        32.968            253.744            9.4883
        32.968            253.768            9.4746
        32.968            253.792            9.4567
        32.968            253.816            9.4344
        32.968            253.840            9.4079
        32.968            253.864            9.3773
        32.968            253.888            9.3426
        32.984            253.262            8.8649
        32.984            253.286            8.9300
        32.984            253.310            8.9922
        32.984            253.334            9.0513
        32.984            253.358            9.1072
        32.984            253.382            9.1597
        32.984            253.406            9.2086
        32.984            253.431            9.2540
        32.984            253.455            9.2956
        32.984            253.479            9.3334
        32.984            253.503            9.3672
        32.984            253.527            9.3969
        32.984            253.551            9.4225
        32.984            253.575            9.4439
        32.984            253.599            9.4610
        32.984            253.623            9.4738
        32.984            253.647            9.4822
        32.984            253.671            9.4862
        32.984            253.695            9.4858
        32.984            253.719            9.4809
        32.984            253.744            9.4717
        32.984            253.768            9.4582
        32.984            253.792            9.4402
        32.984            253.816            9.4181
        32.984            253.840            9.3917
        32.984            253.864            9.3612
        32.984            253.888            9.3266
        33.000            253.262            8.8484
        33.000            253.286            8.9132
        33.000            253.310            8.9751
        33.000            253.334            9.0340
        33.000            253.358            9.0896
        33.000            253.382            9.1419
        33.000            253.406            9.1907
        33.000            253.431            9.2358
        33.000            253.455            9.2773
        33.000            253.479            9.3149
        33.000            253.503            9.3485
        33.000            253.527            9.3781
        33.000            253.551            9.4036
        33.000            253.575            9.4249
        33.000            253.599            9.4419
        33.000            253.623            9.4546
        33.000            253.647            9.4630
        33.000            253.671            9.4670
        33.000            253.695            9.4665
        33.000            253.719            9.4617
        33.000            253.744            9.4526
        33.000            253.768            9.4391
        33.000            253.792            9.4212
        33.000            253.816            9.3992
        33.000            253.840            9.3729
        33.000            253.864            9.3425
        33.000            253.888            9.3081
        33.016            253.262            8.8295
        33.016            253.286            8.8941
        33.016            253.310            8.9557
        33.016            253.334            9.0143
        33.016            253.358            9.0696
        33.016            253.382            9.1217
        33.016            253.406            9.1702
        33.016            253.431            9.2152
        33.016            253.455            9.2564
        33.016            253.479            9.2938
        33.016            253.503            9.3273
        33.016            253.527            9.3567
        33.016            253.551            9.3821
        33.016            253.575            9.4033
        33.016            253.599            9.4202
        33.016            253.623            9.4328
        33.016            253.647            9.4412
        33.016            253.671            9.4451
        33.016            253.695            9.4447
        33.016            253.719            9.4399
        33.016            253.744            9.4308
        33.016            253.768            9.4174
        33.016            253.792            9.3996
        33.016            253.816            9.3777
        33.016            253.840            9.3515
        33.016            253.864            9.3213
        33.016            253.888            9.2871
        33.032            253.262            8.8084
        33.032            253.286            8.8727
        33.032            253.310            8.9340
        33.032            253.334            8.9923
        33.032            253.358            9.0473
        33.032            253.382            9.0991
        33.032            253.406            9.1473
        33.032            253.431            9.1920
        33.032            253.455            9.2331
        33.032            253.479            9.2703
        33.032            253.503            9.3036
        33.032            253.527            9.3328
        33.032            253.551            9.3581
        33.032            253.575            9.3791
        33.032            253.599            9.3959
        33.032            253.623            9.4085
        33.032            253.647            9.4168
        33.032            253.671            9.4207
        33.032            253.695            9.4203
        33.032            253.719            9.4156
        33.032            253.744            9.4065
        33.032            253.768            9.3931
        33.032            253.792            9.3755
        33.032            253.816            9.3536
        33.032            253.840            9.3277
        33.032            253.864            9.2976
        33.032            253.888            9.2636
        33.048            253.262            8.7851
        33.048            253.286            8.8490
        33.048            253.310            8.9100
        33.048            253.334            8.9679
        33.048            253.358            9.0227
        33.048            253.382            9.0741
        33.048            253.406            9.1221
        33.048            253.431            9.1665
        33.048            253.455            9.2073
        33.048            253.479            9.2443
        33.048            253.503            9.2774
        33.048            253.527            9.3065
        33.048            253.551            9.3315
        33.048            253.575            9.3524
        33.048            253.599            9.3692
        33.048            253.623            9.3817
        33.048            253.647            9.3899
        33.048            253.671            9.3938
        33.048            253.695            9.3934
        33.048            253.719            9.3887
        33.048            253.744            9.3796
        33.048            253.768            9.3664
        33.048            253.792            9.3488
        33.048            253.816            9.3271
        33.048            253.840            9.3013
        33.048            253.864            9.2715
        33.048            253.888            9.2376
        33.064            253.262            8.7597
        33.064            253.286            8.8232
        33.064            253.310            8.8838
        33.064            253.334            8.9413
        33.064            253.358            8.9957
        33.064            253.382            9.0468
        33.064            253.406            9.0945
        33.064            253.431            9.1387
        33.064            253.455            9.1792
        33.064            253.479            9.2159
        33.064            253.503            9.2488
        33.064            253.527            9.2777
        33.064            253.551            9.3026
        33.064            253.575            9.3233
        33.064            253.599            9.3399
        33.064            253.623            9.3523
        33.064            253.647            9.3605
        33.064            253.671            9.3644
        33.064            253.695            9.3640
        33.064            253.719            9.3593
        33.064            253.744            9.3503
        33.064            253.768            9.3371
        33.064            253.792            9.3198
        33.064            253.816            9.2982
        33.064            253.840            9.2726
        33.064            253.864            9.2429
        33.064            253.888            9.2093
        33.080            253.262            8.7321
        33.080            253.286            8.7951
        33.080            253.310            8.8553
        33.080            253.334            8.9125
        33.080            253.358            8.9665
        33.080            253.382            9.0173
        33.080            253.406            9.0647
        33.080            253.431            9.1085
        33.080            253.455            9.1487
        33.080            253.479            9.1852
        33.080            253.503            9.2178
        33.080            253.527            9.2465
        33.080            253.551            9.2712
        33.080            253.575            9.2918
        33.080            253.599            9.3083
        33.080            253.623            9.3206
        33.080            253.647            9.3287
        33.080            253.671            9.3326
        33.080            253.695            9.3322
        33.080            253.719            9.3275
        33.080            253.744            9.3186
        33.080            253.768            9.3055
        33.080            253.792            9.2883
        33.080            253.816            9.2669
        33.080            253.840            9.2414
        33.080            253.864            9.2120
        33.080            253.888            9.1786
        33.096            253.262            8.7024
        33.096            253.286            8.7650
        33.096            253.310            8.8248
        33.096            253.334            8.8815
        33.096            253.358            8.9352
        33.096            253.382            8.9855
        33.096            253.406            9.0325
        33.096            253.431            9.0760
        33.096            253.455            9.1159
        33.096            253.479            9.1521
        33.096            253.503            9.1845
        33.096            253.527            9.2130
        33.096            253.551            9.2375
        33.096            253.575            9.2579
        33.096            253.599            9.2743
        33.096            253.623            9.2865
        33.096            253.647            9.2945
        33.096            253.671            9.2984
        33.096            253.695            9.2980
        33.096            253.719            9.2933
        33.096            253.744            9.2845
        33.096            253.768            9.2715
        33.096            253.792            9.2544
        33.096            253.816            9.2332
        33.096            253.840            9.2079
        33.096            253.864            9.1787
        33.096            253.888            9.1456
        33.112            253.262            8.6706
        33.112            253.286            8.7328
        33.112            253.310            8.7921
        33.112            253.334            8.8484
        33.112            253.358            8.9016
        33.112            253.382            8.9516
        33.112            253.406            8.9982
        33.112            253.431            9.0414
        33.112            253.455            9.0809
        33.112            253.479            9.1168
        33.112            253.503            9.1489
        33.112            253.527            9.1772
        33.112            253.551            9.2015
        33.112            253.575            9.2218
        33.112            253.599            9.2380
        33.112            253.623            9.2501
        33.112            253.647            9.2581
        33.112            253.671            9.2618
        33.112            253.695            9.2615
        33.112            253.719            9.2569
        33.112            253.744            9.2481
        33.112            253.768            9.2353
        33.112            253.792            9.2183
        33.112            253.816            9.1972
        33.112            253.840            9.1722
        33.112            253.864            9.1432
        33.112            253.888            9.1104
        33.127            253.262            8.6369
        33.127            253.286            8.6985
        33.127            253.310            8.7574
        33.127            253.334            8.8132
        33.127            253.358            8.8660
        33.127            253.382            8.9156
        33.127            253.406            8.9618
        33.127            253.431            9.0046
        33.127            253.455            9.0438
        33.127            253.479            9.0794
        33.127            253.503            9.1112
        33.127            253.527            9.1392
        33.127            253.551            9.1633
        33.127            253.575            9.1834
        33.127            253.599            9.1994
        33.127            253.623            9.2114
        33.127            253.647            9.2193
        33.127            253.671            9.2231
        33.127            253.695            9.2227
        33.127            253.719            9.2182
        33.127            253.744            9.2095
        33.127            253.768            9.1967
        33.127            253.792            9.1799
        33.127            253.816            9.1590
        33.127            253.840            9.1342
        33.127            253.864            9.1055
        33.127            253.888            9.0730
        33.143            253.262            8.6012
        33.143            253.286            8.6623
        33.143            253.310            8.7206
        33.143            253.334            8.7760
        33.143            253.358            8.8283
        33.143            253.382            8.8774
        33.143            253.406            8.9233
        33.143            253.431            8.9656
        33.143            253.455            9.0045
        33.143            253.479            9.0398
        33.143            253.503            9.0713
        33.143            253.527            9.0990
        33.143            253.551            9.1229
        33.143            253.575            9.1428
        33.143            253.599            9.1587
        33.143            253.623            9.1706
        33.143            253.647            9.1784
        33.143            253.671            9.1821
        33.143            253.695            9.1817
        33.143            253.719            9.1773
        33.143            253.744            9.1687
        33.143            253.768            9.1560
        33.143            253.792            9.1394
        33.143            253.816            9.1187
        33.143            253.840            9.0941
        33.143            253.864            9.0657
        33.143            253.888            9.0334
        33.159            253.262            8.5635
        33.159            253.286            8.6242
        33.159            253.310            8.6820
        33.159            253.334            8.7368
        33.159            253.358            8.7887
        33.159            253.382            8.8373
        33.159            253.406            8.8827
        33.159            253.431            8.9247
        33.159            253.455            8.9632
        33.159            253.479            8.9981
        33.159            253.503            9.0293
        33.159            253.527            9.0568
        33.159            253.551            9.0804
        33.159            253.575            9.1001
        33.159            253.599            9.1159
        33.159            253.623            9.1276
        33.159            253.647            9.1354
        33.159            253.671            9.1390
        33.159            253.695            9.1387
        33.159            253.719            9.1342
        33.159            253.744            9.1257
        33.159            253.768            9.1132
        33.159            253.792            9.0967
        33.159            253.816            9.0762
        33.159            253.840            9.0519
        33.159            253.864            9.0237
        33.159            253.888            8.9918
        33.175            253.262            8.5241
        33.175            253.286            8.5841
        33.175            253.310            8.6414
        33.175            253.334            8.6957
        33.175            253.358            8.7471
        33.175            253.382            8.7952
        33.175            253.406            8.8402
        33.175            253.431            8.8817
        33.175            253.455            8.9199
        33.175            253.479            8.9544
        33.175            253.503            8.9853
        33.175            253.527            9.0125
        33.175            253.551            9.0359
        33.175            253.575            9.0554
        33.175            253.599            9.0710
        33.175            253.623            9.0826
        33.175            253.647            9.0903
        33.175            253.671            9.0939
        33.175            253.695            9.0935
        33.175            253.719            9.0891
        33.175            253.744            9.0807
        33.175            253.768            9.0683
        33.175            253.792            9.0520
        33.175            253.816            9.0318
        33.175            253.840            9.0077
        33.175            253.864            8.9798
        33.175            253.888            8.9482
        33.191            253.262            8.4828
        33.191            253.286            8.5423
        33.191            253.310            8.5990
        33.191            253.334            8.6528
        33.191            253.358            8.7036
        33.191            253.382            8.7513
        33.191            253.406            8.7958
        33.191            253.431            8.8369
        33.191            253.455            8.8746
        33.191            253.479            8.9088
        33.191            253.503            8.9393
        33.191            253.527            8.9662
        33.191            253.551            8.9894
        33.191            253.575            9.0087
        33.191            253.599            9.0241
        33.191            253.623            9.0356
        33.191            253.647            9.0432
        33.191            253.671            9.0468
        33.191            253.695            9.0464
        33.191            253.719            9.0420
        33.191            253.744            9.0337
        33.191            253.768            9.0215
        33.191            253.792            9.0053
        33.191            253.816            8.9853
        33.191            253.840            8.9615
        33.191            253.864            8.9339
        33.191            253.888            8.9026
        33.207            253.262            8.4398
        33.207            253.286            8.4987
        33.207            253.310            8.5548
        33.207            253.334            8.6080
        33.207            253.358            8.6583
        33.207            253.382            8.7055
        33.207            253.406            8.7495
        33.207            253.431            8.7902
        33.207            253.455            8.8275
        33.207            253.479            8.8613
        33.207            253.503            8.8915
        33.207            253.527            8.9181
        33.207            253.551            8.9409
        33.207            253.575            8.9600
        33.207            253.599            8.9753
        33.207            253.623            8.9867
        33.207            253.647            8.9942
        33.207            253.671            8.9977
        33.207            253.695            8.9973
        33.207            253.719            8.9930
        33.207            253.744            8.9848
        33.207            253.768            8.9727
        33.207            253.792            8.9567
        33.207            253.816            8.9370
        33.207            253.840            8.9134
        33.207            253.864            8.8861
        33.207            253.888            8.8552
        33.223            253.262            8.3951
        33.223            253.286            8.4533
        33.223            253.310            8.5089
        33.223            253.334            8.5615
        33.223            253.358            8.6113
        33.223            253.382            8.6579
        33.223            253.406            8.7014
        33.223            253.431            8.7417
        33.223            253.455            8.7785
        33.223            253.479            8.8120
        33.223            253.503            8.8418
        33.223            253.527            8.8681
        33.223            253.551            8.8907
        33.223            253.575            8.9096
        33.223            253.599            8.9246
        33.223            253.623            8.9359
        33.223            253.647            8.9433
        33.223            253.671            8.9468
        33.223            253.695            8.9464
        33.223            253.719            8.9422
        33.223            253.744            8.9341
        33.223            253.768            8.9221
        33.223            253.792            8.9063
        33.223            253.816            8.8868
        33.223            253.840            8.8635
        33.223            253.864            8.8365
        33.223            253.888            8.8060
        33.239            253.262            8.3487
        33.239            253.286            8.4064
        33.239            253.310            8.4613
        33.239            253.334            8.5134
        33.239            253.358            8.5625
        33.239            253.382            8.6087
        33.239            253.406            8.6517
        33.239            253.431            8.6914
        33.239            253.455            8.7279
        33.239            253.479            8.7609
        33.239            253.503            8.7904
        33.239            253.527            8.8164
        33.239            253.551            8.8387
        33.239            253.575            8.8573
        33.239            253.599            8.8722
        33.239            253.623            8.8833
        33.239            253.647            8.8906
        33.239            253.671            8.8941
        33.239            253.695            8.8938
        33.239            253.719            8.8896
        33.239            253.744            8.8815
        33.239            253.768            8.8697
        33.239            253.792            8.8541
        33.239            253.816            8.8348
        33.239            253.840            8.8118
        33.239            253.864            8.7852
        33.239            253.888            8.7550
        33.255            253.262            8.3008
        33.255            253.286            8.3578
        33.255            253.310            8.4121
        33.255            253.334            8.4636
        33.255            253.358            8.5122
        33.255            253.382            8.5578
        33.255            253.406            8.6002
        33.255            253.431            8.6395
        33.255            253.455            8.6755
        33.255            253.479            8.7082
        33.255            253.503            8.7373
        33.255            253.527            8.7630
        33.255            253.551            8.7850
        33.255            253.575            8.8034
        33.255            253.599            8.8181
        33.255            253.623            8.8291
        33.255            253.647            8.8363
        33.255            253.671            8.8397
        33.255            253.695            8.8394
        33.255            253.719            8.8352
        33.255            253.744            8.8273
        33.255            253.768            8.8156
        33.255            253.792            8.8002
        33.255            253.816            8.7811
        33.255            253.840            8.7584
        33.255            253.864            8.7321
        33.255            253.888            8.7023
        33.271            253.262            8.2514
        33.271            253.286            8.3077
        33.271            253.310            8.3613
        33.271            253.334            8.4122
        33.271            253.358            8.4602
        33.271            253.382            8.5053
        33.271            253.406            8.5472
        33.271            253.431            8.5860
        33.271            253.455            8.6216
        33.271            253.479            8.6538
        33.271            253.503            8.6826
        33.271            253.527            8.7079
        33.271            253.551            8.7297
        33.271            253.575            8.7478
        33.271            253.599            8.7624
        33.271            253.623            8.7732
        33.271            253.647            8.7803
        33.271            253.671            8.7837
        33.271            253.695            8.7833
        33.271            253.719            8.7792
        33.271            253.744            8.7714
        33.271            253.768            8.7599
        33.271            253.792            8.7447
        33.271            253.816            8.7259
        33.271            253.840            8.7034
        33.271            253.864            8.6775
        33.271            253.888            8.6480
        33.287            253.262            8.2005
        33.287            253.286            8.2561
        33.287            253.310            8.3091
        33.287            253.334            8.3594
        33.287            253.358            8.4068
        33.287            253.382            8.4513
        33.287            253.406            8.4927
        33.287            253.431            8.5310
        33.287            253.455            8.5661
        33.287            253.479            8.5979
        33.287            253.503            8.6263
        33.287            253.527            8.6513
        33.287            253.551            8.6728
        33.287            253.575            8.6907
        33.287            253.599            8.7050
        33.287            253.623            8.7157
        33.287            253.647            8.7227
        33.287            253.671            8.7261
        33.287            253.695            8.7257
        33.287            253.719            8.7217
        33.287            253.744            8.7140
        33.287            253.768            8.7026
        33.287            253.792            8.6876
        33.287            253.816            8.6690
        33.287            253.840            8.6469
        33.287            253.864            8.6213
        33.287            253.888            8.5922
        33.303            253.262            8.1482
        33.303            253.286            8.2031
        33.303            253.310            8.2555
        33.303            253.334            8.3051
        33.303            253.358            8.3519
        33.303            253.382            8.3958
        33.303            253.406            8.4367
        33.303            253.431            8.4745
        33.303            253.455            8.5092
        33.303            253.479            8.5405
        33.303            253.503            8.5686
        33.303            253.527            8.5932
        33.303            253.551            8.6144
        33.303            253.575            8.6321
        33.303            253.599            8.6462
        33.303            253.623            8.6568
        33.303            253.647            8.6637
        33.303            253.671            8.6670
        33.303            253.695            8.6666
        33.303            253.719            8.6627
        33.303            253.744            8.6551
        33.303            253.768            8.6438
        33.303            253.792            8.6291
        33.303            253.816            8.6107
        33.303            253.840            8.5889
        33.303            253.864            8.5636
        33.303            253.888            8.5349
        33.319            253.262            8.0945
        33.319            253.286            8.1488
        33.319            253.310            8.2004
        33.319            253.334            8.2494
        33.319            253.358            8.2957
        33.319            253.382            8.3390
        33.319            253.406            8.3793
        33.319            253.431            8.4167
        33.319            253.455            8.4508
        33.319            253.479            8.4818
        33.319            253.503            8.5094
        33.319            253.527            8.5337
        33.319            253.551            8.5546
        33.319            253.575            8.5721
        33.319            253.599            8.5860
        33.319            253.623            8.5964
        33.319            253.647            8.6032
        33.319            253.671            8.6065
        33.319            253.695            8.6061
        33.319            253.719            8.6022
        33.319            253.744            8.5947
        33.319            253.768            8.5836
        33.319            253.792            8.5691
        33.319            253.816            8.5510
        33.319            253.840            8.5294
        33.319            253.864            8.5045
        33.319            253.888            8.4762
        33.335            253.262            8.0395
        33.335            253.286            8.0931
        33.335            253.310            8.1441
        33.335            253.334            8.1925
        33.335            253.358            8.2381
        33.335            253.382            8.2808
        33.335            253.406            8.3206
        33.335            253.431            8.3574
        33.335            253.455            8.3911
        33.335            253.479            8.4216
        33.335            253.503            8.4489
        33.335            253.527            8.4729
        33.335            253.551            8.4935
        33.335            253.575            8.5107
        33.335            253.599            8.5244
        33.335            253.623            8.5346
        33.335            253.647            8.5414
        33.335            253.671            8.5446
        33.335            253.695            8.5443
        33.335            253.719            8.5404
        33.335            253.744            8.5330
        33.335            253.768            8.5221
        33.335            253.792            8.5077
        33.335            253.816            8.4899
        33.335            253.840            8.4686
        33.335            253.864            8.4441
        33.335            253.888            8.4162
        33.350            253.262            7.9834
        33.350            253.286            8.0362
        33.350            253.310            8.0865
        33.350            253.334            8.1343
        33.350            253.358            8.1792
        33.350            253.382            8.2214
        33.350            253.406            8.2607
        33.350            253.431            8.2969
        33.350            253.455            8.3302
        33.350            253.479            8.3603
        33.350            253.503            8.3871
        33.350            253.527            8.4108
        33.350            253.551            8.4311
        33.350            253.575            8.4480
        33.350            253.599            8.4615
        33.350            253.623            8.4716
        33.350            253.647            8.4783
        33.350            253.671            8.4814
        33.350            253.695            8.4811
        33.350            253.719            8.4773
        33.350            253.744            8.4700
        33.350            253.768            8.4593
        33.350            253.792            8.4451
        33.350            253.816            8.4275
        33.350            253.840            8.4066
        33.350            253.864            8.3823
        33.350            253.888            8.3549
        33.366            253.262            7.9260
        33.366            253.286            7.9781
        33.366            253.310            8.0278
        33.366            253.334            8.0748
        33.366            253.358            8.1192
        33.366            253.382            8.1608
        33.366            253.406            8.1995
        33.366            253.431            8.2353
        33.366            253.455            8.2680
        33.366            253.479            8.2976
        33.366            253.503            8.3241
        33.366            253.527            8.3474
        33.366            253.551            8.3674
        33.366            253.575            8.3841
        33.366            253.599            8.3974
        33.366            253.623            8.4074
        33.366            253.647            8.4139
        33.366            253.671            8.4170
        33.366            253.695            8.4167
        33.366            253.719            8.4130
        33.366            253.744            8.4058
        33.366            253.768            8.3952
        33.366            253.792            8.3812
        33.366            253.816            8.3639
        33.366            253.840            8.3433
        33.366            253.864            8.3194
        33.366            253.888            8.2923
        33.382            253.262            7.8675
        33.382            253.286            7.9189
        33.382            253.310            7.9679
        33.382            253.334            8.0143
        33.382            253.358            8.0580
        33.382            253.382            8.0990
        33.382            253.406            8.1372
        33.382            253.431            8.1724
        33.382            253.455            8.2047
        33.382            253.479            8.2339
        33.382            253.503            8.2600
        33.382            253.527            8.2829
        33.382            253.551            8.3026
        33.382            253.575            8.3191
        33.382            253.599            8.3322
        33.382            253.623            8.3420
        33.382            253.647            8.3484
        33.382            253.671            8.3515
        33.382            253.695            8.3512
        33.382            253.719            8.3475
        33.382            253.744            8.3404
        33.382            253.768            8.3300
        33.382            253.792            8.3162
        33.382            253.816            8.2992
        33.382            253.840            8.2789
        33.382            253.864            8.2553
        33.382            253.888            8.2287
        33.398            253.262            7.8079
        33.398            253.286            7.8587
        33.398            253.310            7.9069
        33.398            253.334            7.9527
        33.398            253.358            7.9958
        33.398            253.382            8.0362
        33.398            253.406            8.0738
        33.398            253.431            8.1085
        33.398            253.455            8.1403
        33.398            253.479            8.1691
        33.398            253.503            8.1948
        33.398            253.527            8.2173
        33.398            253.551            8.2368
        33.398            253.575            8.2529
        33.398            253.599            8.2659
        33.398            253.623            8.2755
        33.398            253.647            8.2819
        33.398            253.671            8.2849
        33.398            253.695            8.2846
        33.398            253.719            8.2809
        33.398            253.744            8.2740
        33.398            253.768            8.2637
        33.398            253.792            8.2502
        33.398            253.816            8.2334
        33.398            253.840            8.2134
        33.398            253.864            8.1902
        33.398            253.888            8.1639
        33.414            253.262            7.7473
        33.414            253.286            7.7974
        33.414            253.310            7.8450
        33.414            253.334            7.8900
        33.414            253.358            7.9325
        33.414            253.382            7.9723
        33.414            253.406            8.0093
        33.414            253.431            8.0436
        33.414            253.455            8.0749
        33.414            253.479            8.1032
        33.414            253.503            8.1285
        33.414            253.527            8.1507
        33.414            253.551            8.1699
        33.414            253.575            8.1858
        33.414            253.599            8.1985
        33.414            253.623            8.2080
        33.414            253.647            8.2143
        33.414            253.671            8.2172
        33.414            253.695            8.2169
        33.414            253.719            8.2133
        33.414            253.744            8.2065
        33.414            253.768            8.1964
        33.414            253.792            8.1830
        33.414            253.816            8.1665
        33.414            253.840            8.1468
        33.414            253.864            8.1240
        33.414            253.888            8.0981
        33.430            253.262            7.6858
        33.430            253.286            7.7351
        33.430            253.310            7.7820
        33.430            253.334            7.8264
        33.430            253.358            7.8683
        33.430            253.382            7.9075
        33.430            253.406            7.9440
        33.430            253.431            7.9776
        33.430            253.455            8.0085
        33.430            253.479            8.0364
        33.430            253.503            8.0613
        33.430            253.527            8.0832
        33.430            253.551            8.1020
        33.430            253.575            8.1177
        33.430            253.599            8.1302
        33.430            253.623            8.1396
        33.430            253.647            8.1457
        33.430            253.671            8.1486
        33.430            253.695            8.1483
        33.430            253.719            8.1448
        33.430            253.744            8.1380
        33.430            253.768            8.1281
        33.430            253.792            8.1150
        33.430            253.816            8.0987
        33.430            253.840            8.0793
        33.430            253.864            8.0569
        33.430            253.888            8.0314
        33.446            253.262            7.6234
        33.446            253.286            7.6719
        33.446            253.310            7.7181
        33.446            253.334            7.7619
        33.446            253.358            7.8031
        33.446            253.382            7.8417
        33.446            253.406            7.8777
        33.446            253.431            7.9108
        33.446            253.455            7.9412
        33.446            253.479            7.9687
        33.446            253.503            7.9932
        33.446            253.527            8.0147
        33.446            253.551            8.0332
        33.446            253.575            8.0487
        33.446            253.599            8.0610
        33.446            253.623            8.0702
        33.446            253.647            8.0762
        33.446            253.671            8.0791
        33.446            253.695            8.0788
        33.446            253.719            8.0753
        33.446            253.744            8.0687
        33.446            253.768            8.0589
        33.446            253.792            8.0460
        33.446            253.816            8.0300
        33.446            253.840            8.0109
        33.446            253.864            7.9888
        33.446            253.888            7.9637
        33.462            253.262            7.5601
        33.462            253.286            7.6079
        33.462            253.310            7.6534
        33.462            253.334            7.6965
        33.462            253.358            7.7371
        33.462            253.382            7.7751
        33.462            253.406            7.8105
        33.462            253.431            7.8432
        33.462            253.455            7.8730
        33.462            253.479            7.9001
        33.462            253.503            7.9242
        33.462            253.527            7.9454
        33.462            253.551            7.9636
        33.462            253.575            7.9788
        33.462            253.599            7.9910
        33.462            253.623            8.0000
        33.462            253.647            8.0059
        33.462            253.671            8.0088
        33.462            253.695            8.0085
        33.462            253.719            8.0051
        33.462            253.744            7.9985
        33.462            253.768            7.9889
        33.462            253.792            7.9762
        33.462            253.816            7.9605
        33.462            253.840            7.9417
        33.462            253.864            7.9199
        33.462            253.888            7.8952
        33.478            253.262            7.4959
        33.478            253.286            7.5431
        33.478            253.310            7.5879
        33.478            253.334            7.6304
        33.478            253.358            7.6703
        33.478            253.382            7.7078
        33.478            253.406            7.7426
        33.478            253.431            7.7747
        33.478            253.455            7.8041
        33.478            253.479            7.8307
        33.478            253.503            7.8545
        33.478            253.527            7.8753
        33.478            253.551            7.8932
        33.478            253.575            7.9082
        33.478            253.599            7.9201
        33.478            253.623            7.9290
        33.478            253.647            7.9349
        33.478            253.671            7.9376
        33.478            253.695            7.9374
        33.478            253.719            7.9340
        33.478            253.744            7.9276
        33.478            253.768            7.9181
        33.478            253.792            7.9056
        33.478            253.816            7.8901
        33.478            253.840            7.8716
        33.478            253.864            7.8502
        33.478            253.888            7.8260
        33.494            253.262            7.4311
        33.494            253.286            7.4775
        33.494            253.310            7.5216
        33.494            253.334            7.5634
        33.494            253.358            7.6028
        33.494            253.382            7.6396
        33.494            253.406            7.6739
        33.494            253.431            7.7055
        33.494            253.455            7.7345
        33.494            253.479            7.7606
        33.494            253.503            7.7840
        33.494            253.527            7.8045
        33.494            253.551            7.8221
        33.494            253.575            7.8368
        33.494            253.599            7.8486
        33.494            253.623            7.8573
        33.494            253.647            7.8631
        33.494            253.671            7.8658
        33.494            253.695            7.8655
        33.494            253.719            7.8622
        33.494            253.744            7.8559
        33.494            253.768            7.8466
        33.494            253.792            7.8343
        33.494            253.816            7.8191
        33.494            253.840            7.8009
        33.494            253.864            7.7798
        33.494            253.888            7.7559
        33.510            253.262            7.3655
        33.510            253.286            7.4112
        33.510            253.310            7.4547
        33.510            253.334            7.4958
        33.510            253.358            7.5345
        33.510            253.382            7.5708
        33.510            253.406            7.6045
        33.510            253.431            7.6356
        33.510            253.455            7.6641
        33.510            253.479            7.6898
        33.510            253.503            7.7128
        33.510            253.527            7.7330
        33.510            253.551            7.7503
        33.510            253.575            7.7648
        33.510            253.599            7.7763
        33.510            253.623            7.7849
        33.510            253.647            7.7906
        33.510            253.671            7.7933
        33.510            253.695            7.7930
        33.510            253.719            7.7898
        33.510            253.744            7.7835
        33.510            253.768            7.7744
        33.510            253.792            7.7623
        33.510            253.816            7.7473
        33.510            253.840            7.7294
        33.510            253.864            7.7087
        33.510            253.888            7.6852
        33.526            253.262            7.2992
        33.526            253.286            7.3442
        33.526            253.310            7.3870
        33.526            253.334            7.4275
        33.526            253.358            7.4656
        33.526            253.382            7.5013
        33.526            253.406            7.5345
        33.526            253.431            7.5651
        33.526            253.455            7.5931
        33.526            253.479            7.6184
        33.526            253.503            7.6410
        33.526            253.527            7.6609
        33.526            253.551            7.6779
        33.526            253.575            7.6921
        33.526            253.599            7.7035
        33.526            253.623            7.7119
        33.526            253.647            7.7175
        33.526            253.671            7.7201
        33.526            253.695            7.7199
        33.526            253.719            7.7167
        33.526            253.744            7.7106
        33.526            253.768            7.7016
        33.526            253.792            7.6897
        33.526            253.816            7.6749
        33.526            253.840            7.6574
        33.526            253.864            7.6370
        33.526            253.888            7.6139
        33.542            253.262            7.2323
        33.542            253.286            7.2767
        33.542            253.310            7.3188
        33.542            253.334            7.3586
        33.542            253.358            7.3961
        33.542            253.382            7.4312
        33.542            253.406            7.4639
        33.542            253.431            7.4940
        33.542            253.455            7.5215
        33.542            253.479            7.5464
        33.542            253.503            7.5687
        33.542            253.527            7.5882
        33.542            253.551            7.6049
        33.542            253.575            7.6189
        33.542            253.599            7.6301
        33.542            253.623            7.6384
        33.542            253.647            7.6438
        33.542            253.671            7.6464
        33.542            253.695            7.6462
        33.542            253.719            7.6430
        33.542            253.744            7.6370
        33.542            253.768            7.6282
        33.542            253.792            7.6165
        33.542            253.816            7.6020
        33.542            253.840            7.5847
        33.542            253.864            7.5647
        33.542            253.888            7.5420
        33.558            253.262            7.1649
        33.558            253.286            7.2085
        33.558            253.310            7.2500
        33.558            253.334            7.2892
        33.558            253.358            7.3261
        33.558            253.382            7.3606
        33.558            253.406            7.3927
        33.558            253.431            7.4223
        33.558            253.455            7.4494
        33.558            253.479            7.4739
        33.558            253.503            7.4958
        33.558            253.527            7.5149
        33.558            253.551            7.5314
        33.558            253.575            7.5451
        33.558            253.599            7.5561
        33.558            253.623            7.5643
        33.558            253.647            7.5697
        33.558            253.671            7.5722
        33.558            253.695            7.5719
        33.558            253.719            7.5689
        33.558            253.744            7.5630
        33.558            253.768            7.5543
        33.558            253.792            7.5428
        33.558            253.816            7.5285
        33.558            253.840            7.5116
        33.558            253.864            7.4919
        33.558            253.888            7.4695
        33.574            253.262            7.0969
        33.574            253.286            7.1398
        33.574            253.310            7.1806
        33.574            253.334            7.2192
        33.574            253.358            7.2555
        33.574            253.382            7.2895
        33.574            253.406            7.3211
        33.574            253.431            7.3502
        33.574            253.455            7.3768
        33.574            253.479            7.4009
        33.574            253.503            7.4224
        33.574            253.527            7.4412
        33.574            253.551            7.4574
        33.574            253.575            7.4709
        33.574            253.599            7.4817
        33.574            253.623            7.4897
        33.574            253.647            7.4950
        33.574            253.671            7.4975
        33.574            253.695            7.4973
        33.574            253.719            7.4942
        33.574            253.744            7.4884
        33.574            253.768            7.4799
        33.574            253.792            7.4686
        33.574            253.816            7.4546
        33.574            253.840            7.4379
        33.574            253.864            7.4185
        33.574            253.888            7.3966
        33.589            253.262            7.0284
        33.589            253.286            7.0707
        33.589            253.310            7.1108
        33.589            253.334            7.1488
        33.589            253.358            7.1845
        33.589            253.382            7.2179
        33.589            253.406            7.2489
        33.589            253.431            7.2776
        33.589            253.455            7.3038
        33.589            253.479            7.3274
        33.589            253.503            7.3485
        33.589            253.527            7.3671
        33.589            253.551            7.3830
        33.589            253.575            7.3963
        33.589            253.599            7.4068
        33.589            253.623            7.4147
        33.589            253.647            7.4199
        33.589            253.671            7.4224
        33.589            253.695            7.4221
        33.589            253.719            7.4192
        33.589            253.744            7.4135
        33.589            253.768            7.4051
        33.589            253.792            7.3940
        33.589            253.816            7.3802
        33.589            253.840            7.3638
        33.589            253.864            7.3448
        33.589            253.888            7.3232
        33.605            253.262            6.9595
        33.605            253.286            7.0010
        33.605            253.310            7.0405
        33.605            253.334            7.0779
        33.605            253.358            7.1130
        33.605            253.382            7.1459
        33.605            253.406            7.1764
        33.605            253.431            7.2045
        33.605            253.455            7.2303
        33.605            253.479            7.2536
        33.605            253.503            7.2743
        33.605            253.527            7.2925
        33.605            253.551            7.3082
        33.605            253.575            7.3212
        33.605            253.599            7.3316
        33.605            253.623            7.3394
        33.605            253.647            7.3445
        33.605            253.671            7.3469
        33.605            253.695            7.3466
        33.605            253.719            7.3437
        33.605            253.744            7.3381
        33.605            253.768            7.3299
        33.605            253.792            7.3190
        33.605            253.816            7.3054
        33.605            253.840            7.2893
        33.605            253.864            7.2706
        33.605            253.888            7.2494
        33.621            253.262            6.8901
        33.621            253.286            6.9310
        33.621            253.310            6.9699
        33.621            253.334            7.0066
        33.621            253.358            7.0411
        33.621            253.382            7.0735
        33.621            253.406            7.1035
        33.621            253.431            7.1312
        33.621            253.455            7.1564
        33.621            253.479            7.1793
        33.621            253.503            7.1997
        33.621            253.527            7.2176
        33.621            253.551            7.2330
        33.621            253.575            7.2458
        33.621            253.599            7.2560
        33.621            253.623            7.2636
        33.621            253.647            7.2687
        33.621            253.671            7.2710
        33.621            253.695            7.2708
        33.621            253.719            7.2679
        33.621            253.744            7.2624
        33.621            253.768            7.2543
        33.621            253.792            7.2436
        33.621            253.816            7.2303
        33.621            253.840            7.2145
        33.621            253.864            7.1961
        33.621            253.888            7.1752
        33.637            253.262            6.8204
        33.637            253.286            6.8606
        33.637            253.310            6.8988
        33.637            253.334            6.9350
        33.637            253.358            6.9689
        33.637            253.382            7.0007
        33.637            253.406            7.0302
        33.637            253.431            7.0574
        33.637            253.455            7.0823
        33.637            253.479            7.1048
        33.637            253.503            7.1248
        33.637            253.527            7.1424
        33.637            253.551            7.1575
        33.637            253.575            7.1701
        33.637            253.599            7.1801
        33.637            253.623            7.1876
        33.637            253.647            7.1926
        33.637            253.671            7.1949
        33.637            253.695            7.1946
        33.637            253.719            7.1918
        33.637            253.744            7.1864
        33.637            253.768            7.1785
        33.637            253.792            7.1679
        33.637            253.816            7.1549
        33.637            253.840            7.1393
        33.637            253.864            7.1212
        33.637            253.888            7.1007
        33.653            253.262            6.7503
        33.653            253.286            6.7899
        33.653            253.310            6.8275
        33.653            253.334            6.8630
        33.653            253.358            6.8964
        33.653            253.382            6.9276
        33.653            253.406            6.9566
        33.653            253.431            6.9834
        33.653            253.455            7.0078
        33.653            253.479            7.0299
        33.653            253.503            7.0496
        33.653            253.527            7.0669
        33.653            253.551            7.0818
        33.653            253.575            7.0941
        33.653            253.599            7.1040
        33.653            253.623            7.1113
        33.653            253.647            7.1162
        33.653            253.671            7.1185
        33.653            253.695            7.1182
        33.653            253.719            7.1155
        33.653            253.744            7.1102
        33.653            253.768            7.1023
        33.653            253.792            7.0920
        33.653            253.816            7.0792
        33.653            253.840            7.0639
        33.653            253.864            7.0461
        33.653            253.888            7.0260
        33.669            253.262            6.6799
        33.669            253.286            6.7188
        33.669            253.310            6.7558
        33.669            253.334            6.7907
        33.669            253.358            6.8236
        33.669            253.382            6.8543
        33.669            253.406            6.8828
        33.669            253.431            6.9091
        33.669            253.455            6.9331
        33.669            253.479            6.9548
        33.669            253.503            6.9742
        33.669            253.527            6.9912
        33.669            253.551            7.0058
        33.669            253.575            7.0179
        33.669            253.599            7.0276
        33.669            253.623            7.0348
        33.669            253.647            7.0396
        33.669            253.671            7.0418
        33.669            253.695            7.0416
        33.669            253.719            7.0389
        33.669            253.744            7.0337
        33.669            253.768            7.0260
        33.669            253.792            7.0158
        33.669            253.816            7.0032
        33.669            253.840            6.9882
        33.669            253.864            6.9708
        33.669            253.888            6.9509
        33.685            253.262            6.6092
        33.685            253.286            6.6475
        33.685            253.310            6.6839
        33.685            253.334            6.7182
        33.685            253.358            6.7505
        33.685            253.382            6.7807
        33.685            253.406            6.8088
        33.685            253.431            6.8346
        33.685            253.455            6.8582
        33.685            253.479            6.8795
        33.685            253.503            6.8986
        33.685            253.527            6.9152
        33.685            253.551            6.9296
        33.685            253.575            6.9415
        33.685            253.599            6.9510
        33.685            253.623            6.9581
        33.685            253.647            6.9628
        33.685            253.671            6.9650
        33.685            253.695            6.9648
        33.685            253.719            6.9621
        33.685            253.744            6.9570
        33.685            253.768            6.9494
        33.685            253.792            6.9395
        33.685            253.816            6.9271
        33.685            253.840            6.9123
        33.685            253.864            6.8952
        33.685            253.888            6.8757
        33.701            253.262            6.5383
        33.701            253.286            6.5760
        33.701            253.310            6.6117
        33.701            253.334            6.6455
        33.701            253.358            6.6773
        33.701            253.382            6.7069
        33.701            253.406            6.7345
        33.701            253.431            6.7599
        33.701            253.455            6.7831
        33.701            253.479            6.8040
        33.701            253.503            6.8227
        33.701            253.527            6.8391
        33.701            253.551            6.8532
        33.701            253.575            6.8649
        33.701            253.599            6.8743
        33.701            253.623            6.8813
        33.701            253.647            6.8858
        33.701            253.671            6.8880
        33.701            253.695            6.8878
        33.701            253.719            6.8852
        33.701            253.744            6.8801
        33.701            253.768            6.8727
        33.701            253.792            6.8629
        33.701            253.816            6.8508
        33.701            253.840            6.8362
        33.701            253.864            6.8194
        33.701            253.888            6.8003
        33.717            253.262            6.4672
        33.717            253.286            6.5042
        33.717            253.310            6.5394
        33.717            253.334            6.5726
        33.717            253.358            6.6038
        33.717            253.382            6.6330
        33.717            253.406            6.6601
        33.717            253.431            6.6850
        33.717            253.455            6.7078
        33.717            253.479            6.7284
        33.717            253.503            6.7468
        33.717            253.527            6.7629
        33.717            253.551            6.7767
        33.717            253.575            6.7882
        33.717            253.599            6.7974
        33.717            253.623            6.8043
        33.717            253.647            6.8088
        33.717            253.671            6.8109
        33.717            253.695            6.8107
        33.717            253.719            6.8081
        33.717            253.744            6.8032
        33.717            253.768            6.7959
        33.717            253.792            6.7862
        33.717            253.816            6.7743
        33.717            253.840            6.7600
        33.717            253.864            6.7435
        33.717            253.888            6.7247
        33.733            253.262            6.3958
        33.733            253.286            6.4323
        33.733            253.310            6.4669
        33.733            253.334            6.4995
        33.733            253.358            6.5302
        33.733            253.382            6.5589
        33.733            253.406            6.5855
        33.733            253.431            6.6100
        33.733            253.455            6.6324
        33.733            253.479            6.6527
        33.733            253.503            6.6707
        33.733            253.527            6.6865
        33.733            253.551            6.7001
        33.733            253.575            6.7114
        33.733            253.599            6.7204
        33.733            253.623            6.7272
        33.733            253.647            6.7316
        33.733            253.671            6.7337
        33.733            253.695            6.7335
        33.733            253.719            6.7309
        33.733            253.744            6.7261
        33.733            253.768            6.7189
        33.733            253.792            6.7095
        33.733            253.816            6.6977
        33.733            253.840            6.6837
        33.733            253.864            6.6675
        33.733            253.888            6.6490
        33.749            253.262            6.3244
        33.749            253.286            6.3602
        33.749            253.310            6.3942
        33.749            253.334            6.4263
        33.749            253.358            6.4565
        33.749            253.382            6.4846
        33.749            253.406            6.5108
        33.749            253.431            6.5349
        33.749            253.455            6.5569
        33.749            253.479            6.5768
        33.749            253.503            6.5945
        33.749            253.527            6.6101
        33.749            253.551            6.6234
        33.749            253.575            6.6345
        33.749            253.599            6.6434
        33.749            253.623            6.6500
        33.749            253.647            6.6544
        33.749            253.671            6.6564
        33.749            253.695            6.6562
        33.749            253.719            6.6537
        33.749            253.744            6.6489
        33.749            253.768            6.6419
        33.749            253.792            6.6326
        33.749            253.816            6.6211
        33.749            253.840            6.6073
        33.749            253.864            6.5914
        33.749            253.888            6.5732
        33.765            253.262            6.2527
        33.765            253.286            6.2880
        33.765            253.310            6.3214
        33.765            253.334            6.3530
        33.765            253.358            6.3826
        33.765            253.382            6.4103
        33.765            253.406            6.4360
        33.765            253.431            6.4597
        33.765            253.455            6.4814
        33.765            253.479            6.5009
        33.765            253.503            6.5183
        33.765            253.527            6.5336
        33.765            253.551            6.5467
        33.765            253.575            6.5576
        33.765            253.599            6.5663
        33.765            253.623            6.5728
        33.765            253.647            6.5771
        33.765            253.671            6.5791
        33.765            253.695            6.5789
        33.765            253.719            6.5764
        33.765            253.744            6.5718
        33.765            253.768            6.5649
        33.765            253.792            6.5557
        33.765            253.816            6.5444
        33.765            253.840            6.5309
        33.765            253.864            6.5152
        33.765            253.888            6.4974
        33.781            253.262            6.1810
        33.781            253.286            6.2157
        33.781            253.310            6.2485
        33.781            253.334            6.2796
        33.781            253.358            6.3087
        33.781            253.382            6.3360
        33.781            253.406            6.3612
        33.781            253.431            6.3845
        33.781            253.455            6.4058
        33.781            253.479            6.4249
        33.781            253.503            6.4421
        33.781            253.527            6.4571
        33.781            253.551            6.4699
        33.781            253.575            6.4807
        33.781            253.599            6.4892
        33.781            253.623            6.4956
        33.781            253.647            6.4998
        33.781            253.671            6.5018
        33.781            253.695            6.5016
        33.781            253.719            6.4992
        33.781            253.744            6.4946
        33.781            253.768            6.4878
        33.781            253.792            6.4788
        33.781            253.816            6.4677
        33.781            253.840            6.4544
        33.781            253.864            6.4390
        33.781            253.888            6.4215
        33.797            253.262            6.1092
        33.797            253.286            6.1433
        33.797            253.310            6.1756
        33.797            253.334            6.2061
        33.797            253.358            6.2348
        33.797            253.382            6.2615
        33.797            253.406            6.2864
        33.797            253.431            6.3092
        33.797            253.455            6.3301
        33.797            253.479            6.3490
        33.797            253.503            6.3658
        33.797            253.527            6.3805
        33.797            253.551            6.3932
        33.797            253.575            6.4037
        33.797            253.599            6.4121
        33.797            253.623            6.4184
        33.797            253.647            6.4225
        33.797            253.671            6.4244
        33.797            253.695            6.4242
        33.797            253.719            6.4219
        33.797            253.744            6.4174
        33.797            253.768            6.4107
        33.797            253.792            6.4019
        33.797            253.816            6.3910
        33.797            253.840            6.3779
        33.797            253.864            6.3628
        33.797            253.888            6.3456
        33.812            253.262            6.0373
        33.812            253.286            6.0709
        33.812            253.310            6.1026
        33.812            253.334            6.1326
        33.812            253.358            6.1608
        33.812            253.382            6.1871
        33.812            253.406            6.2115
        33.812            253.431            6.2340
        33.812            253.455            6.2545
        33.812            253.479            6.2730
        33.812            253.503            6.2895
        33.812            253.527            6.3040
        33.812            253.551            6.3164
        33.812            253.575            6.3268
        33.812            253.599            6.3350
        33.812            253.623            6.3412
        33.812            253.647            6.3452
        33.812            253.671            6.3472
        33.812            253.695            6.3470
        33.812            253.719            6.3446
        33.812            253.744            6.3402
        33.812            253.768            6.3337
        33.812            253.792            6.3250
        33.812            253.816            6.3143
        33.812            253.840            6.3015
        33.812            253.864            6.2866
        33.812            253.888            6.2697
