"Access","Time (UTCG)","Noise Density (dBW/Hz)","S/T SNR1 (dB)","S/T PDet1","S/T Integrated SNR (dB)","S/T Integrated PDet","S/T Pulses Integrated","S/T Integration Time (sec)","S/T Dwell Time (sec)","S/T Noise Bandwidth (MHz)","S/T Noise Power (dBW)","S/T Ambig Tgt Velocity (m/s)","S/T Ambig MLC Velocity (m/s)","S/T Ambig Tgt Range (km)","S/T Integ. Det. Thresh. (dB)","S/T Integ. CFAR Multiple"
1,1 May 2024 19:27:29.123,-203.975159,-17.6225,0.000116,9.4702,0.000463,512,0.5110,0.5134,30.000,-129.204,-3.549,0.000,66.822162,27.7847,0.000000
1,1 May 2024 19:27:32.000,-203.975159,-17.5888,0.000116,9.5039,0.000468,512,0.5110,0.5134,30.000,-129.204,-3.549,0.000,66.112613,27.7847,0.000000
1,1 May 2024 19:27:35.000,-203.975159,-17.5537,0.000116,9.5390,0.000474,512,0.5110,0.5134,30.000,-129.204,-3.549,0.000,65.372801,27.7847,0.000000
1,1 May 2024 19:27:38.000,-203.975159,-17.5184,0.000116,9.5743,0.000480,512,0.5110,0.5134,30.000,-129.204,-3.549,0.000,64.632988,27.7847,0.000000
1,1 May 2024 19:27:41.000,-203.975159,-17.4831,0.000116,9.6096,0.000486,512,0.5110,0.5134,30.000,-129.204,-3.549,0.000,63.893175,27.7847,0.000000
1,1 May 2024 19:27:44.000,-203.975159,-17.4478,0.000116,9.6449,0.000491,512,0.5110,0.5134,30.000,-129.204,-3.549,0.000,63.153361,27.7847,0.000000
1,1 May 2024 19:27:47.000,-203.975159,-17.4123,0.000116,9.6804,0.000497,512,0.5110,0.5134,30.000,-129.204,-3.549,0.000,62.413547,27.7847,0.000000
1,1 May 2024 19:27:50.000,-203.975159,-17.3768,0.000117,9.7159,0.000503,512,0.5110,0.5134,30.000,-129.204,-3.549,0.000,61.673733,27.7847,0.000000
1,1 May 2024 19:27:53.000,-203.975159,-17.3412,0.000117,9.7515,0.000509,512,0.5110,0.5134,30.000,-129.204,-3.549,0.000,60.933918,27.7847,0.000000
1,1 May 2024 19:27:56.000,-203.975159,-17.3055,0.000117,9.7872,0.000516,512,0.5110,0.5134,30.000,-129.204,-3.549,0.000,60.194103,27.7847,0.000000
1,1 May 2024 19:27:59.000,-203.975159,-17.2698,0.000117,9.8229,0.000522,512,0.5110,0.5134,30.000,-129.204,-3.549,0.000,59.454287,27.7847,0.000000
1,1 May 2024 19:28:02.000,-203.975159,-17.2340,0.000117,9.8587,0.000530,512,0.5110,0.5134,30.000,-129.204,-3.549,0.000,58.714471,27.7847,0.000000
1,1 May 2024 19:28:05.000,-203.975159,-17.1981,0.000117,9.8946,0.000537,512,0.5110,0.5134,30.000,-129.204,-3.549,0.000,57.974655,27.7847,0.000000
1,1 May 2024 19:28:08.000,-203.975159,-17.1621,0.000117,9.9306,0.000544,512,0.5110,0.5134,30.000,-129.204,-3.549,0.000,57.234838,27.7847,0.000000
1,1 May 2024 19:28:11.000,-203.975159,-17.1261,0.000117,9.9666,0.000551,512,0.5110,0.5134,30.000,-129.204,-3.549,0.000,56.495021,27.7847,0.000000
1,1 May 2024 19:28:14.000,-203.975159,-17.0900,0.000118,10.0027,0.000558,512,0.5110,0.5134,30.000,-129.204,-3.549,0.000,55.755204,27.7847,0.000000
1,1 May 2024 19:28:17.000,-203.975159,-17.0538,0.000118,10.0389,0.000565,512,0.5110,0.5134,30.000,-129.204,-3.549,0.000,55.015386,27.7847,0.000000
1,1 May 2024 19:28:20.000,-203.975159,-17.0176,0.000118,10.0751,0.000572,512,0.5110,0.5134,30.000,-129.204,-3.549,0.000,54.275568,27.7847,0.000000
1,1 May 2024 19:28:23.000,-203.975159,-16.9812,0.000118,10.1115,0.000580,512,0.5110,0.5134,30.000,-129.204,-3.549,0.000,53.535750,27.7847,0.000000
1,1 May 2024 19:28:26.000,-203.975159,-16.9448,0.000118,10.1479,0.000589,512,0.5110,0.5134,30.000,-129.204,-3.549,0.000,52.795932,27.7847,0.000000
1,1 May 2024 19:28:29.000,-203.975159,-16.9083,0.000118,10.1844,0.000597,512,0.5110,0.5133,30.000,-129.204,-3.549,0.000,52.056113,27.7847,0.000000
1,1 May 2024 19:28:32.000,-203.975159,-16.8718,0.000119,10.2209,0.000606,512,0.5110,0.5133,30.000,-129.204,-3.549,0.000,51.316294,27.7847,0.000000
1,1 May 2024 19:28:35.000,-203.975159,-16.8351,0.000119,10.2576,0.000614,512,0.5110,0.5133,30.000,-129.204,-3.549,0.000,50.576475,27.7847,0.000000
1,1 May 2024 19:28:38.000,-203.975159,-16.7984,0.000119,10.2943,0.000623,512,0.5110,0.5133,30.000,-129.204,-3.549,0.000,49.836655,27.7847,0.000000
1,1 May 2024 19:28:41.000,-203.975159,-16.7616,0.000119,10.3311,0.000631,512,0.5110,0.5133,30.000,-129.204,-3.549,0.000,49.096836,27.7847,0.000000
1,1 May 2024 19:28:44.000,-203.975159,-16.7247,0.000119,10.3680,0.000640,512,0.5110,0.5133,30.000,-129.204,-3.549,0.000,48.357016,27.7847,0.000000
1,1 May 2024 19:28:47.000,-203.975159,-16.6878,0.000119,10.4049,0.000651,512,0.5110,0.5133,30.000,-129.204,-3.549,0.000,47.617196,27.7847,0.000000
1,1 May 2024 19:28:50.000,-203.975159,-16.6507,0.000119,10.4420,0.000661,512,0.5110,0.5133,30.000,-129.204,-3.549,0.000,46.877375,27.7847,0.000000
1,1 May 2024 19:28:53.000,-203.975159,-16.6136,0.000120,10.4791,0.000670,512,0.5110,0.5133,30.000,-129.204,-3.549,0.000,46.137555,27.7847,0.000000
1,1 May 2024 19:28:56.000,-203.975159,-16.5764,0.000120,10.5163,0.000680,512,0.5110,0.5133,30.000,-129.204,-3.549,0.000,45.397734,27.7847,0.000000
1,1 May 2024 19:28:59.000,-203.975159,-16.5392,0.000120,10.5535,0.000691,512,0.5110,0.5133,30.000,-129.204,-3.549,0.000,44.657914,27.7847,0.000000
1,1 May 2024 19:29:02.000,-203.975159,-16.5018,0.000120,10.5909,0.000701,512,0.5110,0.5133,30.000,-129.204,-3.549,0.000,43.918093,27.7847,0.000000
1,1 May 2024 19:29:05.000,-203.975159,-16.4644,0.000120,10.6283,0.000712,512,0.5110,0.5133,30.000,-129.204,-3.549,0.000,43.178272,27.7847,0.000000
1,1 May 2024 19:29:08.000,-203.975159,-16.4269,0.000120,10.6658,0.000724,512,0.5110,0.5133,30.000,-129.204,-3.549,0.000,42.438451,27.7847,0.000000
1,1 May 2024 19:29:11.000,-203.975159,-16.3893,0.000121,10.7034,0.000736,512,0.5110,0.5133,30.000,-129.204,-3.549,0.000,41.698629,27.7847,0.000000
1,1 May 2024 19:29:14.000,-203.975159,-16.3516,0.000121,10.7411,0.000747,512,0.5110,0.5133,30.000,-129.204,-3.549,0.000,40.958808,27.7847,0.000000
1,1 May 2024 19:29:17.000,-203.975159,-16.3138,0.000121,10.7789,0.000759,512,0.5110,0.5133,30.000,-129.204,-3.549,0.000,40.218987,27.7847,0.000000
1,1 May 2024 19:29:20.000,-203.975159,-16.2760,0.000121,10.8167,0.000771,512,0.5110,0.5133,30.000,-129.204,-3.549,0.000,39.479165,27.7847,0.000000
1,1 May 2024 19:29:23.000,-203.975159,-16.2381,0.000121,10.8546,0.000783,512,0.5110,0.5133,30.000,-129.204,-3.549,0.000,38.739344,27.7847,0.000000
1,1 May 2024 19:29:26.000,-203.975159,-16.2001,0.000122,10.8926,0.000796,512,0.5110,0.5133,30.000,-129.204,-3.549,0.000,37.999522,27.7847,0.000000
1,1 May 2024 19:29:29.000,-203.975159,-16.1620,0.000122,10.9307,0.000811,512,0.5110,0.5132,30.000,-129.204,-3.549,0.000,37.259700,27.7847,0.000000
1,1 May 2024 19:29:32.000,-203.975159,-16.1238,0.000122,10.9689,0.000825,512,0.5110,0.5132,30.000,-129.204,-3.550,0.000,36.519879,27.7847,0.000000
1,1 May 2024 19:29:35.000,-203.975159,-16.0855,0.000122,11.0072,0.000839,512,0.5110,0.5132,30.000,-129.204,-3.550,0.000,35.780057,27.7847,0.000000
1,1 May 2024 19:29:38.000,-203.975159,-16.0472,0.000122,11.0455,0.000853,512,0.5110,0.5132,30.000,-129.204,-3.550,0.000,35.040236,27.7847,0.000000
1,1 May 2024 19:29:41.000,-203.975159,-16.0088,0.000122,11.0839,0.000867,512,0.5110,0.5132,30.000,-129.204,-3.550,0.000,34.300414,27.7847,0.000000
1,1 May 2024 19:29:44.000,-203.975159,-15.9703,0.000123,11.1224,0.000882,512,0.5110,0.5132,30.000,-129.204,-3.550,0.000,33.560593,27.7847,0.000000
1,1 May 2024 19:29:47.000,-203.975159,-15.9317,0.000123,11.1610,0.000900,512,0.5110,0.5132,30.000,-129.204,-3.550,0.000,32.820771,27.7847,0.000000
1,1 May 2024 19:29:50.000,-203.975159,-15.8930,0.000123,11.1997,0.000916,512,0.5110,0.5132,30.000,-129.204,-3.550,0.000,32.080950,27.7847,0.000000
1,1 May 2024 19:29:53.000,-203.975159,-15.8542,0.000123,11.2385,0.000932,512,0.5110,0.5132,30.000,-129.204,-3.550,0.000,31.341129,27.7847,0.000000
1,1 May 2024 19:29:56.000,-203.975159,-15.8154,0.000123,11.2773,0.000948,512,0.5110,0.5132,30.000,-129.204,-3.550,0.000,30.601307,27.7847,0.000000
1,1 May 2024 19:29:59.000,-203.975159,-15.7764,0.000124,11.3163,0.000966,512,0.5110,0.5132,30.000,-129.204,-3.550,0.000,29.861486,27.7847,0.000000
1,1 May 2024 19:30:02.000,-203.975159,-15.7374,0.000124,11.3553,0.000983,512,0.5110,0.5132,30.000,-129.204,-3.551,0.000,29.121665,27.7847,0.000000
1,1 May 2024 19:30:05.000,-203.975159,-15.6983,0.000124,11.3944,0.001004,512,0.5110,0.5132,30.000,-129.204,-3.551,0.000,28.381844,27.7847,0.000000
1,1 May 2024 19:30:08.000,-203.975159,-15.6591,0.000124,11.4336,0.001022,512,0.5110,0.5132,30.000,-129.204,-3.551,0.000,27.642023,27.7847,0.000000
1,1 May 2024 19:30:11.000,-203.975159,-15.6198,0.000125,11.4729,0.001042,512,0.5110,0.5132,30.000,-129.204,-3.551,0.000,26.902203,27.7847,0.000000
1,1 May 2024 19:30:14.000,-203.975159,-15.5804,0.000125,11.5123,0.001061,512,0.5110,0.5132,30.000,-129.204,-3.551,0.000,26.162382,27.7847,0.000000
1,1 May 2024 19:30:17.000,-203.975159,-15.5409,0.000125,11.5518,0.001081,512,0.5110,0.5132,30.000,-129.204,-3.551,0.000,25.422562,27.7847,0.000000
1,1 May 2024 19:30:20.000,-203.975159,-15.5013,0.000125,11.5914,0.001102,512,0.5110,0.5132,30.000,-129.204,-3.551,0.000,24.682742,27.7847,0.000000
1,1 May 2024 19:30:23.000,-203.975159,-15.4617,0.000125,11.6310,0.001127,512,0.5110,0.5132,30.000,-129.204,-3.552,0.000,23.942923,27.7847,0.000000
1,1 May 2024 19:30:26.000,-203.975159,-15.4219,0.000126,11.6708,0.001149,512,0.5110,0.5132,30.000,-129.204,-3.552,0.000,23.203103,27.7847,0.000000
1,1 May 2024 19:30:29.000,-203.975159,-15.3821,0.000126,11.7106,0.001172,512,0.5110,0.5131,30.000,-129.204,-3.552,0.000,22.463284,27.7847,0.000000
1,1 May 2024 19:30:32.000,-203.975159,-15.3422,0.000126,11.7505,0.001195,512,0.5110,0.5131,30.000,-129.204,-3.552,0.000,21.723465,27.7847,0.000000
1,1 May 2024 19:30:35.000,-203.975159,-15.3022,0.000126,11.7905,0.001219,512,0.5110,0.5131,30.000,-129.204,-3.552,0.000,20.983646,27.7847,0.000000
1,1 May 2024 19:30:38.000,-203.975159,-15.2621,0.000127,11.8306,0.001247,512,0.5110,0.5131,30.000,-129.204,-3.553,0.000,20.243828,27.7847,0.000000
1,1 May 2024 19:30:41.000,-203.975159,-15.2218,0.000127,11.8709,0.001273,512,0.5110,0.5131,30.000,-129.204,-3.553,0.000,19.504010,27.7847,0.000000
1,1 May 2024 19:30:44.000,-203.975159,-15.1816,0.000127,11.9111,0.001299,512,0.5110,0.5131,30.000,-129.204,-3.553,0.000,18.764192,27.7847,0.000000
1,1 May 2024 19:30:47.000,-203.975159,-15.1412,0.000127,11.9515,0.001327,512,0.5110,0.5131,30.000,-129.204,-3.553,0.000,18.024374,27.7847,0.000000
1,1 May 2024 19:30:50.000,-203.975159,-15.1007,0.000128,11.9920,0.001355,512,0.5110,0.5131,30.000,-129.204,-3.553,0.000,17.284558,27.7847,0.000000
1,1 May 2024 19:30:53.000,-203.975159,-15.0601,0.000128,12.0326,0.001387,512,0.5110,0.5131,30.000,-129.204,-3.554,0.000,16.544741,27.7847,0.000000
1,1 May 2024 19:30:56.000,-203.975159,-15.0194,0.000128,12.0733,0.001417,512,0.5110,0.5131,30.000,-129.204,-3.554,0.000,15.804925,27.7847,0.000000
1,1 May 2024 19:30:59.000,-203.975159,-14.9786,0.000128,12.1140,0.001448,512,0.5110,0.5131,30.000,-129.204,-3.554,0.000,15.065108,27.7847,0.000000
1,1 May 2024 19:31:02.000,-203.975159,-14.9378,0.000129,12.1549,0.001480,512,0.5110,0.5131,30.000,-129.204,-3.554,0.000,14.325293,27.7847,0.000000
1,1 May 2024 19:31:05.000,-203.975159,-14.8968,0.000129,12.1959,0.001513,512,0.5110,0.5131,30.000,-129.204,-3.554,0.000,13.585478,27.7847,0.000000
1,1 May 2024 19:31:08.000,-203.975159,-14.8558,0.000129,12.2369,0.001551,512,0.5110,0.5131,30.000,-129.204,-3.555,0.000,12.845663,27.7847,0.000000
1,1 May 2024 19:31:11.000,-203.975159,-14.8146,0.000129,12.2781,0.001586,512,0.5110,0.5131,30.000,-129.204,-3.555,0.000,12.105849,27.7847,0.000000
1,1 May 2024 19:31:14.000,-203.975159,-14.7734,0.000130,12.3193,0.001622,512,0.5110,0.5131,30.000,-129.204,-3.555,0.000,11.366036,27.7847,0.000000
1,1 May 2024 19:31:17.000,-203.975159,-14.7320,0.000130,12.3607,0.001659,512,0.5110,0.5131,30.000,-129.204,-3.555,0.000,10.626222,27.7847,0.000000
1,1 May 2024 19:31:20.000,-203.975159,-14.6905,0.000130,12.4022,0.001703,512,0.5110,0.5131,30.000,-129.204,-3.556,0.000,9.886410,27.7847,0.000000
1,1 May 2024 19:31:23.000,-203.975159,-14.6490,0.000130,12.4437,0.001743,512,0.5110,0.5131,30.000,-129.204,-3.556,0.000,9.146598,27.7847,0.000000
1,1 May 2024 19:31:26.000,-203.975159,-14.6073,0.000131,12.4854,0.001784,512,0.5110,0.5131,30.000,-129.204,-3.556,0.000,8.406786,27.7847,0.000000
1,1 May 2024 19:31:29.000,-203.975159,-14.5656,0.000131,12.5271,0.001827,512,0.5110,0.5131,30.000,-129.204,-3.557,0.000,7.666975,27.7847,0.000000
1,1 May 2024 19:31:32.000,-203.975159,-14.5237,0.000131,12.5690,0.001876,512,0.5110,0.5130,30.000,-129.204,-3.557,0.000,6.927165,27.7847,0.000000
1,1 May 2024 19:31:35.000,-203.975159,-14.4818,0.000132,12.6109,0.001922,512,0.5110,0.5130,30.000,-129.204,-3.557,0.000,6.187355,27.7847,0.000000
1,1 May 2024 19:31:38.000,-203.975159,-14.4397,0.000132,12.6530,0.001969,512,0.5110,0.5130,30.000,-129.204,-3.557,0.000,5.447546,27.7847,0.000000
1,1 May 2024 19:31:41.000,-203.975159,-14.3976,0.000132,12.6951,0.002018,512,0.5110,0.5130,30.000,-129.204,-3.558,0.000,4.707738,27.7847,0.000000
1,1 May 2024 19:31:44.000,-203.975159,-14.3553,0.000133,12.7374,0.002074,512,0.5110,0.5130,30.000,-129.204,-3.558,0.000,3.967930,27.7847,0.000000
1,1 May 2024 19:31:47.000,-203.975159,-14.3130,0.000133,12.7797,0.002127,512,0.5110,0.5130,30.000,-129.204,-3.558,0.000,3.228123,27.7847,0.000000
1,1 May 2024 19:31:50.000,-203.975159,-14.2705,0.000133,12.8222,0.002181,512,0.5110,0.5130,30.000,-129.204,-3.559,0.000,2.488316,27.7847,0.000000
1,1 May 2024 19:31:53.000,-203.975159,-14.2279,0.000133,12.8648,0.002238,512,0.5110,0.5130,30.000,-129.204,-3.559,0.000,1.748511,27.7847,0.000000
1,1 May 2024 19:31:56.000,-203.975159,-14.1853,0.000134,12.9074,0.002302,512,0.5110,0.5130,30.000,-129.204,-3.559,0.000,1.008705,27.7847,0.000000
1,1 May 2024 19:31:59.000,-203.975159,-14.1425,0.000134,12.9502,0.002363,512,0.5110,0.5130,30.000,-129.204,-3.560,0.000,0.268901,27.7847,0.000000
1,1 May 2024 19:32:02.000,-203.975159,-14.0996,0.000134,12.9931,0.002425,512,0.5110,0.5130,30.000,-129.204,-3.560,0.000,149.425327,27.7847,0.000000
1,1 May 2024 19:32:05.000,-203.975159,-14.0566,0.000135,13.0361,0.002490,512,0.5110,0.5130,30.000,-129.204,-3.560,0.000,148.685524,27.7847,0.000000
1,1 May 2024 19:32:08.000,-203.975159,-14.0135,0.000135,13.0792,0.002564,512,0.5110,0.5130,30.000,-129.204,-3.561,0.000,147.945722,27.7847,0.000000
1,1 May 2024 19:32:11.000,-203.975159,-13.9703,0.000135,13.1224,0.002635,512,0.5110,0.5130,30.000,-129.204,-3.561,0.000,147.205922,27.7847,0.000000
1,1 May 2024 19:32:14.000,-203.975159,-13.9270,0.000136,13.1657,0.002707,512,0.5110,0.5130,30.000,-129.204,-3.562,0.000,146.466122,27.7847,0.000000
1,1 May 2024 19:32:17.000,-203.975159,-13.8836,0.000136,13.2091,0.002782,512,0.5110,0.5130,30.000,-129.204,-3.562,0.000,145.726322,27.7847,0.000000
1,1 May 2024 19:32:20.000,-203.975159,-13.8401,0.000136,13.2526,0.002868,512,0.5110,0.5130,30.000,-129.204,-3.562,0.000,144.986524,27.7847,0.000000
1,1 May 2024 19:32:23.000,-203.975159,-13.7964,0.000137,13.2963,0.002950,512,0.5110,0.5130,30.000,-129.204,-3.563,0.000,144.246726,27.7847,0.000000
1,1 May 2024 19:32:26.000,-203.975159,-13.7527,0.000137,13.3400,0.003034,512,0.5110,0.5130,30.000,-129.204,-3.563,0.000,143.506930,27.7847,0.000000
1,1 May 2024 19:32:29.000,-203.975159,-13.7088,0.000137,13.3839,0.003130,512,0.5110,0.5130,30.000,-129.204,-3.563,0.000,142.767134,27.7847,0.000000
1,1 May 2024 19:32:32.000,-203.975159,-13.6649,0.000138,13.4278,0.003221,512,0.5110,0.5129,30.000,-129.204,-3.564,0.000,142.027340,27.7847,0.000000
1,1 May 2024 19:32:35.000,-203.975159,-13.6208,0.000138,13.4719,0.003316,512,0.5110,0.5129,30.000,-129.204,-3.564,0.000,141.287546,27.7847,0.000000
1,1 May 2024 19:32:38.000,-203.975159,-13.5766,0.000139,13.5161,0.003414,512,0.5110,0.5129,30.000,-129.204,-3.565,0.000,140.547753,27.7847,0.000000
1,1 May 2024 19:32:41.000,-203.975159,-13.5323,0.000139,13.5604,0.003526,512,0.5110,0.5129,30.000,-129.204,-3.565,0.000,139.807962,27.7847,0.000000
1,1 May 2024 19:32:44.000,-203.975159,-13.4879,0.000139,13.6048,0.003633,512,0.5110,0.5129,30.000,-129.204,-3.566,0.000,139.068171,27.7847,0.000000
1,1 May 2024 19:32:47.000,-203.975159,-13.4433,0.000140,13.6494,0.003743,512,0.5110,0.5129,30.000,-129.204,-3.566,0.000,138.328382,27.7847,0.000000
1,1 May 2024 19:32:50.000,-203.975159,-13.3987,0.000145,13.6940,0.003869,512,0.5110,0.5129,30.000,-129.204,-3.567,0.000,137.588594,27.7847,0.000000
1,1 May 2024 19:32:53.000,-203.975159,-13.3539,0.000146,13.7388,0.003989,512,0.5110,0.5129,30.000,-129.204,-3.567,0.000,136.848806,27.7847,0.000000
1,1 May 2024 19:32:56.000,-203.975159,-13.3090,0.000146,13.7837,0.004114,512,0.5110,0.5129,30.000,-129.204,-3.567,0.000,136.109021,27.7847,0.000000
1,1 May 2024 19:32:59.000,-203.975159,-13.2641,0.000147,13.8286,0.004256,512,0.5110,0.5129,30.000,-129.204,-3.568,0.000,135.369236,27.7847,0.000000
1,1 May 2024 19:33:02.000,-203.975159,-13.2189,0.000147,13.8738,0.004392,512,0.5110,0.5129,30.000,-129.204,-3.568,0.000,134.629452,27.7847,0.000000
1,1 May 2024 19:33:05.000,-203.975159,-13.1737,0.000148,13.9190,0.004533,512,0.5110,0.5129,30.000,-129.204,-3.569,0.000,133.889670,27.7847,0.000000
1,1 May 2024 19:33:08.000,-203.975159,-13.1284,0.000149,13.9643,0.004693,512,0.5110,0.5129,30.000,-129.204,-3.569,0.000,133.149888,27.7847,0.000000
1,1 May 2024 19:33:11.000,-203.975159,-13.0829,0.000149,14.0098,0.004847,512,0.5110,0.5129,30.000,-129.204,-3.570,0.000,132.410109,27.7847,0.000000
1,1 May 2024 19:33:14.000,-203.975159,-13.0373,0.000150,14.0554,0.005007,512,0.5110,0.5129,30.000,-129.204,-3.570,0.000,131.670330,27.7847,0.000000
1,1 May 2024 19:33:17.000,-203.975159,-12.9916,0.000150,14.1011,0.005188,512,0.5110,0.5129,30.000,-129.204,-3.571,0.000,130.930553,27.7847,0.000000
1,1 May 2024 19:33:20.000,-203.975159,-12.9458,0.000151,14.1469,0.005363,512,0.5110,0.5129,30.000,-129.204,-3.572,0.000,130.190777,27.7847,0.000000
1,1 May 2024 19:33:23.000,-203.975159,-12.8999,0.000151,14.1928,0.005545,512,0.5110,0.5129,30.000,-129.204,-3.572,0.000,129.451002,27.7847,0.000000
1,1 May 2024 19:33:26.000,-203.975159,-12.8538,0.000152,14.2389,0.005750,512,0.5110,0.5129,30.000,-129.204,-3.573,0.000,128.711229,27.7847,0.000000
1,1 May 2024 19:33:29.000,-203.975159,-12.8076,0.000153,14.2851,0.005950,512,0.5110,0.5129,30.000,-129.204,-3.573,0.000,127.971457,27.7847,0.000000
1,1 May 2024 19:33:32.000,-203.975159,-12.7613,0.000153,14.3314,0.006172,512,0.5110,0.5128,30.000,-129.204,-3.574,0.000,127.231687,27.7847,0.000000
1,1 May 2024 19:33:35.000,-203.975159,-12.7149,0.000154,14.3778,0.006391,512,0.5110,0.5128,30.000,-129.204,-3.574,0.000,126.491918,27.7847,0.000000
1,1 May 2024 19:33:38.000,-203.975159,-12.6683,0.000154,14.4244,0.006618,512,0.5110,0.5128,30.000,-129.204,-3.575,0.000,125.752151,27.7847,0.000000
1,1 May 2024 19:33:41.000,-203.975159,-12.6216,0.000155,14.4711,0.006872,512,0.5110,0.5128,30.000,-129.204,-3.576,0.000,125.012385,27.7847,0.000000
1,1 May 2024 19:33:44.000,-203.975159,-12.5748,0.000156,14.5179,0.007121,512,0.5110,0.5128,30.000,-129.204,-3.576,0.000,124.272621,27.7847,0.000000
1,1 May 2024 19:33:47.000,-203.975159,-12.5279,0.000156,14.5648,0.007380,512,0.5110,0.5128,30.000,-129.204,-3.577,0.000,123.532858,27.7847,0.000000
1,1 May 2024 19:33:50.000,-203.975159,-12.4808,0.000157,14.6119,0.007671,512,0.5110,0.5128,30.000,-129.204,-3.577,0.000,122.793097,27.7847,0.000000
1,1 May 2024 19:33:53.000,-203.975159,-12.4336,0.000158,14.6591,0.007956,512,0.5110,0.5128,30.000,-129.204,-3.578,0.000,122.053337,27.7847,0.000000
1,1 May 2024 19:33:56.000,-203.975159,-12.3863,0.000158,14.7064,0.008273,512,0.5110,0.5128,30.000,-129.204,-3.579,0.000,121.313580,27.7847,0.000000
1,1 May 2024 19:33:59.000,-203.975159,-12.3389,0.000159,14.7538,0.008586,512,0.5110,0.5128,30.000,-129.204,-3.579,0.000,120.573823,27.7847,0.000000
1,1 May 2024 19:34:02.000,-203.975159,-12.2913,0.000160,14.8014,0.008933,512,0.5110,0.5128,30.000,-129.204,-3.580,0.000,119.834069,27.7847,0.000000
1,1 May 2024 19:34:05.000,-203.975159,-12.2436,0.000160,14.8491,0.009277,512,0.5110,0.5128,30.000,-129.204,-3.581,0.000,119.094316,27.7847,0.000000
1,1 May 2024 19:34:08.000,-203.975159,-12.1957,0.000161,14.8970,0.009636,512,0.5110,0.5128,30.000,-129.204,-3.581,0.000,118.354565,27.7847,0.000000
1,1 May 2024 19:34:11.000,-203.975159,-12.1478,0.000162,14.9449,0.010036,512,0.5110,0.5128,30.000,-129.204,-3.582,0.000,117.614815,27.7847,0.000000
1,1 May 2024 19:34:14.000,-203.975159,-12.0996,0.000163,14.9931,0.010431,512,0.5110,0.5128,30.000,-129.204,-3.583,0.000,116.875068,27.7847,0.000000
1,1 May 2024 19:34:17.000,-203.975159,-12.0514,0.000163,15.0413,0.010869,512,0.5110,0.5128,30.000,-129.204,-3.583,0.000,116.135322,27.7847,0.000000
1,1 May 2024 19:34:20.000,-203.975159,-12.0030,0.000164,15.0897,0.011304,512,0.5110,0.5128,30.000,-129.204,-3.584,0.000,115.395579,27.7847,0.000000
1,1 May 2024 19:34:23.000,-203.975159,-11.9545,0.000165,15.1382,0.011786,512,0.5110,0.5128,30.000,-129.204,-3.585,0.000,114.655837,27.7847,0.000000
1,1 May 2024 19:34:26.000,-203.975159,-11.9059,0.000166,15.1868,0.012266,512,0.5110,0.5128,30.000,-129.204,-3.586,0.000,113.916097,27.7847,0.000000
1,1 May 2024 19:34:29.000,-203.975159,-11.8571,0.000167,15.2356,0.012796,512,0.5110,0.5128,30.000,-129.204,-3.586,0.000,113.176360,27.7847,0.000000
1,1 May 2024 19:34:32.000,-203.975159,-11.8082,0.000167,15.2845,0.013325,512,0.5110,0.5128,30.000,-129.204,-3.587,0.000,112.436623,27.7847,0.000000
1,1 May 2024 19:34:35.000,-203.975159,-11.7591,0.000168,15.3336,0.013909,512,0.5110,0.5127,30.000,-129.204,-3.588,0.000,111.696890,27.7847,0.000000
1,1 May 2024 19:34:38.000,-203.975159,-11.7099,0.000169,15.3828,0.014494,512,0.5110,0.5127,30.000,-129.204,-3.589,0.000,110.957158,27.7847,0.000000
1,1 May 2024 19:34:41.000,-203.975159,-11.6606,0.000170,15.4321,0.015137,512,0.5110,0.5127,30.000,-129.204,-3.589,0.000,110.217428,27.7847,0.000000
1,1 May 2024 19:34:44.000,-203.975159,-11.6111,0.000171,15.4816,0.015783,512,0.5110,0.5127,30.000,-129.204,-3.590,0.000,109.477700,27.7847,0.000000
1,1 May 2024 19:34:47.000,-203.975159,-11.5615,0.000172,15.5312,0.016494,512,0.5110,0.5127,30.000,-129.204,-3.591,0.000,108.737975,27.7847,0.000000
1,1 May 2024 19:34:50.000,-203.975159,-11.5118,0.000173,15.5809,0.017208,512,0.5110,0.5127,30.000,-129.204,-3.592,0.000,107.998252,27.7847,0.000000
1,1 May 2024 19:34:53.000,-203.975159,-11.4619,0.000173,15.6308,0.017993,512,0.5110,0.5127,30.000,-129.204,-3.593,0.000,107.258531,27.7847,0.000000
1,1 May 2024 19:34:56.000,-203.975159,-11.4118,0.000174,15.6809,0.018783,512,0.5110,0.5127,30.000,-129.204,-3.594,0.000,106.518812,27.7847,0.000000
1,1 May 2024 19:34:59.000,-203.975159,-11.3616,0.000175,15.7311,0.019651,512,0.5110,0.5127,30.000,-129.204,-3.594,0.000,105.779096,27.7847,0.000000
1,1 May 2024 19:35:02.000,-203.975159,-11.3113,0.000176,15.7814,0.020525,512,0.5110,0.5127,30.000,-129.204,-3.595,0.000,105.039381,27.7847,0.000000
1,1 May 2024 19:35:05.000,-203.975159,-11.2608,0.000177,15.8319,0.021487,512,0.5110,0.5127,30.000,-129.204,-3.596,0.000,104.299670,27.7847,0.000000
1,1 May 2024 19:35:08.000,-203.975159,-11.2102,0.000178,15.8825,0.022455,512,0.5110,0.5127,30.000,-129.204,-3.597,0.000,103.559960,27.7847,0.000000
1,1 May 2024 19:35:11.000,-203.975159,-11.1594,0.000179,15.9333,0.023521,512,0.5110,0.5127,30.000,-129.204,-3.598,0.000,102.820253,27.7847,0.000000
1,1 May 2024 19:35:14.000,-203.975159,-11.1085,0.000180,15.9842,0.024593,512,0.5110,0.5127,30.000,-129.204,-3.599,0.000,102.080549,27.7847,0.000000
1,1 May 2024 19:35:17.000,-203.975159,-11.0574,0.000181,16.0012,0.025349,508,0.5070,0.5087,30.000,-129.204,-3.600,0.000,101.340847,27.7535,0.000000
1,1 May 2024 19:35:20.000,-203.975159,-11.0062,0.000182,16.0008,0.026000,502,0.5010,0.5027,30.000,-129.204,-3.601,0.000,100.601148,27.7057,0.000000
1,1 May 2024 19:35:23.000,-203.975159,-10.9548,0.000184,16.0087,0.026684,497,0.4960,0.4977,30.000,-129.204,-3.602,0.000,99.861451,27.6657,0.000000
1,1 May 2024 19:35:26.000,-203.975159,-10.9033,0.000185,16.0075,0.027313,491,0.4900,0.4917,30.000,-129.204,-3.603,0.000,99.121757,27.6170,0.000000
1,1 May 2024 19:35:29.000,-203.975159,-10.8516,0.000186,16.0058,0.027886,485,0.4840,0.4857,30.000,-129.204,-3.604,0.000,98.382065,27.5680,0.000000
1,1 May 2024 19:35:32.000,-203.975159,-10.7998,0.000187,16.0036,0.028490,479,0.4780,0.4797,30.000,-129.204,-3.605,0.000,97.642376,27.5183,0.000000
1,1 May 2024 19:35:35.000,-203.975159,-10.7478,0.000188,16.0008,0.029214,473,0.4720,0.4736,30.000,-129.204,-3.606,0.000,96.902690,27.4677,0.000000
1,1 May 2024 19:35:38.000,-203.975159,-10.6957,0.000189,16.0068,0.029971,468,0.4670,0.4686,30.000,-129.204,-3.607,0.000,96.163006,27.4253,0.000000
1,1 May 2024 19:35:41.000,-203.975159,-10.6434,0.000190,16.0030,0.030584,462,0.4610,0.4626,30.000,-129.204,-3.608,0.000,95.423325,27.3740,0.000000
1,1 May 2024 19:35:44.000,-203.975159,-10.5909,0.000192,16.0082,0.031410,457,0.4560,0.4576,30.000,-129.204,-3.609,0.000,94.683648,27.3305,0.000000
1,1 May 2024 19:35:47.000,-203.975159,-10.5383,0.000193,16.0035,0.032093,451,0.4500,0.4516,30.000,-129.204,-3.610,0.000,93.943973,27.2778,0.000000
1,1 May 2024 19:35:50.000,-203.975159,-10.4855,0.000194,16.0078,0.032995,446,0.4450,0.4466,30.000,-129.204,-3.611,0.000,93.204301,27.2332,0.000000
1,1 May 2024 19:35:53.000,-203.975159,-10.4326,0.000195,16.0019,0.033656,440,0.4390,0.4406,30.000,-129.204,-3.612,0.000,92.464632,27.1794,0.000000
1,1 May 2024 19:35:56.000,-203.975159,-10.3795,0.000197,16.0054,0.034541,435,0.4340,0.4356,30.000,-129.204,-3.613,0.000,91.724966,27.1339,0.000000
1,1 May 2024 19:35:59.000,-203.975159,-10.3262,0.000198,16.0085,0.035467,430,0.4290,0.4306,30.000,-129.204,-3.614,0.000,90.985303,27.0878,0.000000
1,1 May 2024 19:36:02.000,-203.975159,-10.2728,0.000199,16.0009,0.036147,424,0.4230,0.4246,30.000,-129.204,-3.615,0.000,90.245643,27.0321,0.000000
1,1 May 2024 19:36:05.000,-203.975159,-10.2192,0.000201,16.0029,0.037157,419,0.4180,0.4196,30.000,-129.204,-3.616,0.000,89.505987,26.9847,0.000000
1,1 May 2024 19:36:08.000,-203.975159,-10.1655,0.000202,16.0045,0.038111,414,0.4130,0.4146,30.000,-129.204,-3.617,0.000,88.766333,26.9370,0.000000
1,1 May 2024 19:36:11.000,-203.975159,-10.1115,0.000204,16.0057,0.038955,409,0.4080,0.4096,30.000,-129.204,-3.619,0.000,88.026683,26.8890,0.000000
1,1 May 2024 19:36:14.000,-203.975159,-10.0574,0.000205,16.0064,0.040000,404,0.4030,0.4046,30.000,-129.204,-3.620,0.000,87.287036,26.8401,0.000000
1,1 May 2024 19:36:17.000,-203.975159,-10.0032,0.000207,16.0065,0.041093,399,0.3980,0.3996,30.000,-129.204,-3.621,0.000,86.547392,26.7904,0.000000
1,1 May 2024 19:36:20.000,-203.975159,-9.9488,0.000208,16.0062,0.042021,394,0.3930,0.3946,30.000,-129.204,-3.622,0.000,85.807752,26.7407,0.000000
1,1 May 2024 19:36:23.000,-203.975159,-9.8942,0.000210,16.0053,0.042996,389,0.3880,0.3896,30.000,-129.204,-3.623,0.000,85.068115,26.6902,0.000000
1,1 May 2024 19:36:26.000,-203.975159,-9.8394,0.000211,16.0039,0.044240,384,0.3830,0.3846,30.000,-129.204,-3.625,0.000,84.328481,26.6385,0.000000
1,1 May 2024 19:36:29.000,-203.975159,-9.7844,0.000213,16.0019,0.045317,379,0.3780,0.3796,30.000,-129.204,-3.626,0.000,83.588851,26.5867,0.000000
1,1 May 2024 19:36:32.000,-203.975159,-9.7293,0.000214,16.0110,0.046542,375,0.3740,0.3756,30.000,-129.204,-3.627,0.000,82.849225,26.5450,0.000000
1,1 May 2024 19:36:35.000,-203.975159,-9.6740,0.000216,16.0080,0.047726,370,0.3690,0.3705,30.000,-129.204,-3.629,0.000,82.109602,26.4917,0.000000
1,1 May 2024 19:36:38.000,-203.975159,-9.6186,0.000218,16.0044,0.048734,365,0.3640,0.3655,30.000,-129.204,-3.630,0.000,81.369983,26.4383,0.000000
1,1 May 2024 19:36:41.000,-203.975159,-9.5629,0.000219,16.0001,0.050030,360,0.3590,0.3605,30.000,-129.204,-3.631,0.000,80.630367,26.3835,0.000000
1,1 May 2024 19:36:44.000,-203.975159,-9.5071,0.000221,16.0074,0.051485,356,0.3550,0.3565,30.000,-129.204,-3.633,0.000,79.890756,26.3394,0.000000
1,1 May 2024 19:36:47.000,-203.975159,-9.4511,0.000223,16.0020,0.052663,351,0.3500,0.3515,30.000,-129.204,-3.634,0.000,79.151148,26.2836,0.000000
1,1 May 2024 19:36:50.000,-203.975159,-9.3949,0.000225,16.0084,0.054000,347,0.3460,0.3475,30.000,-129.204,-3.635,0.000,78.411544,26.2388,0.000000
1,1 May 2024 19:36:53.000,-203.975159,-9.3385,0.000227,16.0017,0.055299,342,0.3410,0.3425,30.000,-129.204,-3.637,0.000,77.671944,26.1815,0.000000
1,1 May 2024 19:36:56.000,-203.975159,-9.2820,0.000228,16.0072,0.057013,338,0.3370,0.3385,30.000,-129.204,-3.638,0.000,76.932348,26.1349,0.000000
1,1 May 2024 19:36:59.000,-203.975159,-9.2253,0.000230,16.0122,0.058547,334,0.3330,0.3345,30.000,-129.204,-3.640,0.000,76.192755,26.0882,0.000000
1,1 May 2024 19:37:02.000,-203.975159,-9.1683,0.000232,16.0036,0.059789,329,0.3280,0.3295,30.000,-129.204,-3.641,0.000,75.453167,26.0290,0.000000
1,1 May 2024 19:37:05.000,-203.975159,-9.1112,0.000234,16.0076,0.061460,325,0.3240,0.3255,30.000,-129.204,-3.642,0.000,74.713583,25.9810,0.000000
1,1 May 2024 19:37:08.000,-203.975159,-9.0539,0.000236,16.0111,0.063206,321,0.3200,0.3215,30.000,-129.204,-3.644,0.000,73.974004,25.9323,0.000000
1,1 May 2024 19:37:11.000,-203.975159,-8.9965,0.000238,16.0004,0.064655,316,0.3150,0.3165,30.000,-129.204,-3.645,0.000,73.234428,25.8705,0.000000
1,1 May 2024 19:37:14.000,-203.975159,-8.9388,0.000241,16.0028,0.066283,312,0.3110,0.3125,30.000,-129.204,-3.647,0.000,72.494857,25.8208,0.000000
1,1 May 2024 19:37:17.000,-203.975159,-8.8809,0.000243,16.0046,0.068259,308,0.3070,0.3085,30.000,-129.204,-3.649,0.000,71.755290,25.7699,0.000000
1,1 May 2024 19:37:20.000,-203.975159,-8.8229,0.000245,16.0059,0.070045,304,0.3030,0.3045,30.000,-129.204,-3.650,0.000,71.015727,25.7188,0.000000
1,1 May 2024 19:37:23.000,-203.975159,-8.7646,0.000247,16.0066,0.071911,300,0.2990,0.3005,30.000,-129.204,-3.652,0.000,70.276169,25.6670,0.000000
1,1 May 2024 19:37:26.000,-203.975159,-8.7061,0.000249,16.0068,0.073861,296,0.2950,0.2965,30.000,-129.204,-3.653,0.000,69.536616,25.6144,0.000000
1,1 May 2024 19:37:29.000,-203.975159,-8.6475,0.000252,16.0063,0.075610,292,0.2910,0.2925,30.000,-129.204,-3.655,0.000,68.797067,25.5616,0.000000
1,1 May 2024 19:37:32.000,-203.975159,-8.5887,0.000254,16.0053,0.077732,288,0.2870,0.2885,30.000,-129.204,-3.657,0.000,68.057523,25.5074,0.000000
1,1 May 2024 19:37:35.000,-203.975159,-8.5296,0.000256,16.0036,0.079652,284,0.2830,0.2844,30.000,-129.204,-3.658,0.000,67.317983,25.4530,0.000000
1,1 May 2024 19:37:38.000,-203.975159,-8.4704,0.000259,16.0012,0.081660,280,0.2790,0.2804,30.000,-129.204,-3.660,0.000,66.578448,25.3977,0.000000
1,1 May 2024 19:37:41.000,-203.975159,-8.4109,0.000261,16.0139,0.084489,277,0.2760,0.2774,30.000,-129.204,-3.662,0.000,65.838919,25.3555,0.000000
1,1 May 2024 19:37:44.000,-203.975159,-8.3513,0.000264,16.0104,0.086385,273,0.2720,0.2734,30.000,-129.204,-3.663,0.000,65.099393,25.2992,0.000000
1,1 May 2024 19:37:47.000,-203.975159,-8.2914,0.000267,16.0061,0.088680,269,0.2680,0.2694,30.000,-129.204,-3.665,0.000,64.359873,25.2415,0.000000
1,1 May 2024 19:37:50.000,-203.975159,-8.2313,0.000269,16.0011,0.090762,265,0.2640,0.2654,30.000,-129.204,-3.667,0.000,63.620358,25.1834,0.000000
1,1 May 2024 19:37:53.000,-203.975159,-8.1711,0.000272,16.0119,0.093710,262,0.2610,0.2624,30.000,-129.204,-3.669,0.000,62.880849,25.1390,0.000000
1,1 May 2024 19:37:56.000,-203.975159,-8.1106,0.000275,16.0056,0.095995,258,0.2570,0.2584,30.000,-129.204,-3.671,0.000,62.141343,25.0792,0.000000
1,1 May 2024 19:37:59.000,-203.975159,-8.0499,0.000277,16.0155,0.098853,255,0.2540,0.2554,30.000,-129.204,-3.672,0.000,61.401844,25.0341,0.000000
1,1 May 2024 19:38:02.000,-203.975159,-7.9890,0.000280,16.0077,0.101349,251,0.2500,0.2514,30.000,-129.204,-3.674,0.000,60.662350,24.9725,0.000000
1,1 May 2024 19:38:05.000,-203.975159,-7.9279,0.000283,16.0166,0.104442,248,0.2470,0.2484,30.000,-129.204,-3.676,0.000,59.922861,24.9260,0.000000
1,1 May 2024 19:38:08.000,-203.975159,-7.8666,0.000286,16.0073,0.106828,244,0.2430,0.2444,30.000,-129.204,-3.678,0.000,59.183378,24.8630,0.000000
1,1 May 2024 19:38:11.000,-203.975159,-7.8050,0.000289,16.0152,0.110164,241,0.2400,0.2414,30.000,-129.204,-3.680,0.000,58.443900,24.8150,0.000000
1,1 May 2024 19:38:14.000,-203.975159,-7.7432,0.000293,16.0043,0.112434,237,0.2360,0.2374,30.000,-129.204,-3.682,0.000,57.704428,24.7506,0.000000
1,1 May 2024 19:38:17.000,-203.975159,-7.6812,0.000296,16.0109,0.115677,234,0.2330,0.2344,30.000,-129.204,-3.684,0.000,56.964962,24.7015,0.000000
1,1 May 2024 19:38:20.000,-203.975159,-7.6190,0.000299,16.0171,0.119402,231,0.2300,0.2314,30.000,-129.204,-3.686,0.000,56.225501,24.6514,0.000000
1,1 May 2024 19:38:23.000,-203.975159,-7.5566,0.000302,16.0037,0.121667,227,0.2260,0.2274,30.000,-129.204,-3.688,0.000,55.486046,24.5843,0.000000
1,1 May 2024 19:38:26.000,-203.975159,-7.4939,0.000306,16.0085,0.125304,224,0.2230,0.2244,30.000,-129.204,-3.690,0.000,54.746597,24.5330,0.000000
1,1 May 2024 19:38:29.000,-203.975159,-7.4311,0.000309,16.0129,0.129084,221,0.2200,0.2214,30.000,-129.204,-3.692,0.000,54.007154,24.4808,0.000000
1,1 May 2024 19:38:32.000,-203.975159,-7.3679,0.000313,16.0166,0.132648,218,0.2170,0.2184,30.000,-129.204,-3.694,0.000,53.267718,24.4284,0.000000
1,1 May 2024 19:38:35.000,-203.975159,-7.3046,0.000316,16.0198,0.136355,215,0.2140,0.2154,30.000,-129.204,-3.696,0.000,52.528287,24.3752,0.000000
1,1 May 2024 19:38:38.000,-203.975159,-7.2410,0.000320,16.0018,0.138859,211,0.2100,0.2113,30.000,-129.204,-3.699,0.000,51.788863,24.3032,0.000000
1,1 May 2024 19:38:41.000,-203.975159,-7.1772,0.000341,16.0034,0.142837,208,0.2070,0.2083,30.000,-129.204,-3.701,0.000,51.049444,24.2481,0.000000
1,1 May 2024 19:38:44.000,-203.975159,-7.1132,0.000346,16.0043,0.146592,205,0.2040,0.2053,30.000,-129.204,-3.703,0.000,50.310033,24.1926,0.000000
1,1 May 2024 19:38:47.000,-203.975159,-7.0489,0.000351,16.0046,0.150495,202,0.2010,0.2023,30.000,-129.204,-3.705,0.000,49.570627,24.1362,0.000000
1,1 May 2024 19:38:50.000,-203.975159,-6.9844,0.000356,16.0041,0.154547,199,0.1980,0.1993,30.000,-129.204,-3.708,0.000,48.831229,24.0789,0.000000
1,1 May 2024 19:38:53.000,-203.975159,-6.9196,0.000361,16.0029,0.158751,196,0.1950,0.1963,30.000,-129.204,-3.710,0.000,48.091837,24.0207,0.000000
1,1 May 2024 19:38:56.000,-203.975159,-6.8546,0.000366,16.0009,0.162724,193,0.1920,0.1933,30.000,-129.204,-3.712,0.000,47.352452,23.9620,0.000000
1,1 May 2024 19:38:59.000,-203.975159,-6.7894,0.000371,16.0209,0.168748,191,0.1900,0.1913,30.000,-129.204,-3.715,0.000,46.613074,23.9219,0.000000
1,1 May 2024 19:39:02.000,-203.975159,-6.7239,0.000376,16.0177,0.173051,188,0.1870,0.1883,30.000,-129.204,-3.717,0.000,45.873702,23.8615,0.000000
1,1 May 2024 19:39:05.000,-203.975159,-6.6582,0.000382,16.0135,0.177114,185,0.1840,0.1853,30.000,-129.204,-3.720,0.000,45.134338,23.8005,0.000000
1,1 May 2024 19:39:08.000,-203.975159,-6.5922,0.000387,16.0085,0.181330,182,0.1810,0.1823,30.000,-129.204,-3.722,0.000,44.394981,23.7384,0.000000
1,1 May 2024 19:39:11.000,-203.975159,-6.5260,0.000393,16.0026,0.185699,179,0.1780,0.1793,30.000,-129.204,-3.725,0.000,43.655631,23.6752,0.000000
1,1 May 2024 19:39:14.000,-203.975159,-6.4595,0.000399,16.0202,0.192275,177,0.1760,0.1773,30.000,-129.204,-3.727,0.000,42.916289,23.6323,0.000000
1,1 May 2024 19:39:17.000,-203.975159,-6.3928,0.000405,16.0127,0.196577,174,0.1730,0.1743,30.000,-129.204,-3.730,0.000,42.176954,23.5676,0.000000
1,1 May 2024 19:39:20.000,-203.975159,-6.3258,0.000411,16.0042,0.201032,171,0.1700,0.1713,30.000,-129.204,-3.732,0.000,41.437626,23.5017,0.000000
1,1 May 2024 19:39:23.000,-203.975159,-6.2585,0.000418,16.0204,0.207795,169,0.1680,0.1693,30.000,-129.204,-3.735,0.000,40.698306,23.4571,0.000000
1,1 May 2024 19:39:26.000,-203.975159,-6.1910,0.000424,16.0101,0.212174,166,0.1650,0.1663,30.000,-129.204,-3.738,0.000,39.958994,23.3895,0.000000
1,1 May 2024 19:39:29.000,-203.975159,-6.1232,0.000431,16.0252,0.218933,164,0.1630,0.1643,30.000,-129.204,-3.740,0.000,39.219690,23.3438,0.000000
1,1 May 2024 19:39:32.000,-203.975159,-6.0552,0.000438,16.0131,0.223645,161,0.1600,0.1613,30.000,-129.204,-3.743,0.000,38.480393,23.2740,0.000000
1,1 May 2024 19:39:35.000,-203.975159,-5.9869,0.000445,16.0271,0.230816,159,0.1580,0.1593,30.000,-129.204,-3.746,0.000,37.741105,23.2268,0.000000
1,1 May 2024 19:39:38.000,-203.975159,-5.9183,0.000453,16.0130,0.235438,156,0.1550,0.1562,30.000,-129.204,-3.749,0.000,37.001825,23.1550,0.000000
1,1 May 2024 19:39:41.000,-203.975159,-5.8494,0.000460,16.0258,0.242596,154,0.1530,0.1542,30.000,-129.204,-3.752,0.000,36.262554,23.1066,0.000000
1,1 May 2024 19:39:44.000,-203.975159,-5.7803,0.000468,16.0095,0.247118,151,0.1500,0.1512,30.000,-129.204,-3.755,0.000,35.523290,23.0327,0.000000
1,1 May 2024 19:39:47.000,-203.975159,-5.7109,0.000476,16.0210,0.254679,149,0.1480,0.1492,30.000,-129.204,-3.758,0.000,34.784036,22.9826,0.000000
1,1 May 2024 19:39:50.000,-203.975159,-5.6412,0.000484,16.0023,0.259090,146,0.1450,0.1462,30.000,-129.204,-3.761,0.000,34.044790,22.9064,0.000000
1,1 May 2024 19:39:53.000,-203.975159,-5.5713,0.000493,16.0124,0.266622,144,0.1430,0.1442,30.000,-129.204,-3.764,0.000,33.305553,22.8548,0.000000
1,1 May 2024 19:39:56.000,-203.975159,-5.5010,0.000502,16.0218,0.274378,142,0.1410,0.1422,30.000,-129.204,-3.767,0.000,32.566325,22.8025,0.000000
1,1 May 2024 19:39:59.000,-203.975159,-5.4305,0.000511,16.0308,0.282356,140,0.1390,0.1402,30.000,-129.204,-3.770,0.000,31.827105,22.7493,0.000000
1,1 May 2024 19:40:02.000,-203.975159,-5.3597,0.000520,16.0075,0.286539,137,0.1360,0.1372,30.000,-129.204,-3.773,0.000,31.087895,22.6687,0.000000
1,1 May 2024 19:40:05.000,-203.975159,-5.2886,0.000529,16.0147,0.294465,135,0.1340,0.1352,30.000,-129.204,-3.776,0.000,30.348694,22.6138,0.000000
1,1 May 2024 19:40:08.000,-203.975159,-5.2172,0.000539,16.0213,0.302607,133,0.1320,0.1332,30.000,-129.204,-3.779,0.000,29.609503,22.5581,0.000000
1,1 May 2024 19:40:11.000,-203.975159,-5.1455,0.000549,16.0272,0.310528,131,0.1300,0.1312,30.000,-129.204,-3.783,0.000,28.870321,22.5019,0.000000
1,1 May 2024 19:40:14.000,-203.975159,-5.0736,0.000559,16.0323,0.318656,129,0.1280,0.1292,30.000,-129.204,-3.786,0.000,28.131149,22.4448,0.000000
1,1 May 2024 19:40:17.000,-203.975159,-5.0013,0.000570,16.0024,0.322695,126,0.1250,0.1262,30.000,-129.204,-3.790,0.000,27.391987,22.3575,0.000000
1,1 May 2024 19:40:20.000,-203.975159,-4.9287,0.000581,16.0055,0.330949,124,0.1230,0.1242,30.000,-129.204,-3.793,0.000,26.652835,22.2980,0.000000
1,1 May 2024 19:40:23.000,-203.975159,-4.8558,0.000592,16.0078,0.339182,122,0.1210,0.1222,30.000,-129.204,-3.796,0.000,25.913692,22.2378,0.000000
1,1 May 2024 19:40:26.000,-203.975159,-4.7826,0.000604,16.0092,0.347605,120,0.1190,0.1202,30.000,-129.204,-3.800,0.000,25.174560,22.1765,0.000000
1,1 May 2024 19:40:29.000,-203.975159,-4.7091,0.000616,16.0097,0.355355,118,0.1170,0.1182,30.000,-129.204,-3.804,0.000,24.435439,22.1149,0.000000
1,1 May 2024 19:40:32.000,-203.975159,-4.6353,0.000628,16.0093,0.363287,116,0.1150,0.1162,30.000,-129.204,-3.807,0.000,23.696328,22.0522,0.000000
1,1 May 2024 19:40:35.000,-203.975159,-4.5612,0.000641,16.0078,0.372240,114,0.1130,0.1142,30.000,-129.204,-3.811,0.000,22.957228,21.9874,0.000000
1,1 May 2024 19:40:38.000,-203.975159,-4.4868,0.000654,16.0054,0.379664,112,0.1110,0.1121,30.000,-129.204,-3.815,0.000,22.218139,21.9231,0.000000
1,1 May 2024 19:40:41.000,-203.975159,-4.4120,0.000668,16.0019,0.388095,110,0.1090,0.1101,30.000,-129.204,-3.818,0.000,21.479060,21.8567,0.000000
1,1 May 2024 19:40:44.000,-203.975159,-4.3369,0.000682,16.0373,0.401548,109,0.1080,0.1091,30.000,-129.204,-3.822,0.000,20.739993,21.8234,0.000000
1,1 May 2024 19:40:47.000,-203.975159,-4.2615,0.000696,16.0323,0.410339,107,0.1060,0.1071,30.000,-129.204,-3.826,0.000,20.000937,21.7550,0.000000
1,1 May 2024 19:40:50.000,-203.975159,-4.1858,0.000711,16.0261,0.418428,105,0.1040,0.1051,30.000,-129.204,-3.830,0.000,19.261893,21.6860,0.000000
1,1 May 2024 19:40:53.000,-203.975159,-4.1097,0.000726,16.0186,0.425824,103,0.1020,0.1031,30.000,-129.204,-3.834,0.000,18.522860,21.6164,0.000000
1,1 May 2024 19:40:56.000,-203.975159,-4.0333,0.000742,16.0099,0.434167,101,0.1000,0.1011,30.000,-129.204,-3.838,0.000,17.783839,21.5445,0.000000
1,1 May 2024 19:40:59.000,-203.975159,-3.9566,0.000759,16.0434,0.447856,100,0.0990,0.1001,30.000,-129.204,-3.842,0.000,17.044831,21.5088,0.000000
1,1 May 2024 19:41:02.000,-203.975159,-3.8795,0.000775,16.0327,0.455669,98,0.0970,0.0981,30.000,-129.204,-3.846,0.000,16.305834,21.4353,0.000000
1,1 May 2024 19:41:05.000,-203.975159,-3.8021,0.000793,16.0206,0.463578,96,0.0950,0.0961,30.000,-129.204,-3.851,0.000,15.566850,21.3603,0.000000
1,1 May 2024 19:41:08.000,-203.975159,-3.7244,0.000811,16.0069,0.470779,94,0.0930,0.0941,30.000,-129.204,-3.855,0.000,14.827878,21.2843,0.000000
1,1 May 2024 19:41:11.000,-203.975159,-3.6463,0.000875,16.0386,0.485173,93,0.0920,0.0931,30.000,-129.204,-3.859,0.000,14.088919,21.2456,0.000000
1,1 May 2024 19:41:14.000,-203.975159,-3.5678,0.000897,16.0226,0.492589,91,0.0900,0.0911,30.000,-129.204,-3.864,0.000,13.349974,21.1669,0.000000
1,1 May 2024 19:41:17.000,-203.975159,-3.4890,0.000920,16.0049,0.500056,89,0.0880,0.0891,30.000,-129.204,-3.868,0.000,12.611041,21.0863,0.000000
1,1 May 2024 19:41:20.000,-203.975159,-3.4098,0.000944,16.0350,0.514115,88,0.0870,0.0881,30.000,-129.204,-3.873,0.000,11.872122,21.0461,0.000000
1,1 May 2024 19:41:23.000,-203.975159,-3.3303,0.000968,16.0147,0.520974,86,0.0850,0.0861,30.000,-129.204,-3.877,0.000,11.133215,20.9633,0.000000
1,1 May 2024 19:41:26.000,-203.975159,-3.2504,0.000994,16.0438,0.535287,85,0.0840,0.0851,30.000,-129.204,-3.882,0.000,10.394324,20.9215,0.000000
1,1 May 2024 19:41:29.000,-203.975159,-3.1701,0.001021,16.0206,0.541524,83,0.0820,0.0831,30.000,-129.204,-3.887,0.000,9.655445,20.8363,0.000000
1,1 May 2024 19:41:32.000,-203.975159,-3.0895,0.001048,16.0486,0.556035,82,0.0810,0.0821,30.000,-129.204,-3.892,0.000,8.916581,20.7929,0.000000
1,1 May 2024 19:41:35.000,-203.975159,-3.0085,0.001077,16.0224,0.562338,80,0.0790,0.0801,30.000,-129.204,-3.897,0.000,8.177731,20.7042,0.000000
1,1 May 2024 19:41:38.000,-203.975159,-2.9271,0.001107,16.0492,0.576288,79,0.0780,0.0790,30.000,-129.204,-3.902,0.000,7.438896,20.6598,0.000000
1,1 May 2024 19:41:41.000,-203.975159,-2.8453,0.001138,16.0196,0.581920,77,0.0760,0.0770,30.000,-129.204,-3.907,0.000,6.700076,20.5683,0.000000
1,1 May 2024 19:41:44.000,-203.975159,-2.7632,0.001171,16.0449,0.595972,76,0.0750,0.0760,30.000,-129.204,-3.912,0.000,5.961271,20.5219,0.000000
1,1 May 2024 19:41:47.000,-203.975159,-2.6807,0.001204,16.0117,0.600916,74,0.0730,0.0740,30.000,-129.204,-3.917,0.000,5.222481,20.4272,0.000000
1,1 May 2024 19:41:50.000,-203.975159,-2.5977,0.001239,16.0355,0.614372,73,0.0720,0.0730,30.000,-129.204,-3.922,0.000,4.483707,20.3796,0.000000
1,1 May 2024 19:41:53.000,-203.975159,-2.5144,0.001275,16.0589,0.628464,72,0.0710,0.0720,30.000,-129.204,-3.928,0.000,3.744948,20.3304,0.000000
1,1 May 2024 19:41:56.000,-203.975159,-2.4307,0.001313,16.0203,0.632097,70,0.0690,0.0700,30.000,-129.204,-3.933,0.000,3.006206,20.2315,0.000000
1,1 May 2024 19:41:59.000,-203.975159,-2.3465,0.001353,16.0420,0.645545,69,0.0680,0.0690,30.000,-129.204,-3.939,0.000,2.267480,20.1808,0.000000
1,1 May 2024 19:42:02.000,-203.975159,-2.2620,0.001394,16.0631,0.658938,68,0.0670,0.0680,30.000,-129.204,-3.944,0.000,1.528770,20.1293,0.000000
1,1 May 2024 19:42:05.000,-203.975159,-2.1770,0.001436,16.0184,0.661861,66,0.0650,0.0660,30.000,-129.204,-3.950,0.000,0.790077,20.0247,0.000000
1,1 May 2024 19:42:08.000,-203.975159,-2.0917,0.001481,16.0375,0.674592,65,0.0640,0.0650,30.000,-129.204,-3.956,0.000,0.051401,19.9714,0.000000
1,1 May 2024 19:42:11.000,-203.975159,-2.0059,0.001527,16.0559,0.687235,64,0.0630,0.0640,30.000,-129.204,-3.962,0.000,149.208972,19.9173,0.000000
1,1 May 2024 19:42:14.000,-203.975159,-1.9197,0.001575,16.0042,0.689382,62,0.0610,0.0620,30.000,-129.204,-3.968,0.000,148.470331,19.8061,0.000000
1,1 May 2024 19:42:17.000,-203.975159,-1.8330,0.001626,16.0203,0.701349,61,0.0600,0.0610,30.000,-129.204,-3.974,0.000,147.731708,19.7498,0.000000
1,1 May 2024 19:42:20.000,-203.975159,-1.7460,0.001678,16.0356,0.713197,60,0.0590,0.0600,30.000,-129.204,-3.980,0.000,146.993102,19.6925,0.000000
1,1 May 2024 19:42:23.000,-203.975159,-1.6585,0.001733,16.0501,0.724905,59,0.0580,0.0590,30.000,-129.204,-3.986,0.000,146.254516,19.6341,0.000000
1,1 May 2024 19:42:26.000,-203.975159,-1.5705,0.001789,16.0638,0.735984,58,0.0570,0.0580,30.000,-129.204,-3.993,0.000,145.515949,19.5755,0.000000
1,1 May 2024 19:42:29.000,-203.975159,-1.4821,0.001849,16.0766,0.747740,57,0.0560,0.0570,30.000,-129.204,-3.999,0.000,144.777400,19.5149,0.000000
1,1 May 2024 19:42:32.000,-203.975159,-1.3933,0.001911,16.0104,0.746625,55,0.0540,0.0550,30.000,-129.204,-4.006,0.000,144.038871,19.3925,0.000000
1,1 May 2024 19:42:35.000,-203.975159,-1.3040,0.002067,16.0200,0.757317,54,0.0530,0.0540,30.000,-129.204,-4.013,0.000,143.300361,19.3290,0.000000
1,1 May 2024 19:42:38.000,-203.975159,-1.2142,0.002143,16.0285,0.767394,53,0.0520,0.0530,30.000,-129.204,-4.019,0.000,142.561872,19.2651,0.000000
1,1 May 2024 19:42:41.000,-203.975159,-1.1240,0.002222,16.0360,0.776884,52,0.0510,0.0519,30.000,-129.204,-4.026,0.000,141.823403,19.2005,0.000000
1,1 May 2024 19:42:44.000,-203.975159,-1.0333,0.002306,16.0424,0.786573,51,0.0500,0.0509,30.000,-129.204,-4.033,0.000,141.084955,19.1338,0.000000
1,1 May 2024 19:42:47.000,-203.975159,-0.9422,0.002393,16.0475,0.795671,50,0.0490,0.0499,30.000,-129.204,-4.040,0.000,140.346527,19.0664,0.000000
1,1 May 2024 19:42:50.000,-203.975159,-0.8505,0.002485,16.0515,0.804205,49,0.0480,0.0489,30.000,-129.204,-4.048,0.000,139.608121,18.9983,0.000000
1,1 May 2024 19:42:53.000,-203.975159,-0.7584,0.002581,16.0540,0.812875,48,0.0470,0.0479,30.000,-129.204,-4.055,0.000,138.869737,18.9278,0.000000
1,1 May 2024 19:42:56.000,-203.975159,-0.6658,0.002683,16.0552,0.820659,47,0.0460,0.0469,30.000,-129.204,-4.063,0.000,138.131375,18.8572,0.000000
1,1 May 2024 19:42:59.000,-203.975159,-0.5727,0.002789,16.0549,0.828550,46,0.0450,0.0459,30.000,-129.204,-4.070,0.000,137.393035,18.7843,0.000000
1,1 May 2024 19:43:02.000,-203.975159,-0.4791,0.002901,16.0531,0.835611,45,0.0440,0.0449,30.000,-129.204,-4.078,0.000,136.654718,18.7110,0.000000
1,1 May 2024 19:43:05.000,-203.975159,-0.3850,0.003019,16.0496,0.842754,44,0.0430,0.0439,30.000,-129.204,-4.086,0.000,135.916425,18.6351,0.000000
1,1 May 2024 19:43:08.000,-203.975159,-0.2903,0.003143,16.0443,0.849117,43,0.0420,0.0429,30.000,-129.204,-4.094,0.000,135.178155,18.5589,0.000000
1,1 May 2024 19:43:11.000,-203.975159,-0.1952,0.003273,16.0373,0.855538,42,0.0410,0.0419,30.000,-129.204,-4.102,0.000,134.439909,18.4799,0.000000
1,1 May 2024 19:43:14.000,-203.975159,-0.0996,0.003409,16.0283,0.861106,41,0.0400,0.0409,30.000,-129.204,-4.110,0.000,133.701688,18.4006,0.000000
1,1 May 2024 19:43:17.000,-203.975159,-0.0034,0.003553,16.0172,0.866836,40,0.0390,0.0399,30.000,-129.204,-4.119,0.000,132.963492,18.3181,0.000000
1,1 May 2024 19:43:20.000,-203.975159,0.0933,0.003705,16.0040,0.871880,39,0.0380,0.0389,30.000,-129.204,-4.127,0.000,132.225321,18.2347,0.000000
1,1 May 2024 19:43:23.000,-203.975159,0.1906,0.003865,16.1012,0.888076,39,0.0380,0.0389,30.000,-129.204,-4.136,0.000,131.487176,18.2347,0.000000
1,1 May 2024 19:43:26.000,-203.975159,0.2884,0.004032,16.0862,0.892584,38,0.0370,0.0379,30.000,-129.204,-4.145,0.000,130.749056,18.1489,0.000000
1,1 May 2024 19:43:29.000,-203.975159,0.3867,0.004209,16.0687,0.896140,37,0.0360,0.0369,30.000,-129.204,-4.154,0.000,130.010964,18.0620,0.000000
1,1 May 2024 19:43:32.000,-203.975159,0.4856,0.004563,16.0486,0.899908,36,0.0350,0.0359,30.000,-129.204,-4.163,0.000,129.272899,17.9725,0.000000
1,1 May 2024 19:43:35.000,-203.975159,0.5851,0.004778,16.0258,0.903477,35,0.0340,0.0349,30.000,-129.204,-4.173,0.000,128.534862,17.8803,0.000000
1,1 May 2024 19:43:38.000,-203.975159,0.6851,0.005007,16.1258,0.917164,35,0.0340,0.0349,30.000,-129.204,-4.182,0.000,127.796853,17.8803,0.000000
1,1 May 2024 19:43:41.000,-203.975159,0.7857,0.005249,16.1005,0.919960,34,0.0330,0.0338,30.000,-129.204,-4.192,0.000,127.058873,17.7864,0.000000
1,1 May 2024 19:43:44.000,-203.975159,0.8869,0.005506,16.0720,0.922200,33,0.0320,0.0328,30.000,-129.204,-4.202,0.000,126.320922,17.6896,0.000000
1,1 May 2024 19:43:47.000,-203.975159,0.9887,0.005778,16.0402,0.924405,32,0.0310,0.0318,30.000,-129.204,-4.212,0.000,125.583001,17.5907,0.000000
1,1 May 2024 19:43:50.000,-203.975159,1.0911,0.006066,16.0047,0.926420,31,0.0300,0.0308,30.000,-129.204,-4.222,0.000,124.845110,17.4885,0.000000
1,1 May 2024 19:43:53.000,-203.975159,1.1940,0.006372,16.1076,0.937942,31,0.0300,0.0308,30.000,-129.204,-4.233,0.000,124.107251,17.4885,0.000000
1,1 May 2024 19:43:56.000,-203.975159,1.2976,0.006697,16.0688,0.939023,30,0.0290,0.0298,30.000,-129.204,-4.243,0.000,123.369423,17.3839,0.000000
1,1 May 2024 19:43:59.000,-203.975159,1.4018,0.007041,16.0258,0.940148,29,0.0280,0.0288,30.000,-129.204,-4.254,0.000,122.631626,17.2768,0.000000
1,1 May 2024 19:44:02.000,-203.975159,1.5066,0.007406,16.1306,0.950138,29,0.0280,0.0288,30.000,-129.204,-4.265,0.000,121.893863,17.2768,0.000000
1,1 May 2024 19:44:05.000,-203.975159,1.6121,0.007794,16.0837,0.951015,28,0.0270,0.0278,30.000,-129.204,-4.277,0.000,121.156132,17.1655,0.000000
1,1 May 2024 19:44:08.000,-203.975159,1.7182,0.008206,16.0318,0.951223,27,0.0260,0.0268,30.000,-129.204,-4.288,0.000,120.418436,17.0512,0.000000
1,1 May 2024 19:44:11.000,-203.975159,1.8249,0.008889,16.1386,0.959852,27,0.0260,0.0268,30.000,-129.204,-4.300,0.000,119.680774,17.0512,0.000000
1,1 May 2024 19:44:14.000,-203.975159,1.9323,0.009388,16.0821,0.960116,26,0.0250,0.0258,30.000,-129.204,-4.312,0.000,118.943147,16.9333,0.000000
1,1 May 2024 19:44:17.000,-203.975159,2.0404,0.009921,16.0198,0.959877,25,0.0240,0.0248,30.000,-129.204,-4.324,0.000,118.205556,16.8105,0.000000
1,1 May 2024 19:44:20.000,-203.975159,2.1491,0.010491,16.1285,0.967363,25,0.0240,0.0248,30.000,-129.204,-4.336,0.000,117.468002,16.8105,0.000000
1,1 May 2024 19:44:23.000,-203.975159,2.2585,0.011098,16.0607,0.966780,24,0.0230,0.0238,30.000,-129.204,-4.349,0.000,116.730485,16.6847,0.000000
1,1 May 2024 19:44:26.000,-203.975159,2.3686,0.011748,16.1708,0.973596,24,0.0230,0.0238,30.000,-129.204,-4.362,0.000,115.993006,16.6847,0.000000
1,1 May 2024 19:44:29.000,-203.975159,2.4794,0.012441,16.0967,0.972900,23,0.0220,0.0228,30.000,-129.204,-4.375,0.000,115.255565,16.5543,0.000000
1,1 May 2024 19:44:32.000,-203.975159,2.5909,0.013183,16.0152,0.971944,22,0.0210,0.0218,30.000,-129.204,-4.388,0.000,114.518165,16.4188,0.000000
1,1 May 2024 19:44:35.000,-203.975159,2.7032,0.013975,16.1274,0.977635,22,0.0210,0.0218,30.000,-129.204,-4.402,0.000,113.780805,16.4188,0.000000
1,1 May 2024 19:44:38.000,-203.975159,2.8161,0.014821,16.0383,0.976611,21,0.0200,0.0208,30.000,-129.204,-4.416,0.000,113.043485,16.2777,0.000000
1,1 May 2024 19:44:41.000,-203.975159,2.9298,0.015725,16.1520,0.981492,21,0.0200,0.0207,30.000,-129.204,-4.430,0.000,112.306208,16.2777,0.000000
1,1 May 2024 19:44:44.000,-203.975159,3.0442,0.017077,16.0545,0.980384,20,0.0190,0.0197,30.000,-129.204,-4.444,0.000,111.568974,16.1315,0.000000
1,1 May 2024 19:44:47.000,-203.975159,3.1593,0.018176,16.1696,0.984962,20,0.0190,0.0197,30.000,-129.204,-4.459,0.000,110.831784,16.1315,0.000000
1,1 May 2024 19:44:50.000,-203.975159,3.2753,0.019355,16.0628,0.983481,19,0.0180,0.0187,30.000,-129.204,-4.474,0.000,110.094637,15.9783,0.000000
1,1 May 2024 19:44:53.000,-203.975159,3.3920,0.020623,16.1795,0.987482,19,0.0180,0.0187,30.000,-129.204,-4.490,0.000,109.357537,15.9783,0.000000
1,1 May 2024 19:44:56.000,-203.975159,3.5094,0.021984,16.0622,0.985976,18,0.0170,0.0177,30.000,-129.204,-4.505,0.000,108.620483,15.8185,0.000000
1,1 May 2024 19:44:59.000,-203.975159,3.6277,0.023446,16.1804,0.989487,18,0.0170,0.0177,30.000,-129.204,-4.522,0.000,107.883476,15.8185,0.000000
1,1 May 2024 19:45:02.000,-203.975159,3.7468,0.025017,16.0513,0.987989,17,0.0160,0.0167,30.000,-129.204,-4.538,0.000,107.146518,15.6511,0.000000
1,1 May 2024 19:45:05.000,-203.975159,3.8667,0.026703,16.1712,0.991085,17,0.0160,0.0167,30.000,-129.204,-4.555,0.000,106.409610,15.6511,0.000000
1,1 May 2024 19:45:08.000,-203.975159,3.9874,0.029003,16.0286,0.989565,16,0.0150,0.0157,30.000,-129.204,-4.572,0.000,105.672751,15.4767,0.000000
1,1 May 2024 19:45:11.000,-203.975159,4.1089,0.031044,16.1501,0.992929,16,0.0150,0.0157,30.000,-129.204,-4.589,0.000,104.935946,15.4767,0.000000
1,1 May 2024 19:45:14.000,-203.975159,4.2313,0.033244,16.2725,0.994916,16,0.0150,0.0157,30.000,-129.204,-4.607,0.000,104.199193,15.4767,0.000000
1,1 May 2024 19:45:17.000,-203.975159,4.3546,0.035617,16.1155,0.993813,15,0.0140,0.0147,30.000,-129.204,-4.625,0.000,103.462493,15.2918,0.000000
1,1 May 2024 19:45:20.000,-203.975159,4.4787,0.038176,16.2396,0.995597,15,0.0140,0.0147,30.000,-129.204,-4.644,0.000,102.725849,15.2918,0.000000
1,1 May 2024 19:45:23.000,-203.975159,4.6037,0.040933,16.0650,0.994446,14,0.0130,0.0137,30.000,-129.204,-4.663,0.000,101.989261,15.0955,0.000000
1,1 May 2024 19:45:26.000,-203.975159,4.7296,0.044420,16.1909,0.996081,14,0.0130,0.0137,30.000,-129.204,-4.682,0.000,101.252731,15.0955,0.000000
1,1 May 2024 19:45:29.000,-203.975159,4.8565,0.047735,16.3177,0.997295,14,0.0130,0.0137,30.000,-129.204,-4.702,0.000,100.516259,15.0955,0.000000
1,1 May 2024 19:45:32.000,-203.975159,4.9842,0.051319,16.1236,0.996353,13,0.0120,0.0127,30.000,-129.204,-4.723,0.000,99.779848,14.8898,0.000000
1,1 May 2024 19:45:35.000,-203.975159,5.1129,0.055193,16.2523,0.997500,13,0.0120,0.0127,30.000,-129.204,-4.743,0.000,99.043497,14.8898,0.000000
1,1 May 2024 19:45:38.000,-203.975159,5.2425,0.059377,16.0343,0.996467,12,0.0110,0.0117,30.000,-129.204,-4.765,0.000,98.307211,14.6689,0.000000
1,1 May 2024 19:45:41.000,-203.975159,5.3731,0.063894,16.1649,0.997590,12,0.0110,0.0117,30.000,-129.204,-4.786,0.000,97.570988,14.6689,0.000000
1,1 May 2024 19:45:44.000,-203.975159,5.5047,0.069404,16.2965,0.998396,12,0.0110,0.0116,30.000,-129.204,-4.809,0.000,96.834831,14.6689,0.000000
1,1 May 2024 19:45:47.000,-203.975159,5.6372,0.074816,16.0511,0.997516,11,0.0100,0.0106,30.000,-129.204,-4.831,0.000,96.098742,14.4353,0.000000
1,1 May 2024 19:45:50.000,-203.975159,5.7708,0.080668,16.1847,0.998349,11,0.0100,0.0106,30.000,-129.204,-4.855,0.000,95.362722,14.4353,0.000000
1,1 May 2024 19:45:53.000,-203.975159,5.9054,0.086992,16.3193,0.998931,11,0.0100,0.0106,30.000,-129.204,-4.879,0.000,94.626772,14.4353,0.000000
1,1 May 2024 19:45:56.000,-203.975159,6.0410,0.093818,16.0410,0.998180,10,0.0090,0.0096,30.000,-129.204,-4.903,0.000,93.890894,14.1821,0.000000
1,1 May 2024 19:45:59.000,-203.975159,6.1777,0.101912,16.1777,0.998819,10,0.0090,0.0096,30.000,-129.204,-4.928,0.000,93.155091,14.1821,0.000000
1,1 May 2024 19:46:02.000,-203.975159,6.3154,0.110041,16.3154,0.999255,10,0.0090,0.0096,30.000,-129.204,-4.954,0.000,92.419363,14.1821,0.000000
1,1 May 2024 19:46:05.000,-203.975159,6.4542,0.118817,16.4542,0.999543,10,0.0090,0.0096,30.000,-129.204,-4.980,0.000,91.683713,14.1821,0.000000
1,1 May 2024 19:46:08.000,-203.975159,6.5942,0.128278,16.1366,0.999088,9,0.0080,0.0086,30.000,-129.204,-5.007,0.000,90.948143,13.9085,0.000000
1,1 May 2024 19:46:11.000,-203.975159,6.7352,0.139211,16.2776,0.999437,9,0.0080,0.0086,30.000,-129.204,-5.034,0.000,90.212654,13.9085,0.000000
1,1 May 2024 19:46:14.000,-203.975159,6.8774,0.150382,16.4198,0.999663,9,0.0080,0.0086,30.000,-129.204,-5.063,0.000,89.477249,13.9085,0.000000
1,1 May 2024 19:46:17.000,-203.975159,7.0208,0.162405,16.0517,0.999215,8,0.0070,0.0076,30.000,-129.204,-5.092,0.000,88.741930,13.6104,0.000000
1,1 May 2024 19:46:20.000,-203.975159,7.1653,0.175963,16.1962,0.999523,8,0.0070,0.0076,30.000,-129.204,-5.121,0.000,88.006698,13.6104,0.000000
1,1 May 2024 19:46:23.000,-203.975159,7.3110,0.190022,16.3419,0.999719,8,0.0070,0.0076,30.000,-129.204,-5.152,0.000,87.271556,13.6104,0.000000
1,1 May 2024 19:46:26.000,-203.975159,7.4579,0.205103,16.4888,0.999841,8,0.0070,0.0076,30.000,-129.204,-5.183,0.000,86.536507,13.6104,0.000000
1,1 May 2024 19:46:29.000,-203.975159,7.6061,0.221241,16.0571,0.999525,7,0.0060,0.0066,30.000,-129.204,-5.215,0.000,85.801553,13.2822,0.000000
1,1 May 2024 19:46:32.000,-203.975159,7.7555,0.239281,16.2065,0.999723,7,0.0060,0.0066,30.000,-129.204,-5.248,0.000,85.066696,13.2822,0.000000
1,1 May 2024 19:46:35.000,-203.975159,7.9062,0.257890,16.3572,0.999844,7,0.0060,0.0066,30.000,-129.204,-5.282,0.000,84.331939,13.2822,0.000000
1,1 May 2024 19:46:38.000,-203.975159,8.0582,0.277681,16.5092,0.999916,7,0.0060,0.0066,30.000,-129.204,-5.316,0.000,83.597285,13.2822,0.000000
1,1 May 2024 19:46:41.000,-203.975159,8.2115,0.299515,16.6625,0.999956,7,0.0060,0.0066,30.000,-129.204,-5.352,0.000,82.862735,13.2822,0.000000
1,1 May 2024 19:46:44.000,-203.975159,8.3662,0.321979,16.1477,0.999806,6,0.0050,0.0055,30.000,-129.204,-5.389,0.000,82.128295,12.9161,0.000000
1,1 May 2024 19:46:47.000,-203.975159,8.5222,0.346362,16.3037,0.999895,6,0.0050,0.0055,30.000,-129.204,-5.426,0.000,81.393965,12.9161,0.000000
1,1 May 2024 19:46:50.000,-203.975159,8.6796,0.371510,16.4612,0.999945,6,0.0050,0.0055,30.000,-129.204,-5.465,0.000,80.659749,12.9161,0.000000
1,1 May 2024 19:46:53.000,-203.975159,8.8385,0.397850,16.6200,0.999973,6,0.0050,0.0055,30.000,-129.204,-5.504,0.000,79.925651,12.9161,0.000000
1,1 May 2024 19:46:56.000,-203.975159,8.9987,0.426160,16.7803,0.999987,6,0.0050,0.0055,30.000,-129.204,-5.545,0.000,79.191674,12.9161,0.000000
1,1 May 2024 19:46:59.000,-203.975159,9.1605,0.454940,16.1502,0.999903,5,0.0040,0.0045,30.000,-129.204,-5.587,0.000,78.457820,12.4987,0.000000
1,1 May 2024 19:47:02.000,-203.975159,9.3237,0.485458,16.3134,0.999950,5,0.0040,0.0045,30.000,-129.204,-5.630,0.000,77.724094,12.4987,0.000000
1,1 May 2024 19:47:05.000,-203.975159,9.4884,0.516264,16.4781,0.999976,5,0.0040,0.0045,30.000,-129.204,-5.675,0.000,76.990500,12.4987,0.000000
1,1 May 2024 19:47:08.000,-203.975159,9.6547,0.548505,16.6444,0.999989,5,0.0040,0.0045,30.000,-129.204,-5.720,0.000,76.257040,12.4987,0.000000
1,1 May 2024 19:47:11.000,-203.975159,9.8226,0.580682,16.8123,0.999995,5,0.0040,0.0045,30.000,-129.204,-5.767,0.000,75.523719,12.4987,0.000000
1,1 May 2024 19:47:14.000,-203.975159,9.9921,0.613910,16.0127,0.999923,4,0.0030,0.0035,30.000,-129.204,-5.816,0.000,74.790542,12.0173,0.000000
1,1 May 2024 19:47:17.000,-203.975159,10.1632,0.647182,16.1838,0.999962,4,0.0030,0.0035,30.000,-129.204,-5.866,0.000,74.057512,12.0173,0.000000
1,1 May 2024 19:47:20.000,-203.975159,10.3359,0.679792,16.3565,0.999982,4,0.0030,0.0035,30.000,-129.204,-5.917,0.000,73.324634,12.0173,0.000000
1,1 May 2024 19:47:23.000,-203.975159,10.5104,0.712514,16.5310,0.999992,4,0.0030,0.0035,30.000,-129.204,-5.970,0.000,72.591912,12.0173,0.000000
1,1 May 2024 19:47:26.000,-203.975159,10.6866,0.744438,16.7072,0.999997,4,0.0030,0.0035,30.000,-129.204,-6.025,0.000,71.859352,12.0173,0.000000
1,1 May 2024 19:47:29.000,-203.975159,10.8646,0.774802,16.8852,0.999999,4,0.0030,0.0035,30.000,-129.204,-6.081,0.000,71.126957,12.0173,0.000000
1,1 May 2024 19:47:32.000,-203.975159,11.0443,0.804330,17.0649,1.000000,4,0.0030,0.0035,30.000,-129.204,-6.139,0.000,70.394735,12.0173,0.000000
1,1 May 2024 19:47:35.000,-203.975159,11.2259,0.832160,17.2465,1.000000,4,0.0030,0.0035,30.000,-129.204,-6.199,0.000,69.662689,12.0173,0.000000
1,1 May 2024 19:47:38.000,-203.975159,11.4094,0.858038,16.1806,0.999986,3,0.0020,0.0025,30.000,-129.204,-6.261,0.000,68.930827,11.4389,0.000000
1,1 May 2024 19:47:41.000,-203.975159,11.5948,0.881233,16.3660,0.999994,3,0.0020,0.0025,30.000,-129.204,-6.325,0.000,68.199152,11.4389,0.000000
1,1 May 2024 19:47:44.000,-203.975159,11.7821,0.902646,16.5533,0.999998,3,0.0020,0.0025,30.000,-129.204,-6.391,0.000,67.467673,11.4389,0.000000
1,1 May 2024 19:47:47.000,-203.975159,11.9714,0.921595,16.7426,0.999999,3,0.0020,0.0024,30.000,-129.204,-6.459,0.000,66.736395,11.4389,0.000000
1,1 May 2024 19:47:50.000,-203.975159,12.1628,0.938041,16.9340,1.000000,3,0.0020,0.0024,30.000,-129.204,-6.529,0.000,66.005324,11.4389,0.000000
1,1 May 2024 19:47:53.000,-203.975159,12.3562,0.952010,17.1274,1.000000,3,0.0020,0.0024,30.000,-129.204,-6.602,0.000,65.274469,11.4389,0.000000
1,1 May 2024 19:47:56.000,-203.975159,12.5517,0.963595,17.3229,1.000000,3,0.0020,0.0024,30.000,-129.204,-6.677,0.000,64.543835,11.4389,0.000000
1,1 May 2024 19:47:59.000,-203.975159,12.7494,0.973995,17.5207,1.000000,3,0.0020,0.0024,30.000,-129.204,-6.755,0.000,63.813431,11.4389,0.000000
1,1 May 2024 19:48:02.000,-203.975159,12.9494,0.981454,17.7206,1.000000,3,0.0020,0.0024,30.000,-129.204,-6.836,0.000,63.083266,11.4389,0.000000
1,1 May 2024 19:48:05.000,-203.975159,13.1515,0.987175,16.1618,0.999996,2,0.0010,0.0014,30.000,-129.204,-6.919,0.000,62.353346,10.7042,0.000000
1,1 May 2024 19:48:08.000,-203.975159,13.3560,0.991423,16.3663,0.999999,2,0.0010,0.0014,30.000,-129.204,-7.006,0.000,61.623682,10.7042,0.000000
1,1 May 2024 19:48:11.000,-203.975159,13.5629,0.994470,16.5732,1.000000,2,0.0010,0.0014,30.000,-129.204,-7.095,0.000,60.894282,10.7042,0.000000
1,1 May 2024 19:48:14.000,-203.975159,13.7721,0.996574,16.7824,1.000000,2,0.0010,0.0014,30.000,-129.204,-7.188,0.000,60.165156,10.7042,0.000000
1,1 May 2024 19:48:17.000,-203.975159,13.9838,0.997968,16.9941,1.000000,2,0.0010,0.0014,30.000,-129.204,-7.285,0.000,59.436313,10.7042,0.000000
1,1 May 2024 19:48:20.000,-203.975159,14.1981,0.998850,17.2084,1.000000,2,0.0010,0.0014,30.000,-129.204,-7.385,0.000,58.707766,10.7042,0.000000
1,1 May 2024 19:48:23.000,-203.975159,14.4149,0.999382,17.4252,1.000000,2,0.0010,0.0014,30.000,-129.204,-7.488,0.000,57.979524,10.7042,0.000000
1,1 May 2024 19:48:26.000,-203.975159,14.6344,0.999687,17.6447,1.000000,2,0.0010,0.0014,30.000,-129.204,-7.596,0.000,57.251599,10.7042,0.000000
1,1 May 2024 19:48:29.000,-203.975159,14.8566,0.999850,17.8669,1.000000,2,0.0010,0.0014,30.000,-129.204,-7.708,0.000,56.524005,10.7042,0.000000
1,1 May 2024 19:48:32.000,-203.975159,15.0816,0.999933,18.0919,1.000000,2,0.0010,0.0014,30.000,-129.204,-7.824,0.000,55.796753,10.7042,0.000000
1,1 May 2024 19:48:35.000,-203.975159,15.3094,0.999972,18.3197,1.000000,2,0.0010,0.0014,30.000,-129.204,-7.945,0.000,55.069857,10.7042,0.000000
1,1 May 2024 19:48:38.000,-203.975159,15.5401,0.999989,18.5504,1.000000,2,0.0010,0.0014,30.000,-129.204,-8.071,0.000,54.343332,10.7042,0.000000
1,1 May 2024 19:48:41.000,-203.975159,15.7738,0.999996,18.7841,1.000000,2,0.0010,0.0014,30.000,-129.204,-8.202,0.000,53.617193,10.7042,0.000000
1,1 May 2024 19:48:44.000,-203.975159,16.0105,0.999999,16.0105,0.999999,1,0.0000,0.0004,30.000,-129.204,-8.339,0.000,52.891455,9.6428,0.000000
1,1 May 2024 19:48:47.000,-203.975159,16.2504,1.000000,16.2504,1.000000,1,0.0000,0.0003,30.000,-129.204,-8.481,0.000,52.166136,9.6428,0.000000
1,1 May 2024 19:48:50.000,-203.975159,16.4935,1.000000,16.4935,1.000000,1,0.0000,0.0003,30.000,-129.204,-8.630,0.000,51.441253,9.6428,0.000000
1,1 May 2024 19:48:53.000,-203.975159,16.7398,1.000000,16.7398,1.000000,1,0.0000,0.0003,30.000,-129.204,-8.784,0.000,50.716825,9.6428,0.000000
1,1 May 2024 19:48:56.000,-203.975159,16.9896,1.000000,16.9896,1.000000,1,0.0000,0.0003,30.000,-129.204,-8.946,0.000,49.992872,9.6428,0.000000
1,1 May 2024 19:48:59.000,-203.975159,17.2428,1.000000,17.2428,1.000000,1,0.0000,0.0003,30.000,-129.204,-9.114,0.000,49.269414,9.6428,0.000000
1,1 May 2024 19:49:02.000,-203.975159,17.4996,1.000000,17.4996,1.000000,1,0.0000,0.0003,30.000,-129.204,-9.291,0.000,48.546474,9.6428,0.000000
1,1 May 2024 19:49:05.000,-203.975159,17.7601,1.000000,17.7601,1.000000,1,0.0000,0.0003,30.000,-129.204,-9.475,0.000,47.824076,9.6428,0.000000
1,1 May 2024 19:49:08.000,-203.975159,18.0243,1.000000,18.0243,1.000000,1,0.0000,0.0003,30.000,-129.204,-9.668,0.000,47.102244,9.6428,0.000000
1,1 May 2024 19:49:11.000,-203.975159,18.2923,1.000000,18.2923,1.000000,1,0.0000,0.0003,30.000,-129.204,-9.870,0.000,46.381006,9.6428,0.000000
1,1 May 2024 19:49:14.000,-203.975159,18.5643,1.000000,18.5643,1.000000,1,0.0000,0.0003,30.000,-129.204,-10.082,0.000,45.660387,9.6428,0.000000
1,1 May 2024 19:49:17.000,-203.975159,18.8404,1.000000,18.8404,1.000000,1,0.0000,0.0003,30.000,-129.204,-10.304,0.000,44.940421,9.6428,0.000000
1,1 May 2024 19:49:20.000,-203.975159,19.1207,1.000000,19.1207,1.000000,1,0.0000,0.0003,30.000,-129.204,-10.536,0.000,44.221136,9.6428,0.000000
1,1 May 2024 19:49:23.000,-203.975159,19.4053,1.000000,19.4053,1.000000,1,0.0000,0.0003,30.000,-129.204,-10.781,0.000,43.502569,9.6428,0.000000
1,1 May 2024 19:49:26.000,-203.975159,19.6944,1.000000,19.6944,1.000000,1,0.0000,0.0003,30.000,-129.204,-11.038,0.000,42.784754,9.6428,0.000000
1,1 May 2024 19:49:29.000,-203.975159,19.9880,1.000000,19.9880,1.000000,1,0.0000,0.0003,30.000,-129.204,-11.308,0.000,42.067730,9.6428,0.000000
1,1 May 2024 19:49:32.000,-203.975159,20.2863,1.000000,20.2863,1.000000,1,0.0000,0.0003,30.000,-129.204,-11.592,0.000,41.351540,9.6428,0.000000
1,1 May 2024 19:49:35.000,-203.975159,20.5894,1.000000,20.5894,1.000000,1,0.0000,0.0003,30.000,-129.204,-11.892,0.000,40.636226,9.6428,0.000000
1,1 May 2024 19:49:38.000,-203.975159,20.8975,1.000000,20.8975,1.000000,1,0.0000,0.0003,30.000,-129.204,-12.208,0.000,39.921835,9.6428,0.000000
1,1 May 2024 19:49:41.000,-203.975159,21.2108,1.000000,21.2108,1.000000,1,0.0000,0.0003,30.000,-129.204,-12.541,0.000,39.208419,9.6428,0.000000
1,1 May 2024 19:49:44.000,-203.975159,21.5293,1.000000,21.5293,1.000000,1,0.0000,0.0003,30.000,-129.204,-12.893,0.000,38.496032,9.6428,0.000000
1,1 May 2024 19:49:47.000,-203.975159,21.8533,1.000000,21.8533,1.000000,1,0.0000,0.0003,30.000,-129.204,-13.265,0.000,37.784731,9.6428,0.000000
1,1 May 2024 19:49:50.000,-203.975159,22.1829,1.000000,22.1829,1.000000,1,0.0000,0.0002,30.000,-129.204,-13.658,0.000,37.074580,9.6428,0.000000
1,1 May 2024 19:49:53.000,-203.975159,22.5183,1.000000,22.5183,1.000000,1,0.0000,0.0002,30.000,-129.204,-14.075,0.000,36.365646,9.6428,0.000000
1,1 May 2024 19:49:56.000,-203.975159,22.8597,1.000000,22.8597,1.000000,1,0.0000,0.0002,30.000,-129.204,-14.517,0.000,35.658001,9.6428,0.000000
1,1 May 2024 19:49:59.000,-203.975159,23.2072,1.000000,23.2072,1.000000,1,0.0000,0.0002,30.000,-129.204,-14.986,0.000,34.951724,9.6428,0.000000
1,1 May 2024 19:50:02.000,-203.975159,23.5611,1.000000,23.5611,1.000000,1,0.0000,0.0002,30.000,-129.204,-15.484,0.000,34.246899,9.6428,0.000000
1,1 May 2024 19:50:05.000,-203.975159,23.9215,1.000000,23.9215,1.000000,1,0.0000,0.0002,30.000,-129.204,-16.014,0.000,33.543618,9.6428,0.000000
1,1 May 2024 19:50:08.000,-203.975159,24.2888,1.000000,24.2888,1.000000,1,0.0000,0.0002,30.000,-129.204,-16.579,0.000,32.841981,9.6428,0.000000
1,1 May 2024 19:50:11.000,-203.975159,24.6630,1.000000,24.6630,1.000000,1,0.0000,0.0002,30.000,-129.204,-17.181,0.000,32.142094,9.6428,0.000000
1,1 May 2024 19:50:14.000,-203.975159,25.0444,1.000000,25.0444,1.000000,1,0.0000,0.0002,30.000,-129.204,-17.823,0.000,31.444076,9.6428,0.000000
1,1 May 2024 19:50:17.000,-203.975159,25.4332,1.000000,25.4332,1.000000,1,0.0000,0.0002,30.000,-129.204,-18.509,0.000,30.748053,9.6428,0.000000
1,1 May 2024 19:50:20.000,-203.975159,25.8298,1.000000,25.8298,1.000000,1,0.0000,0.0002,30.000,-129.204,-19.244,0.000,30.054163,9.6428,0.000000
1,1 May 2024 19:50:23.000,-203.975159,26.2342,1.000000,26.2342,1.000000,1,0.0000,0.0002,30.000,-129.204,-20.031,0.000,29.362559,9.6428,0.000000
1,1 May 2024 19:50:26.000,-203.975159,26.6468,1.000000,26.6468,1.000000,1,0.0000,0.0002,30.000,-129.204,-20.876,0.000,28.673405,9.6428,0.000000
1,1 May 2024 19:50:29.000,-203.975159,27.0678,1.000000,27.0678,1.000000,1,0.0000,0.0002,30.000,-129.204,-21.784,0.000,27.986883,9.6428,0.000000
1,1 May 2024 19:50:32.000,-203.975159,27.4974,1.000000,27.4974,1.000000,1,0.0000,0.0002,30.000,-129.204,-22.762,0.000,27.303192,9.6428,0.000000
1,1 May 2024 19:50:35.000,-203.975159,27.9360,1.000000,27.9360,1.000000,1,0.0000,0.0002,30.000,-129.204,-23.815,0.000,26.622549,9.6428,0.000000
1,1 May 2024 19:50:38.000,-203.975159,28.3837,1.000000,28.3837,1.000000,1,0.0000,0.0002,30.000,-129.204,-24.952,0.000,25.945194,9.6428,0.000000
1,1 May 2024 19:50:41.000,-203.975159,28.8408,1.000000,28.8408,1.000000,1,0.0000,0.0002,30.000,-129.204,-26.182,0.000,25.271392,9.6428,0.000000
1,1 May 2024 19:50:44.000,-203.975159,29.3076,1.000000,29.3076,1.000000,1,0.0000,0.0002,30.000,-129.204,-27.513,0.000,24.601435,9.6428,0.000000
1,1 May 2024 19:50:47.000,-203.975159,29.7842,1.000000,29.7842,1.000000,1,0.0000,0.0002,30.000,-129.204,-28.958,0.000,23.935645,9.6428,0.000000
1,1 May 2024 19:50:50.000,-203.975159,30.2709,1.000000,30.2709,1.000000,1,0.0000,0.0002,30.000,-129.204,-30.528,0.000,23.274382,9.6428,0.000000
1,1 May 2024 19:50:53.000,-203.975159,30.7678,1.000000,30.7678,1.000000,1,0.0000,0.0002,30.000,-129.204,30.220,0.000,22.618040,9.6428,0.000000
1,1 May 2024 19:50:56.000,-203.975159,31.2751,1.000000,31.2751,1.000000,1,0.0000,0.0001,30.000,-129.204,28.356,0.000,21.967063,9.6428,0.000000
1,1 May 2024 19:50:59.000,-203.975159,31.7929,1.000000,31.7929,1.000000,1,0.0000,0.0001,30.000,-129.204,26.319,0.000,21.321940,9.6428,0.000000
1,1 May 2024 19:50:59.935,-203.975159,31.9565,1.000000,31.9565,1.000000,1,0.0000,0.0001,30.000,-129.204,25.646,0.000,21.122094,9.6428,0.000000
2,1 May 2024 19:53:28.300,-203.975159,31.8806,1.000000,31.8806,1.000000,1,0.0000,0.0001,30.000,-129.204,-25.999,0.000,21.214640,9.6428,0.000000
2,1 May 2024 19:53:31.000,-203.975159,31.4125,1.000000,31.4125,1.000000,1,0.0000,0.0001,30.000,-129.204,-27.869,0.000,21.794077,9.6428,0.000000
2,1 May 2024 19:53:34.000,-203.975159,30.9022,1.000000,30.9022,1.000000,1,0.0000,0.0001,30.000,-129.204,-29.778,0.000,22.443695,9.6428,0.000000
2,1 May 2024 19:53:37.000,-203.975159,30.4024,1.000000,30.4024,1.000000,1,0.0000,0.0002,30.000,-129.204,30.928,0.000,23.098807,9.6428,0.000000
2,1 May 2024 19:53:40.000,-203.975159,29.9129,1.000000,29.9129,1.000000,1,0.0000,0.0002,30.000,-129.204,29.321,0.000,23.758958,9.6428,0.000000
2,1 May 2024 19:53:43.000,-203.975159,29.4335,1.000000,29.4335,1.000000,1,0.0000,0.0002,30.000,-129.204,27.843,0.000,24.423740,9.6428,0.000000
2,1 May 2024 19:53:46.000,-203.975159,28.9640,1.000000,28.9640,1.000000,1,0.0000,0.0002,30.000,-129.204,26.482,0.000,25.092784,9.6428,0.000000
2,1 May 2024 19:53:49.000,-203.975159,28.5043,1.000000,28.5043,1.000000,1,0.0000,0.0002,30.000,-129.204,25.225,0.000,25.765760,9.6428,0.000000
2,1 May 2024 19:53:52.000,-203.975159,28.0540,1.000000,28.0540,1.000000,1,0.0000,0.0002,30.000,-129.204,24.063,0.000,26.442365,9.6428,0.000000
2,1 May 2024 19:53:55.000,-203.975159,27.6129,1.000000,27.6129,1.000000,1,0.0000,0.0002,30.000,-129.204,22.988,0.000,27.122330,9.6428,0.000000
2,1 May 2024 19:53:58.000,-203.975159,27.1808,1.000000,27.1808,1.000000,1,0.0000,0.0002,30.000,-129.204,21.990,0.000,27.805406,9.6428,0.000000
2,1 May 2024 19:54:01.000,-203.975159,26.7574,1.000000,26.7574,1.000000,1,0.0000,0.0002,30.000,-129.204,21.063,0.000,28.491372,9.6428,0.000000
2,1 May 2024 19:54:04.000,-203.975159,26.3425,1.000000,26.3425,1.000000,1,0.0000,0.0002,30.000,-129.204,20.202,0.000,29.180022,9.6428,0.000000
2,1 May 2024 19:54:07.000,-203.975159,25.9359,1.000000,25.9359,1.000000,1,0.0000,0.0002,30.000,-129.204,19.399,0.000,29.871171,9.6428,0.000000
2,1 May 2024 19:54:10.000,-203.975159,25.5372,1.000000,25.5372,1.000000,1,0.0000,0.0002,30.000,-129.204,18.650,0.000,30.564651,9.6428,0.000000
2,1 May 2024 19:54:13.000,-203.975159,25.1462,1.000000,25.1462,1.000000,1,0.0000,0.0002,30.000,-129.204,17.950,0.000,31.260307,9.6428,0.000000
2,1 May 2024 19:54:16.000,-203.975159,24.7628,1.000000,24.7628,1.000000,1,0.0000,0.0002,30.000,-129.204,17.296,0.000,31.957996,9.6428,0.000000
2,1 May 2024 19:54:19.000,-203.975159,24.3866,1.000000,24.3866,1.000000,1,0.0000,0.0002,30.000,-129.204,16.683,0.000,32.657589,9.6428,0.000000
2,1 May 2024 19:54:22.000,-203.975159,24.0175,1.000000,24.0175,1.000000,1,0.0000,0.0002,30.000,-129.204,16.109,0.000,33.358963,9.6428,0.000000
2,1 May 2024 19:54:25.000,-203.975159,23.6551,1.000000,23.6551,1.000000,1,0.0000,0.0002,30.000,-129.204,15.569,0.000,34.062010,9.6428,0.000000
2,1 May 2024 19:54:28.000,-203.975159,23.2995,1.000000,23.2995,1.000000,1,0.0000,0.0002,30.000,-129.204,15.062,0.000,34.766629,9.6428,0.000000
2,1 May 2024 19:54:31.000,-203.975159,22.9502,1.000000,22.9502,1.000000,1,0.0000,0.0002,30.000,-129.204,14.585,0.000,35.472726,9.6428,0.000000
2,1 May 2024 19:54:34.000,-203.975159,22.6071,1.000000,22.6071,1.000000,1,0.0000,0.0002,30.000,-129.204,14.136,0.000,36.180212,9.6428,0.000000
2,1 May 2024 19:54:37.000,-203.975159,22.2701,1.000000,22.2701,1.000000,1,0.0000,0.0002,30.000,-129.204,13.712,0.000,36.889011,9.6428,0.000000
2,1 May 2024 19:54:40.000,-203.975159,21.9389,1.000000,21.9389,1.000000,1,0.0000,0.0003,30.000,-129.204,13.312,0.000,37.599047,9.6428,0.000000
2,1 May 2024 19:54:43.000,-203.975159,21.6134,1.000000,21.6134,1.000000,1,0.0000,0.0003,30.000,-129.204,12.934,0.000,38.310250,9.6428,0.000000
2,1 May 2024 19:54:46.000,-203.975159,21.2933,1.000000,21.2933,1.000000,1,0.0000,0.0003,30.000,-129.204,12.576,0.000,39.022558,9.6428,0.000000
2,1 May 2024 19:54:49.000,-203.975159,20.9786,1.000000,20.9786,1.000000,1,0.0000,0.0003,30.000,-129.204,12.238,0.000,39.735911,9.6428,0.000000
2,1 May 2024 19:54:52.000,-203.975159,20.6691,1.000000,20.6691,1.000000,1,0.0000,0.0003,30.000,-129.204,11.917,0.000,40.450254,9.6428,0.000000
2,1 May 2024 19:54:55.000,-203.975159,20.3646,1.000000,20.3646,1.000000,1,0.0000,0.0003,30.000,-129.204,11.613,0.000,41.165536,9.6428,0.000000
2,1 May 2024 19:54:58.000,-203.975159,20.0650,1.000000,20.0650,1.000000,1,0.0000,0.0003,30.000,-129.204,11.324,0.000,41.881707,9.6428,0.000000
2,1 May 2024 19:55:01.000,-203.975159,19.7701,1.000000,19.7701,1.000000,1,0.0000,0.0003,30.000,-129.204,11.050,0.000,42.598724,9.6428,0.000000
2,1 May 2024 19:55:04.000,-203.975159,19.4798,1.000000,19.4798,1.000000,1,0.0000,0.0003,30.000,-129.204,10.789,0.000,43.316544,9.6428,0.000000
2,1 May 2024 19:55:07.000,-203.975159,19.1940,1.000000,19.1940,1.000000,1,0.0000,0.0003,30.000,-129.204,10.541,0.000,44.035128,9.6428,0.000000
2,1 May 2024 19:55:10.000,-203.975159,18.9125,1.000000,18.9125,1.000000,1,0.0000,0.0003,30.000,-129.204,10.305,0.000,44.754440,9.6428,0.000000
2,1 May 2024 19:55:13.000,-203.975159,18.6352,1.000000,18.6352,1.000000,1,0.0000,0.0003,30.000,-129.204,10.080,0.000,45.474444,9.6428,0.000000
2,1 May 2024 19:55:16.000,-203.975159,18.3621,1.000000,18.3621,1.000000,1,0.0000,0.0003,30.000,-129.204,9.865,0.000,46.195109,9.6428,0.000000
2,1 May 2024 19:55:19.000,-203.975159,18.0930,1.000000,18.0930,1.000000,1,0.0000,0.0003,30.000,-129.204,9.660,0.000,46.916405,9.6428,0.000000
2,1 May 2024 19:55:22.000,-203.975159,17.8277,1.000000,17.8277,1.000000,1,0.0000,0.0003,30.000,-129.204,9.464,0.000,47.638301,9.6428,0.000000
2,1 May 2024 19:55:25.000,-203.975159,17.5662,1.000000,17.5662,1.000000,1,0.0000,0.0003,30.000,-129.204,9.277,0.000,48.360772,9.6428,0.000000
2,1 May 2024 19:55:28.000,-203.975159,17.3084,1.000000,17.3084,1.000000,1,0.0000,0.0003,30.000,-129.204,9.099,0.000,49.083792,9.6428,0.000000
2,1 May 2024 19:55:31.000,-203.975159,17.0542,1.000000,17.0542,1.000000,1,0.0000,0.0003,30.000,-129.204,8.928,0.000,49.807338,9.6428,0.000000
2,1 May 2024 19:55:34.000,-203.975159,16.8035,1.000000,16.8035,1.000000,1,0.0000,0.0003,30.000,-129.204,8.764,0.000,50.531387,9.6428,0.000000
2,1 May 2024 19:55:37.000,-203.975159,16.5562,1.000000,16.5562,1.000000,1,0.0000,0.0003,30.000,-129.204,8.607,0.000,51.255917,9.6428,0.000000
2,1 May 2024 19:55:40.000,-203.975159,16.3122,1.000000,16.3122,1.000000,1,0.0000,0.0003,30.000,-129.204,8.457,0.000,51.980908,9.6428,0.000000
2,1 May 2024 19:55:43.000,-203.975159,16.0714,0.999999,16.0714,0.999999,1,0.0000,0.0004,30.000,-129.204,8.312,0.000,52.706341,9.6428,0.000000
2,1 May 2024 19:55:46.000,-203.975159,15.8338,0.999997,18.8441,1.000000,2,0.0010,0.0014,30.000,-129.204,8.174,0.000,53.432198,10.7042,0.000000
2,1 May 2024 19:55:49.000,-203.975159,15.5993,0.999992,18.6096,1.000000,2,0.0010,0.0014,30.000,-129.204,8.041,0.000,54.158463,10.7042,0.000000
2,1 May 2024 19:55:52.000,-203.975159,15.3678,0.999978,18.3781,1.000000,2,0.0010,0.0014,30.000,-129.204,7.914,0.000,54.885118,10.7042,0.000000
2,1 May 2024 19:55:55.000,-203.975159,15.1392,0.999946,18.1495,1.000000,2,0.0010,0.0014,30.000,-129.204,7.791,0.000,55.612149,10.7042,0.000000
2,1 May 2024 19:55:58.000,-203.975159,14.9134,0.999877,17.9237,1.000000,2,0.0010,0.0014,30.000,-129.204,7.673,0.000,56.339542,10.7042,0.000000
2,1 May 2024 19:56:01.000,-203.975159,14.6905,0.999739,17.7008,1.000000,2,0.0010,0.0014,30.000,-129.204,7.559,0.000,57.067283,10.7042,0.000000
2,1 May 2024 19:56:04.000,-203.975159,14.4702,0.999477,17.4805,1.000000,2,0.0010,0.0014,30.000,-129.204,7.450,0.000,57.795357,10.7042,0.000000
2,1 May 2024 19:56:07.000,-203.975159,14.2527,0.999012,17.2630,1.000000,2,0.0010,0.0014,30.000,-129.204,7.345,0.000,58.523754,10.7042,0.000000
2,1 May 2024 19:56:10.000,-203.975159,14.0377,0.998232,17.0480,1.000000,2,0.0010,0.0014,30.000,-129.204,7.244,0.000,59.252460,10.7042,0.000000
2,1 May 2024 19:56:13.000,-203.975159,13.8253,0.996984,16.8356,1.000000,2,0.0010,0.0014,30.000,-129.204,7.146,0.000,59.981466,10.7042,0.000000
2,1 May 2024 19:56:16.000,-203.975159,13.6153,0.995079,16.6256,1.000000,2,0.0010,0.0014,30.000,-129.204,7.052,0.000,60.710759,10.7042,0.000000
2,1 May 2024 19:56:19.000,-203.975159,13.4078,0.992291,16.4181,0.999999,2,0.0010,0.0014,30.000,-129.204,6.961,0.000,61.440331,10.7042,0.000000
2,1 May 2024 19:56:22.000,-203.975159,13.2027,0.988369,16.2130,0.999997,2,0.0010,0.0014,30.000,-129.204,6.874,0.000,62.170170,10.7042,0.000000
2,1 May 2024 19:56:25.000,-203.975159,12.9998,0.983042,16.0101,0.999992,2,0.0010,0.0014,30.000,-129.204,6.789,0.000,62.900268,10.7042,0.000000
2,1 May 2024 19:56:28.000,-203.975159,12.7993,0.976040,17.5705,1.000000,3,0.0020,0.0024,30.000,-129.204,6.707,0.000,63.630616,11.4389,0.000000
2,1 May 2024 19:56:31.000,-203.975159,12.6010,0.966515,17.3722,1.000000,3,0.0020,0.0024,30.000,-129.204,6.628,0.000,64.361206,11.4389,0.000000
2,1 May 2024 19:56:34.000,-203.975159,12.4048,0.955483,17.1760,1.000000,3,0.0020,0.0024,30.000,-129.204,6.552,0.000,65.092028,11.4389,0.000000
2,1 May 2024 19:56:37.000,-203.975159,12.2108,0.942110,16.9820,1.000000,3,0.0020,0.0024,30.000,-129.204,6.478,0.000,65.823076,11.4389,0.000000
2,1 May 2024 19:56:40.000,-203.975159,12.0189,0.926286,16.7901,0.999999,3,0.0020,0.0024,30.000,-129.204,6.407,0.000,66.554343,11.4389,0.000000
2,1 May 2024 19:56:43.000,-203.975159,11.8290,0.907969,16.6002,0.999998,3,0.0020,0.0024,30.000,-129.204,6.338,0.000,67.285820,11.4389,0.000000
2,1 May 2024 19:56:46.000,-203.975159,11.6411,0.887184,16.4123,0.999995,3,0.0020,0.0025,30.000,-129.204,6.271,0.000,68.017501,11.4389,0.000000
2,1 May 2024 19:56:49.000,-203.975159,11.4552,0.864024,16.2264,0.999989,3,0.0020,0.0025,30.000,-129.204,6.206,0.000,68.749380,11.4389,0.000000
2,1 May 2024 19:56:52.000,-203.975159,11.2712,0.838641,16.0424,0.999974,3,0.0020,0.0025,30.000,-129.204,6.143,0.000,69.481450,11.4389,0.000000
2,1 May 2024 19:56:55.000,-203.975159,11.0891,0.811242,17.1097,1.000000,4,0.0030,0.0035,30.000,-129.204,6.083,0.000,70.213706,12.0173,0.000000
2,1 May 2024 19:56:58.000,-203.975159,10.9088,0.782069,16.9294,0.999999,4,0.0030,0.0035,30.000,-129.204,6.024,0.000,70.946142,12.0173,0.000000
2,1 May 2024 19:57:01.000,-203.975159,10.7303,0.752055,16.7509,0.999997,4,0.0030,0.0035,30.000,-129.204,5.967,0.000,71.678752,12.0173,0.000000
2,1 May 2024 19:57:04.000,-203.975159,10.5536,0.720333,16.5742,0.999994,4,0.0030,0.0035,30.000,-129.204,5.911,0.000,72.411530,12.0173,0.000000
2,1 May 2024 19:57:07.000,-203.975159,10.3787,0.687730,16.3993,0.999985,4,0.0030,0.0035,30.000,-129.204,5.857,0.000,73.144473,12.0173,0.000000
2,1 May 2024 19:57:10.000,-203.975159,10.2054,0.655228,16.2260,0.999969,4,0.0030,0.0035,30.000,-129.204,5.805,0.000,73.877575,12.0173,0.000000
2,1 May 2024 19:57:13.000,-203.975159,10.0339,0.621930,16.0545,0.999935,4,0.0030,0.0035,30.000,-129.204,5.755,0.000,74.610831,12.0173,0.000000
2,1 May 2024 19:57:16.000,-203.975159,9.8639,0.589228,16.8536,0.999996,5,0.0040,0.0045,30.000,-129.204,5.706,0.000,75.344235,12.4987,0.000000
2,1 May 2024 19:57:19.000,-203.975159,9.6956,0.556339,16.6853,0.999991,5,0.0040,0.0045,30.000,-129.204,5.658,0.000,76.077784,12.4987,0.000000
2,1 May 2024 19:57:22.000,-203.975159,9.5289,0.524485,16.5186,0.999980,5,0.0040,0.0045,30.000,-129.204,5.611,0.000,76.811474,12.4987,0.000000
2,1 May 2024 19:57:25.000,-203.975159,9.3637,0.492899,16.3534,0.999958,5,0.0040,0.0045,30.000,-129.204,5.566,0.000,77.545301,12.4987,0.000000
2,1 May 2024 19:57:28.000,-203.975159,9.2001,0.462698,16.1898,0.999917,5,0.0040,0.0045,30.000,-129.204,5.523,0.000,78.279263,12.4987,0.000000
2,1 May 2024 19:57:31.000,-203.975159,9.0379,0.433062,16.0276,0.999843,5,0.0040,0.0045,30.000,-129.204,5.480,0.000,79.013354,12.4987,0.000000
2,1 May 2024 19:57:34.000,-203.975159,8.8772,0.405070,16.6587,0.999977,6,0.0050,0.0055,30.000,-129.204,5.439,0.000,79.747571,12.9161,0.000000
2,1 May 2024 19:57:37.000,-203.975159,8.7180,0.377787,16.4995,0.999953,6,0.0050,0.0055,30.000,-129.204,5.398,0.000,80.481911,12.9161,0.000000
2,1 May 2024 19:57:40.000,-203.975159,8.5602,0.352334,16.3417,0.999910,6,0.0050,0.0055,30.000,-129.204,5.359,0.000,81.216371,12.9161,0.000000
2,1 May 2024 19:57:43.000,-203.975159,8.4038,0.327591,16.1853,0.999832,6,0.0050,0.0055,30.000,-129.204,5.321,0.000,81.950947,12.9161,0.000000
2,1 May 2024 19:57:46.000,-203.975159,8.2487,0.304820,16.0302,0.999700,6,0.0050,0.0056,30.000,-129.204,5.284,0.000,82.685636,12.9161,0.000000
2,1 May 2024 19:57:49.000,-203.975159,8.0950,0.283292,16.5460,0.999928,7,0.0060,0.0066,30.000,-129.204,5.247,0.000,83.420435,13.2822,0.000000
2,1 May 2024 19:57:52.000,-203.975159,7.9427,0.262540,16.3936,0.999865,7,0.0060,0.0066,30.000,-129.204,5.212,0.000,84.155342,13.2822,0.000000
2,1 May 2024 19:57:55.000,-203.975159,7.7916,0.243642,16.2426,0.999758,7,0.0060,0.0066,30.000,-129.204,5.178,0.000,84.890353,13.2822,0.000000
2,1 May 2024 19:57:58.000,-203.975159,7.6418,0.225917,16.0928,0.999581,7,0.0060,0.0066,30.000,-129.204,5.144,0.000,85.625466,13.2822,0.000000
2,1 May 2024 19:58:01.000,-203.975159,7.4933,0.208868,16.5242,0.999862,8,0.0070,0.0076,30.000,-129.204,5.112,0.000,86.360679,13.6104,0.000000
2,1 May 2024 19:58:04.000,-203.975159,7.3460,0.193531,16.3769,0.999754,8,0.0070,0.0076,30.000,-129.204,5.080,0.000,87.095988,13.6104,0.000000
2,1 May 2024 19:58:07.000,-203.975159,7.1999,0.179226,16.2308,0.999578,8,0.0070,0.0076,30.000,-129.204,5.049,0.000,87.831391,13.6104,0.000000
2,1 May 2024 19:58:10.000,-203.975159,7.0551,0.165398,16.0860,0.999300,8,0.0070,0.0076,30.000,-129.204,5.019,0.000,88.566887,13.6104,0.000000
2,1 May 2024 19:58:13.000,-203.975159,6.9114,0.153162,16.4538,0.999703,9,0.0080,0.0086,30.000,-129.204,4.989,0.000,89.302472,13.9085,0.000000
2,1 May 2024 19:58:16.000,-203.975159,6.7689,0.141788,16.3113,0.999500,9,0.0080,0.0086,30.000,-129.204,4.961,0.000,90.038145,13.9085,0.000000
2,1 May 2024 19:58:19.000,-203.975159,6.6275,0.130624,16.1699,0.999184,9,0.0080,0.0086,30.000,-129.204,4.932,0.000,90.773903,13.9085,0.000000
2,1 May 2024 19:58:22.000,-203.975159,6.4872,0.120992,16.0297,0.998709,9,0.0080,0.0086,30.000,-129.204,4.905,0.000,91.509745,13.9085,0.000000
2,1 May 2024 19:58:25.000,-203.975159,6.3481,0.112054,16.3481,0.999334,10,0.0090,0.0096,30.000,-129.204,4.878,0.000,92.245668,14.1821,0.000000
2,1 May 2024 19:58:28.000,-203.975159,6.2100,0.103773,16.2100,0.998938,10,0.0090,0.0096,30.000,-129.204,4.852,0.000,92.981670,14.1821,0.000000
2,1 May 2024 19:58:31.000,-203.975159,6.0731,0.096108,16.0731,0.998352,10,0.0090,0.0096,30.000,-129.204,4.827,0.000,93.717750,14.1821,0.000000
2,1 May 2024 19:58:34.000,-203.975159,5.9371,0.088549,16.3511,0.999039,11,0.0100,0.0106,30.000,-129.204,4.802,0.000,94.453906,14.4353,0.000000
2,1 May 2024 19:58:37.000,-203.975159,5.8023,0.082108,16.2162,0.998505,11,0.0100,0.0106,30.000,-129.204,4.777,0.000,95.190136,14.4353,0.000000
2,1 May 2024 19:58:40.000,-203.975159,5.6684,0.076146,16.0823,0.997737,11,0.0100,0.0106,30.000,-129.204,4.754,0.000,95.926438,14.4353,0.000000
2,1 May 2024 19:58:43.000,-203.975159,5.5356,0.070631,16.3274,0.998547,12,0.0110,0.0116,30.000,-129.204,4.730,0.000,96.662812,14.6689,0.000000
2,1 May 2024 19:58:46.000,-203.975159,5.4037,0.064998,16.1955,0.997804,12,0.0110,0.0116,30.000,-129.204,4.708,0.000,97.399253,14.6689,0.000000
2,1 May 2024 19:58:49.000,-203.975159,5.2728,0.060399,16.0647,0.996761,12,0.0110,0.0117,30.000,-129.204,4.685,0.000,98.135760,14.6689,0.000000
2,1 May 2024 19:58:52.000,-203.975159,5.1429,0.056137,16.2824,0.997718,13,0.0120,0.0127,30.000,-129.204,4.664,0.000,98.872333,14.8898,0.000000
2,1 May 2024 19:58:55.000,-203.975159,5.0140,0.052192,16.1534,0.996652,13,0.0120,0.0127,30.000,-129.204,4.642,0.000,99.608972,14.8898,0.000000
2,1 May 2024 19:58:58.000,-203.975159,4.8860,0.048541,16.0254,0.995199,13,0.0120,0.0127,30.000,-129.204,4.622,0.000,100.345673,14.8898,0.000000
2,1 May 2024 19:59:01.000,-203.975159,4.7589,0.045164,16.2202,0.996396,14,0.0130,0.0137,30.000,-129.204,4.601,0.000,101.082436,15.0955,0.000000
2,1 May 2024 19:59:04.000,-203.975159,4.6327,0.041600,16.0940,0.994866,14,0.0130,0.0137,30.000,-129.204,4.581,0.000,101.819259,15.0955,0.000000
2,1 May 2024 19:59:07.000,-203.975159,4.5075,0.038793,16.2684,0.995941,15,0.0140,0.0147,30.000,-129.204,4.562,0.000,102.556142,15.2918,0.000000
2,1 May 2024 19:59:10.000,-203.975159,4.3831,0.036189,16.1440,0.994268,15,0.0140,0.0147,30.000,-129.204,4.543,0.000,103.293083,15.2918,0.000000
2,1 May 2024 19:59:13.000,-203.975159,4.2596,0.033774,16.0205,0.992070,15,0.0140,0.0147,30.000,-129.204,4.524,0.000,104.030080,15.2918,0.000000
2,1 May 2024 19:59:16.000,-203.975159,4.1369,0.031534,16.1781,0.993432,16,0.0150,0.0157,30.000,-129.204,4.506,0.000,104.767133,15.4767,0.000000
2,1 May 2024 19:59:19.000,-203.975159,4.0151,0.029457,16.0563,0.990084,16,0.0150,0.0157,30.000,-129.204,4.488,0.000,105.504241,15.4767,0.000000
2,1 May 2024 19:59:22.000,-203.975159,3.8942,0.027106,16.1987,0.991539,17,0.0160,0.0167,30.000,-129.204,4.471,0.000,106.241401,15.6511,0.000000
2,1 May 2024 19:59:25.000,-203.975159,3.7741,0.025391,16.0785,0.988951,17,0.0160,0.0167,30.000,-129.204,4.453,0.000,106.978614,15.6511,0.000000
2,1 May 2024 19:59:28.000,-203.975159,3.6547,0.023794,16.2075,0.990017,18,0.0170,0.0177,30.000,-129.204,4.437,0.000,107.715877,15.8185,0.000000
2,1 May 2024 19:59:31.000,-203.975159,3.5362,0.022307,16.0890,0.987046,18,0.0170,0.0177,30.000,-129.204,4.420,0.000,108.453191,15.8185,0.000000
2,1 May 2024 19:59:34.000,-203.975159,3.4185,0.020923,16.2061,0.988113,19,0.0180,0.0187,30.000,-129.204,4.404,0.000,109.190554,15.9783,0.000000
2,1 May 2024 19:59:37.000,-203.975159,3.3016,0.019634,16.0891,0.984666,19,0.0180,0.0187,30.000,-129.204,4.388,0.000,109.927964,15.9783,0.000000
2,1 May 2024 19:59:40.000,-203.975159,3.1855,0.018435,16.1958,0.985719,20,0.0190,0.0197,30.000,-129.204,4.373,0.000,110.665422,16.1315,0.000000
2,1 May 2024 19:59:43.000,-203.975159,3.0701,0.017318,16.0804,0.981694,20,0.0190,0.0197,30.000,-129.204,4.358,0.000,111.402926,16.1315,0.000000
2,1 May 2024 19:59:46.000,-203.975159,2.9554,0.016278,16.1776,0.982756,21,0.0200,0.0207,30.000,-129.204,4.343,0.000,112.140475,16.2777,0.000000
2,1 May 2024 19:59:49.000,-203.975159,2.8415,0.015019,16.0637,0.977700,21,0.0200,0.0208,30.000,-129.204,4.328,0.000,112.878069,16.2777,0.000000
2,1 May 2024 19:59:52.000,-203.975159,2.7284,0.014159,16.1526,0.978672,22,0.0210,0.0218,30.000,-129.204,4.314,0.000,113.615706,16.4188,0.000000
2,1 May 2024 19:59:55.000,-203.975159,2.6160,0.013355,16.0402,0.973226,22,0.0210,0.0218,30.000,-129.204,4.300,0.000,114.353386,16.4188,0.000000
2,1 May 2024 19:59:58.000,-203.975159,2.5043,0.012603,16.1215,0.974141,23,0.0220,0.0228,30.000,-129.204,4.286,0.000,115.091107,16.5543,0.000000
2,1 May 2024 20:00:01.000,-203.975159,2.3933,0.011898,16.0105,0.967792,23,0.0220,0.0228,30.000,-129.204,4.272,0.000,115.828870,16.5543,0.000000
2,1 May 2024 20:00:04.000,-203.975159,2.2830,0.011239,16.0851,0.968598,24,0.0230,0.0238,30.000,-129.204,4.259,0.000,116.566672,16.6847,0.000000
2,1 May 2024 20:00:07.000,-203.975159,2.1733,0.010622,16.1527,0.968771,25,0.0240,0.0248,30.000,-129.204,4.246,0.000,117.304515,16.8105,0.000000
2,1 May 2024 20:00:10.000,-203.975159,2.0644,0.010044,16.0438,0.961553,25,0.0240,0.0248,30.000,-129.204,4.233,0.000,118.042396,16.8105,0.000000
2,1 May 2024 20:00:13.000,-203.975159,1.9562,0.009503,16.1059,0.961791,26,0.0250,0.0258,30.000,-129.204,4.221,0.000,118.780315,16.9333,0.000000
2,1 May 2024 20:00:16.000,-203.975159,1.8486,0.008996,16.1622,0.961867,27,0.0260,0.0268,30.000,-129.204,4.209,0.000,119.518272,17.0512,0.000000
2,1 May 2024 20:00:19.000,-203.975159,1.7416,0.008300,16.0553,0.953140,27,0.0260,0.0268,30.000,-129.204,4.197,0.000,120.256264,17.0512,0.000000
2,1 May 2024 20:00:22.000,-203.975159,1.6353,0.007882,16.1069,0.952950,28,0.0270,0.0278,30.000,-129.204,4.185,0.000,120.994293,17.1655,0.000000
2,1 May 2024 20:00:25.000,-203.975159,1.5297,0.007489,16.0013,0.943297,28,0.0270,0.0278,30.000,-129.204,4.173,0.000,121.732357,17.1655,0.000000
2,1 May 2024 20:00:28.000,-203.975159,1.4247,0.007119,16.0487,0.942358,29,0.0280,0.0288,30.000,-129.204,4.162,0.000,122.470456,17.2768,0.000000
2,1 May 2024 20:00:31.000,-203.975159,1.3203,0.006770,16.0915,0.941633,30,0.0290,0.0298,30.000,-129.204,4.150,0.000,123.208589,17.3839,0.000000
2,1 May 2024 20:00:34.000,-203.975159,1.2165,0.006441,16.1301,0.940192,31,0.0300,0.0308,30.000,-129.204,4.139,0.000,123.946755,17.4885,0.000000
2,1 May 2024 20:00:37.000,-203.975159,1.1134,0.006131,16.0270,0.928959,31,0.0300,0.0308,30.000,-129.204,4.129,0.000,124.684954,17.4885,0.000000
2,1 May 2024 20:00:40.000,-203.975159,1.0108,0.005839,16.0623,0.926960,32,0.0310,0.0318,30.000,-129.204,4.118,0.000,125.423186,17.5907,0.000000
2,1 May 2024 20:00:43.000,-203.975159,0.9089,0.005563,16.0940,0.925188,33,0.0320,0.0328,30.000,-129.204,4.107,0.000,126.161449,17.6896,0.000000
2,1 May 2024 20:00:46.000,-203.975159,0.8075,0.005303,16.1223,0.922609,34,0.0330,0.0338,30.000,-129.204,4.097,0.000,126.899744,17.7864,0.000000
2,1 May 2024 20:00:49.000,-203.975159,0.7067,0.005058,16.0215,0.909445,34,0.0330,0.0339,30.000,-129.204,4.087,0.000,127.638069,17.7864,0.000000
2,1 May 2024 20:00:52.000,-203.975159,0.6065,0.004826,16.0472,0.906446,35,0.0340,0.0349,30.000,-129.204,4.077,0.000,128.376424,17.8803,0.000000
2,1 May 2024 20:00:55.000,-203.975159,0.5069,0.004608,16.0699,0.902921,36,0.0350,0.0359,30.000,-129.204,4.067,0.000,129.114809,17.9725,0.000000
2,1 May 2024 20:00:58.000,-203.975159,0.4078,0.004248,16.0898,0.899604,37,0.0360,0.0369,30.000,-129.204,4.058,0.000,129.853223,18.0620,0.000000
2,1 May 2024 20:01:01.000,-203.975159,0.3093,0.004069,16.1071,0.895732,38,0.0370,0.0379,30.000,-129.204,4.048,0.000,130.591666,18.1489,0.000000
2,1 May 2024 20:01:04.000,-203.975159,0.2114,0.003900,16.0092,0.880134,38,0.0370,0.0379,30.000,-129.204,4.039,0.000,131.330137,18.1489,0.000000
2,1 May 2024 20:01:07.000,-203.975159,0.1139,0.003738,16.0246,0.875351,39,0.0380,0.0389,30.000,-129.204,4.030,0.000,132.068635,18.2347,0.000000
2,1 May 2024 20:01:10.000,-203.975159,0.0171,0.003585,16.0377,0.870363,40,0.0390,0.0399,30.000,-129.204,4.021,0.000,132.807161,18.3181,0.000000
2,1 May 2024 20:01:13.000,-203.975159,-0.0793,0.003439,16.0486,0.864698,41,0.0400,0.0409,30.000,-129.204,4.012,0.000,133.545714,18.4006,0.000000
2,1 May 2024 20:01:16.000,-203.975159,-0.1751,0.003301,16.0574,0.859189,42,0.0410,0.0419,30.000,-129.204,4.004,0.000,134.284293,18.4799,0.000000
2,1 May 2024 20:01:19.000,-203.975159,-0.2704,0.003169,16.0643,0.852836,43,0.0420,0.0429,30.000,-129.204,3.995,0.000,135.022898,18.5589,0.000000
2,1 May 2024 20:01:22.000,-203.975159,-0.3651,0.003044,16.0694,0.846536,44,0.0430,0.0439,30.000,-129.204,3.987,0.000,135.761528,18.6351,0.000000
2,1 May 2024 20:01:25.000,-203.975159,-0.4594,0.002925,16.0727,0.839838,45,0.0440,0.0449,30.000,-129.204,3.978,0.000,136.500184,18.7110,0.000000
2,1 May 2024 20:01:28.000,-203.975159,-0.5532,0.002812,16.0744,0.832845,46,0.0450,0.0459,30.000,-129.204,3.970,0.000,137.238864,18.7843,0.000000
2,1 May 2024 20:01:31.000,-203.975159,-0.6464,0.002705,16.0746,0.825026,47,0.0460,0.0469,30.000,-129.204,3.962,0.000,137.977568,18.8572,0.000000
2,1 May 2024 20:01:34.000,-203.975159,-0.7392,0.002602,16.0732,0.817305,48,0.0470,0.0479,30.000,-129.204,3.954,0.000,138.716296,18.9278,0.000000
2,1 May 2024 20:01:37.000,-203.975159,-0.8314,0.002505,16.0705,0.808333,49,0.0480,0.0489,30.000,-129.204,3.947,0.000,139.455048,18.9983,0.000000
2,1 May 2024 20:01:40.000,-203.975159,-0.9232,0.002412,16.0665,0.799862,50,0.0490,0.0499,30.000,-129.204,3.939,0.000,140.193823,19.0664,0.000000
2,1 May 2024 20:01:43.000,-203.975159,-1.0145,0.002323,16.0612,0.790829,51,0.0500,0.0509,30.000,-129.204,3.931,0.000,140.932621,19.1338,0.000000
2,1 May 2024 20:01:46.000,-203.975159,-1.1054,0.002239,16.0547,0.781204,52,0.0510,0.0519,30.000,-129.204,3.924,0.000,141.671441,19.2005,0.000000
2,1 May 2024 20:01:49.000,-203.975159,-1.1957,0.002159,16.0470,0.771770,53,0.0520,0.0530,30.000,-129.204,3.917,0.000,142.410283,19.2651,0.000000
2,1 May 2024 20:01:52.000,-203.975159,-1.2856,0.002082,16.0383,0.761747,54,0.0530,0.0540,30.000,-129.204,3.910,0.000,143.149148,19.3290,0.000000
2,1 May 2024 20:01:55.000,-203.975159,-1.3751,0.001924,16.0286,0.751109,55,0.0540,0.0550,30.000,-129.204,3.903,0.000,143.888034,19.3925,0.000000
2,1 May 2024 20:01:58.000,-203.975159,-1.4640,0.001861,16.0178,0.740732,56,0.0550,0.0560,30.000,-129.204,3.896,0.000,144.626942,19.4539,0.000000
2,1 May 2024 20:02:01.000,-203.975159,-1.5526,0.001801,16.0062,0.729746,57,0.0560,0.0570,30.000,-129.204,3.889,0.000,145.365869,19.5149,0.000000
2,1 May 2024 20:02:04.000,-203.975159,-1.6407,0.001744,16.0679,0.729430,59,0.0580,0.0590,30.000,-129.204,3.882,0.000,146.104818,19.6341,0.000000
2,1 May 2024 20:02:07.000,-203.975159,-1.7283,0.001689,16.0532,0.717764,60,0.0590,0.0600,30.000,-129.204,3.876,0.000,146.843786,19.6925,0.000000
2,1 May 2024 20:02:10.000,-203.975159,-1.8155,0.001636,16.0378,0.705950,61,0.0600,0.0610,30.000,-129.204,3.869,0.000,147.582775,19.7498,0.000000
2,1 May 2024 20:02:13.000,-203.975159,-1.9023,0.001585,16.0216,0.694011,62,0.0610,0.0620,30.000,-129.204,3.863,0.000,148.321782,19.8061,0.000000
2,1 May 2024 20:02:16.000,-203.975159,-1.9886,0.001537,16.0048,0.681431,63,0.0620,0.0630,30.000,-129.204,3.856,0.000,149.060810,19.8622,0.000000
2,1 May 2024 20:02:19.000,-203.975159,-2.0745,0.001490,16.0546,0.679211,65,0.0640,0.0650,30.000,-129.204,3.850,0.000,149.799856,19.9714,0.000000
2,1 May 2024 20:02:22.000,-203.975159,-2.1600,0.001445,16.0354,0.666497,66,0.0650,0.0660,30.000,-129.204,3.844,0.000,0.642692,20.0247,0.000000
2,1 May 2024 20:02:25.000,-203.975159,-2.2451,0.001402,16.0156,0.653711,67,0.0660,0.0670,30.000,-129.204,3.838,0.000,1.381775,20.0770,0.000000
2,1 May 2024 20:02:28.000,-203.975159,-2.3298,0.001361,16.0587,0.650159,69,0.0680,0.0690,30.000,-129.204,3.832,0.000,2.120876,20.1808,0.000000
2,1 May 2024 20:02:31.000,-203.975159,-2.4140,0.001321,16.0370,0.636716,70,0.0690,0.0700,30.000,-129.204,3.826,0.000,2.859995,20.2315,0.000000
2,1 May 2024 20:02:34.000,-203.975159,-2.4979,0.001283,16.0147,0.623238,71,0.0700,0.0710,30.000,-129.204,3.820,0.000,3.599132,20.2813,0.000000
2,1 May 2024 20:02:37.000,-203.975159,-2.5813,0.001246,16.0519,0.618955,73,0.0720,0.0730,30.000,-129.204,3.814,0.000,4.338287,20.3796,0.000000
2,1 May 2024 20:02:40.000,-203.975159,-2.6644,0.001211,16.0279,0.605487,74,0.0730,0.0740,30.000,-129.204,3.809,0.000,5.077458,20.4272,0.000000
2,1 May 2024 20:02:43.000,-203.975159,-2.7471,0.001177,16.0036,0.591387,75,0.0740,0.0750,30.000,-129.204,3.803,0.000,5.816646,20.4749,0.000000
2,1 May 2024 20:02:46.000,-203.975159,-2.8293,0.001144,16.0356,0.586439,77,0.0760,0.0770,30.000,-129.204,3.798,0.000,6.555851,20.5683,0.000000
2,1 May 2024 20:02:49.000,-203.975159,-2.9112,0.001113,16.0097,0.572411,78,0.0770,0.0780,30.000,-129.204,3.792,0.000,7.295072,20.6140,0.000000
2,1 May 2024 20:02:52.000,-203.975159,-2.9927,0.001083,16.0382,0.566794,80,0.0790,0.0801,30.000,-129.204,3.787,0.000,8.034310,20.7042,0.000000
2,1 May 2024 20:02:55.000,-203.975159,-3.0738,0.001054,16.0110,0.552190,81,0.0800,0.0811,30.000,-129.204,3.782,0.000,8.773563,20.7489,0.000000
2,1 May 2024 20:02:58.000,-203.975159,-3.1546,0.001026,16.0362,0.545908,83,0.0820,0.0831,30.000,-129.204,3.777,0.000,9.512832,20.8363,0.000000
2,1 May 2024 20:03:01.000,-203.975159,-3.2350,0.000999,16.0078,0.531463,84,0.0830,0.0841,30.000,-129.204,3.772,0.000,10.252117,20.8792,0.000000
2,1 May 2024 20:03:04.000,-203.975159,-3.3150,0.000973,16.0300,0.525272,86,0.0850,0.0861,30.000,-129.204,3.766,0.000,10.991417,20.9633,0.000000
2,1 May 2024 20:03:07.000,-203.975159,-3.3946,0.000948,16.0006,0.511054,87,0.0860,0.0871,30.000,-129.204,3.762,0.000,11.730732,21.0046,0.000000
2,1 May 2024 20:03:10.000,-203.975159,-3.4739,0.000924,16.0200,0.504259,89,0.0880,0.0891,30.000,-129.204,3.757,0.000,12.470062,21.0863,0.000000
2,1 May 2024 20:03:13.000,-203.975159,-3.5528,0.000901,16.0376,0.496745,91,0.0900,0.0911,30.000,-129.204,3.752,0.000,13.209406,21.1669,0.000000
2,1 May 2024 20:03:16.000,-203.975159,-3.6314,0.000879,16.0065,0.482157,92,0.0910,0.0921,30.000,-129.204,3.747,0.000,13.948765,21.2065,0.000000
2,1 May 2024 20:03:19.000,-203.975159,-3.7096,0.000814,16.0217,0.474824,94,0.0930,0.0941,30.000,-129.204,3.742,0.000,14.688139,21.2843,0.000000
2,1 May 2024 20:03:22.000,-203.975159,-3.7875,0.000796,16.0352,0.467572,96,0.0950,0.0961,30.000,-129.204,3.738,0.000,15.427527,21.3603,0.000000
2,1 May 2024 20:03:25.000,-203.975159,-3.8650,0.000779,16.0027,0.453476,97,0.0960,0.0971,30.000,-129.204,3.733,0.000,16.166929,21.3976,0.000000
2,1 May 2024 20:03:28.000,-203.975159,-3.9422,0.000762,16.0142,0.445677,99,0.0980,0.0991,30.000,-129.204,3.729,0.000,16.906345,21.4718,0.000000
2,1 May 2024 20:03:31.000,-203.975159,-4.0190,0.000745,16.0242,0.437982,101,0.1000,0.1011,30.000,-129.204,3.724,0.000,17.645775,21.5445,0.000000
2,1 May 2024 20:03:34.000,-203.975159,-4.0955,0.000729,16.0329,0.429580,103,0.1020,0.1031,30.000,-129.204,3.720,0.000,18.385218,21.6164,0.000000
2,1 May 2024 20:03:37.000,-203.975159,-4.1717,0.000714,16.0402,0.422127,105,0.1040,0.1051,30.000,-129.204,3.715,0.000,19.124673,21.6860,0.000000
2,1 May 2024 20:03:40.000,-203.975159,-4.2475,0.000699,16.0055,0.408180,106,0.1050,0.1061,30.000,-129.204,3.711,0.000,19.864143,21.7206,0.000000
2,1 May 2024 20:03:43.000,-203.975159,-4.3230,0.000685,16.0112,0.399396,108,0.1070,0.1081,30.000,-129.204,3.707,0.000,20.603624,21.7898,0.000000
2,1 May 2024 20:03:46.000,-203.975159,-4.3982,0.000670,16.0157,0.391591,110,0.1090,0.1101,30.000,-129.204,3.703,0.000,21.343119,21.8567,0.000000
2,1 May 2024 20:03:49.000,-203.975159,-4.4731,0.000657,16.0191,0.383096,112,0.1110,0.1121,30.000,-129.204,3.699,0.000,22.082626,21.9231,0.000000
2,1 May 2024 20:03:52.000,-203.975159,-4.5476,0.000644,16.0214,0.375610,114,0.1130,0.1142,30.000,-129.204,3.695,0.000,22.822145,21.9874,0.000000
2,1 May 2024 20:03:55.000,-203.975159,-4.6218,0.000631,16.0227,0.366589,116,0.1150,0.1162,30.000,-129.204,3.691,0.000,23.561677,22.0522,0.000000
2,1 May 2024 20:03:58.000,-203.975159,-4.6957,0.000618,16.0231,0.358593,118,0.1170,0.1182,30.000,-129.204,3.687,0.000,24.301220,22.1149,0.000000
2,1 May 2024 20:04:01.000,-203.975159,-4.7693,0.000606,16.0225,0.350778,120,0.1190,0.1202,30.000,-129.204,3.683,0.000,25.040776,22.1765,0.000000
2,1 May 2024 20:04:04.000,-203.975159,-4.8426,0.000594,16.0210,0.342288,122,0.1210,0.1222,30.000,-129.204,3.679,0.000,25.780343,22.2378,0.000000
2,1 May 2024 20:04:07.000,-203.975159,-4.9156,0.000583,16.0186,0.333987,124,0.1230,0.1242,30.000,-129.204,3.675,0.000,26.519922,22.2980,0.000000
2,1 May 2024 20:04:10.000,-203.975159,-4.9883,0.000572,16.0154,0.325665,126,0.1250,0.1262,30.000,-129.204,3.671,0.000,27.259512,22.3575,0.000000
2,1 May 2024 20:04:13.000,-203.975159,-5.0607,0.000561,16.0114,0.317757,128,0.1270,0.1282,30.000,-129.204,3.668,0.000,27.999114,22.4156,0.000000
2,1 May 2024 20:04:16.000,-203.975159,-5.1327,0.000551,16.0067,0.309621,130,0.1290,0.1302,30.000,-129.204,3.664,0.000,28.738726,22.4732,0.000000
2,1 May 2024 20:04:19.000,-203.975159,-5.2045,0.000541,16.0012,0.301691,132,0.1310,0.1322,30.000,-129.204,3.660,0.000,29.478350,22.5299,0.000000
2,1 May 2024 20:04:22.000,-203.975159,-5.2760,0.000531,16.0273,0.297182,135,0.1340,0.1352,30.000,-129.204,3.657,0.000,30.217984,22.6138,0.000000
2,1 May 2024 20:04:25.000,-203.975159,-5.3472,0.000521,16.0200,0.289187,137,0.1360,0.1372,30.000,-129.204,3.653,0.000,30.957630,22.6687,0.000000
2,1 May 2024 20:04:28.000,-203.975159,-5.4181,0.000512,16.0121,0.281410,139,0.1380,0.1392,30.000,-129.204,3.650,0.000,31.697285,22.7227,0.000000
2,1 May 2024 20:04:31.000,-203.975159,-5.4887,0.000503,16.0035,0.273850,141,0.1400,0.1412,30.000,-129.204,3.646,0.000,32.436952,22.7758,0.000000
2,1 May 2024 20:04:34.000,-203.975159,-5.5590,0.000494,16.0246,0.269085,144,0.1430,0.1442,30.000,-129.204,3.643,0.000,33.176628,22.8548,0.000000
2,1 May 2024 20:04:37.000,-203.975159,-5.6291,0.000486,16.0145,0.261487,146,0.1450,0.1462,30.000,-129.204,3.640,0.000,33.916316,22.9064,0.000000
2,1 May 2024 20:04:40.000,-203.975159,-5.6988,0.000478,16.0038,0.254112,148,0.1470,0.1482,30.000,-129.204,3.636,0.000,34.656012,22.9572,0.000000
2,1 May 2024 20:04:43.000,-203.975159,-5.7683,0.000469,16.0214,0.249398,151,0.1500,0.1512,30.000,-129.204,3.633,0.000,35.395720,23.0327,0.000000
2,1 May 2024 20:04:46.000,-203.975159,-5.8375,0.000462,16.0094,0.242000,153,0.1520,0.1532,30.000,-129.204,3.630,0.000,36.135436,23.0822,0.000000
2,1 May 2024 20:04:49.000,-203.975159,-5.9065,0.000454,16.0248,0.237604,156,0.1550,0.1562,30.000,-129.204,3.627,0.000,36.875163,23.1550,0.000000
2,1 May 2024 20:04:52.000,-203.975159,-5.9752,0.000447,16.0114,0.230190,158,0.1570,0.1583,30.000,-129.204,3.623,0.000,37.614899,23.2032,0.000000
2,1 May 2024 20:04:55.000,-203.975159,-6.0436,0.000439,16.0247,0.225698,161,0.1600,0.1613,30.000,-129.204,3.620,0.000,38.354645,23.2740,0.000000
2,1 May 2024 20:04:58.000,-203.975159,-6.1117,0.000432,16.0102,0.218694,163,0.1620,0.1633,30.000,-129.204,3.617,0.000,39.094400,23.3205,0.000000
2,1 May 2024 20:05:01.000,-203.975159,-6.1795,0.000426,16.0215,0.214116,166,0.1650,0.1663,30.000,-129.204,3.614,0.000,39.834165,23.3895,0.000000
2,1 May 2024 20:05:04.000,-203.975159,-6.2471,0.000419,16.0059,0.207521,168,0.1670,0.1683,30.000,-129.204,3.611,0.000,40.573939,23.4345,0.000000
2,1 May 2024 20:05:07.000,-203.975159,-6.3145,0.000412,16.0155,0.202865,171,0.1700,0.1713,30.000,-129.204,3.608,0.000,41.313721,23.5017,0.000000
2,1 May 2024 20:05:10.000,-203.975159,-6.3816,0.000406,16.0239,0.198363,174,0.1730,0.1743,30.000,-129.204,3.605,0.000,42.053513,23.5676,0.000000
2,1 May 2024 20:05:13.000,-203.975159,-6.4484,0.000400,16.0067,0.191949,176,0.1750,0.1763,30.000,-129.204,3.602,0.000,42.793313,23.6109,0.000000
2,1 May 2024 20:05:16.000,-203.975159,-6.5150,0.000394,16.0136,0.187379,179,0.1780,0.1793,30.000,-129.204,3.599,0.000,43.533123,23.6752,0.000000
2,1 May 2024 20:05:19.000,-203.975159,-6.5813,0.000388,16.0194,0.182965,182,0.1810,0.1823,30.000,-129.204,3.597,0.000,44.272940,23.7384,0.000000
2,1 May 2024 20:05:22.000,-203.975159,-6.6473,0.000383,16.0008,0.177135,184,0.1830,0.1843,30.000,-129.204,3.594,0.000,45.012767,23.7796,0.000000
2,1 May 2024 20:05:25.000,-203.975159,-6.7132,0.000377,16.0053,0.172660,187,0.1860,0.1873,30.000,-129.204,3.591,0.000,45.752602,23.8415,0.000000
2,1 May 2024 20:05:28.000,-203.975159,-6.7787,0.000372,16.0088,0.168339,190,0.1890,0.1903,30.000,-129.204,3.588,0.000,46.492445,23.9022,0.000000
2,1 May 2024 20:05:31.000,-203.975159,-6.8440,0.000366,16.0115,0.164173,193,0.1920,0.1933,30.000,-129.204,3.586,0.000,47.232296,23.9620,0.000000
2,1 May 2024 20:05:34.000,-203.975159,-6.9091,0.000361,16.0134,0.160159,196,0.1950,0.1963,30.000,-129.204,3.583,0.000,47.972156,24.0207,0.000000
2,1 May 2024 20:05:37.000,-203.975159,-6.9740,0.000356,16.0146,0.155912,199,0.1980,0.1993,30.000,-129.204,3.580,0.000,48.712024,24.0789,0.000000
2,1 May 2024 20:05:40.000,-203.975159,-7.0386,0.000352,16.0150,0.151819,202,0.2010,0.2023,30.000,-129.204,3.578,0.000,49.451900,24.1362,0.000000
2,1 May 2024 20:05:43.000,-203.975159,-7.1029,0.000347,16.0146,0.147877,205,0.2040,0.2053,30.000,-129.204,3.575,0.000,50.191783,24.1926,0.000000
2,1 May 2024 20:05:46.000,-203.975159,-7.1670,0.000342,16.0136,0.144083,208,0.2070,0.2083,30.000,-129.204,3.573,0.000,50.931675,24.2481,0.000000
2,1 May 2024 20:05:49.000,-203.975159,-7.2309,0.000321,16.0119,0.140065,211,0.2100,0.2113,30.000,-129.204,3.570,0.000,51.671574,24.3032,0.000000
2,1 May 2024 20:05:52.000,-203.975159,-7.2946,0.000317,16.0096,0.136197,214,0.2130,0.2143,30.000,-129.204,3.568,0.000,52.411480,24.3575,0.000000
2,1 May 2024 20:05:55.000,-203.975159,-7.3580,0.000313,16.0066,0.132474,217,0.2160,0.2174,30.000,-129.204,3.565,0.000,53.151395,24.4110,0.000000
2,1 May 2024 20:05:58.000,-203.975159,-7.4212,0.000310,16.0031,0.128894,220,0.2190,0.2204,30.000,-129.204,3.563,0.000,53.891316,24.4636,0.000000
2,1 May 2024 20:06:01.000,-203.975159,-7.4841,0.000306,16.0183,0.126371,224,0.2230,0.2244,30.000,-129.204,3.560,0.000,54.631245,24.5330,0.000000
2,1 May 2024 20:06:04.000,-203.975159,-7.5469,0.000303,16.0134,0.122699,227,0.2260,0.2274,30.000,-129.204,3.558,0.000,55.371182,24.5843,0.000000
2,1 May 2024 20:06:07.000,-203.975159,-7.6094,0.000299,16.0079,0.119168,230,0.2290,0.2304,30.000,-129.204,3.555,0.000,56.111125,24.6350,0.000000
2,1 May 2024 20:06:10.000,-203.975159,-7.6717,0.000296,16.0019,0.115774,233,0.2320,0.2334,30.000,-129.204,3.553,0.000,56.851076,24.6849,0.000000
2,1 May 2024 20:06:13.000,-203.975159,-7.7337,0.000293,16.0138,0.113372,237,0.2360,0.2374,30.000,-129.204,3.551,0.000,57.591034,24.7506,0.000000
2,1 May 2024 20:06:16.000,-203.975159,-7.7956,0.000290,16.0065,0.110226,240,0.2390,0.2404,30.000,-129.204,3.548,0.000,58.330998,24.7989,0.000000
2,1 May 2024 20:06:19.000,-203.975159,-7.8572,0.000287,16.0167,0.107709,244,0.2430,0.2444,30.000,-129.204,3.546,0.000,59.070970,24.8630,0.000000
2,1 May 2024 20:06:22.000,-203.975159,-7.9186,0.000284,16.0084,0.104473,247,0.2460,0.2474,30.000,-129.204,3.544,0.000,59.810948,24.9103,0.000000
2,1 May 2024 20:06:25.000,-203.975159,-7.9798,0.000281,16.0169,0.102175,251,0.2500,0.2514,30.000,-129.204,3.542,0.000,60.550934,24.9725,0.000000
2,1 May 2024 20:06:28.000,-203.975159,-8.0408,0.000278,16.0076,0.099178,254,0.2530,0.2544,30.000,-129.204,3.540,0.000,61.290925,25.0184,0.000000
2,1 May 2024 20:06:31.000,-203.975159,-8.1015,0.000275,16.0147,0.096768,258,0.2570,0.2584,30.000,-129.204,3.537,0.000,62.030923,25.0792,0.000000
2,1 May 2024 20:06:34.000,-203.975159,-8.1621,0.000272,16.0043,0.093684,261,0.2600,0.2614,30.000,-129.204,3.535,0.000,62.770927,25.1243,0.000000
2,1 May 2024 20:06:37.000,-203.975159,-8.2224,0.000270,16.0100,0.091484,265,0.2640,0.2654,30.000,-129.204,3.533,0.000,63.510938,25.1834,0.000000
2,1 May 2024 20:06:40.000,-203.975159,-8.2826,0.000267,16.0150,0.089380,269,0.2680,0.2694,30.000,-129.204,3.531,0.000,64.250955,25.2415,0.000000
2,1 May 2024 20:06:43.000,-203.975159,-8.3425,0.000264,16.0032,0.086626,272,0.2710,0.2724,30.000,-129.204,3.529,0.000,64.990979,25.2846,0.000000
2,1 May 2024 20:06:46.000,-203.975159,-8.4022,0.000262,16.0069,0.084412,276,0.2750,0.2764,30.000,-129.204,3.527,0.000,65.731009,25.3416,0.000000
2,1 May 2024 20:06:49.000,-203.975159,-8.4617,0.000259,16.0098,0.082293,280,0.2790,0.2804,30.000,-129.204,3.525,0.000,66.471044,25.3977,0.000000
2,1 May 2024 20:06:52.000,-203.975159,-8.5210,0.000257,16.0121,0.080264,284,0.2830,0.2844,30.000,-129.204,3.523,0.000,67.211087,25.4530,0.000000
2,1 May 2024 20:06:55.000,-203.975159,-8.5802,0.000254,16.0138,0.078325,288,0.2870,0.2885,30.000,-129.204,3.521,0.000,67.951135,25.5074,0.000000
2,1 May 2024 20:06:58.000,-203.975159,-8.6391,0.000252,16.0148,0.076183,292,0.2910,0.2925,30.000,-129.204,3.519,0.000,68.691189,25.5616,0.000000
2,1 May 2024 20:07:01.000,-203.975159,-8.6978,0.000250,16.0004,0.073731,295,0.2940,0.2955,30.000,-129.204,3.517,0.000,69.431249,25.6015,0.000000
2,1 May 2024 20:07:04.000,-203.975159,-8.7563,0.000247,16.0004,0.072052,299,0.2980,0.2995,30.000,-129.204,3.515,0.000,70.171315,25.6538,0.000000
2,1 May 2024 20:07:07.000,-203.975159,-8.8146,0.000245,16.0141,0.070563,304,0.3030,0.3045,30.000,-129.204,3.513,0.000,70.911387,25.7188,0.000000
2,1 May 2024 20:07:10.000,-203.975159,-8.8728,0.000243,16.0127,0.068761,308,0.3070,0.3085,30.000,-129.204,3.511,0.000,71.651464,25.7699,0.000000
2,1 May 2024 20:07:13.000,-203.975159,-8.9307,0.000241,16.0109,0.066767,312,0.3110,0.3125,30.000,-129.204,3.509,0.000,72.391548,25.8208,0.000000
2,1 May 2024 20:07:16.000,-203.975159,-8.9884,0.000239,16.0084,0.065123,316,0.3150,0.3165,30.000,-129.204,3.508,0.000,73.131636,25.8705,0.000000
2,1 May 2024 20:07:19.000,-203.975159,-9.0460,0.000237,16.0055,0.063289,320,0.3190,0.3205,30.000,-129.204,3.506,0.000,73.871731,25.9200,0.000000
2,1 May 2024 20:07:22.000,-203.975159,-9.1033,0.000235,16.0021,0.061532,324,0.3230,0.3245,30.000,-129.204,3.504,0.000,74.611831,25.9689,0.000000
2,1 May 2024 20:07:25.000,-203.975159,-9.1605,0.000233,16.0114,0.060212,329,0.3280,0.3295,30.000,-129.204,3.502,0.000,75.351936,26.0290,0.000000
2,1 May 2024 20:07:28.000,-203.975159,-9.2175,0.000231,16.0069,0.058599,333,0.3320,0.3335,30.000,-129.204,3.500,0.000,76.092047,26.0765,0.000000
2,1 May 2024 20:07:31.000,-203.975159,-9.2743,0.000229,16.0020,0.057056,337,0.3360,0.3375,30.000,-129.204,3.499,0.000,76.832163,26.1233,0.000000
2,1 May 2024 20:07:34.000,-203.975159,-9.3309,0.000227,16.0093,0.055681,342,0.3410,0.3425,30.000,-129.204,3.497,0.000,77.572284,26.1815,0.000000
2,1 May 2024 20:07:37.000,-203.975159,-9.3874,0.000225,16.0034,0.054269,346,0.3450,0.3465,30.000,-129.204,3.495,0.000,78.312411,26.2270,0.000000
2,1 May 2024 20:07:40.000,-203.975159,-9.4436,0.000223,16.0095,0.053020,351,0.3500,0.3515,30.000,-129.204,3.494,0.000,79.052542,26.2836,0.000000
2,1 May 2024 20:07:43.000,-203.975159,-9.4997,0.000221,16.0026,0.051493,355,0.3540,0.3555,30.000,-129.204,3.492,0.000,79.792680,26.3284,0.000000
2,1 May 2024 20:07:46.000,-203.975159,-9.5556,0.000220,16.0075,0.050364,360,0.3590,0.3605,30.000,-129.204,3.490,0.000,80.532821,26.3835,0.000000
2,1 May 2024 20:07:49.000,-203.975159,-9.6113,0.000218,16.0117,0.049056,365,0.3640,0.3655,30.000,-129.204,3.489,0.000,81.272969,26.4383,0.000000
2,1 May 2024 20:07:52.000,-203.975159,-9.6668,0.000216,16.0035,0.047712,369,0.3680,0.3695,30.000,-129.204,3.487,0.000,82.013120,26.4812,0.000000
2,1 May 2024 20:07:55.000,-203.975159,-9.7222,0.000215,16.0066,0.046521,374,0.3730,0.3746,30.000,-129.204,3.485,0.000,82.753277,26.5346,0.000000
2,1 May 2024 20:07:58.000,-203.975159,-9.7773,0.000213,16.0091,0.045609,379,0.3780,0.3796,30.000,-129.204,3.484,0.000,83.493439,26.5867,0.000000
2,1 May 2024 20:08:01.000,-203.975159,-9.8323,0.000211,16.0110,0.044522,384,0.3830,0.3846,30.000,-129.204,3.482,0.000,84.233605,26.6385,0.000000
2,1 May 2024 20:08:04.000,-203.975159,-9.8872,0.000210,16.0011,0.043174,388,0.3870,0.3886,30.000,-129.204,3.481,0.000,84.973776,26.6797,0.000000
2,1 May 2024 20:08:07.000,-203.975159,-9.9418,0.000208,16.0021,0.042190,393,0.3920,0.3936,30.000,-129.204,3.479,0.000,85.713951,26.7303,0.000000
2,1 May 2024 20:08:10.000,-203.975159,-9.9963,0.000207,16.0025,0.041041,398,0.3970,0.3986,30.000,-129.204,3.478,0.000,86.454131,26.7807,0.000000
2,1 May 2024 20:08:13.000,-203.975159,-10.0506,0.000205,16.0024,0.040153,403,0.4020,0.4036,30.000,-129.204,3.476,0.000,87.194316,26.8300,0.000000
2,1 May 2024 20:08:16.000,-203.975159,-10.1048,0.000204,16.0018,0.039100,408,0.4070,0.4086,30.000,-129.204,3.475,0.000,87.934506,26.8791,0.000000
2,1 May 2024 20:08:19.000,-203.975159,-10.1588,0.000202,16.0007,0.038147,413,0.4120,0.4136,30.000,-129.204,3.473,0.000,88.674699,26.9274,0.000000
2,1 May 2024 20:08:22.000,-203.975159,-10.2126,0.000201,16.0096,0.037378,419,0.4180,0.4196,30.000,-129.204,3.472,0.000,89.414898,26.9847,0.000000
2,1 May 2024 20:08:25.000,-203.975159,-10.2662,0.000200,16.0074,0.036360,424,0.4230,0.4246,30.000,-129.204,3.470,0.000,90.155100,27.0321,0.000000
2,1 May 2024 20:08:28.000,-203.975159,-10.3197,0.000198,16.0049,0.035485,429,0.4280,0.4296,30.000,-129.204,3.469,0.000,90.895308,27.0786,0.000000
2,1 May 2024 20:08:31.000,-203.975159,-10.3730,0.000197,16.0019,0.034554,434,0.4330,0.4346,30.000,-129.204,3.467,0.000,91.635519,27.1248,0.000000
2,1 May 2024 20:08:34.000,-203.975159,-10.4262,0.000196,16.0083,0.033849,440,0.4390,0.4406,30.000,-129.204,3.466,0.000,92.375735,27.1794,0.000000
2,1 May 2024 20:08:37.000,-203.975159,-10.4792,0.000194,16.0044,0.032997,445,0.4440,0.4456,30.000,-129.204,3.465,0.000,93.115956,27.2244,0.000000
2,1 May 2024 20:08:40.000,-203.975159,-10.5320,0.000193,16.0001,0.032184,450,0.4490,0.4506,30.000,-129.204,3.463,0.000,93.856180,27.2688,0.000000
2,1 May 2024 20:08:43.000,-203.975159,-10.5847,0.000192,16.0049,0.031496,456,0.4550,0.4566,30.000,-129.204,3.462,0.000,94.596409,27.3216,0.000000
2,1 May 2024 20:08:46.000,-203.975159,-10.6372,0.000191,16.0092,0.030752,462,0.4610,0.4626,30.000,-129.204,3.460,0.000,95.336642,27.3740,0.000000
2,1 May 2024 20:08:49.000,-203.975159,-10.6896,0.000189,16.0036,0.029956,467,0.4660,0.4676,30.000,-129.204,3.459,0.000,96.076879,27.4169,0.000000
2,1 May 2024 20:08:52.000,-203.975159,-10.7418,0.000188,16.0068,0.029371,473,0.4720,0.4736,30.000,-129.204,3.458,0.000,96.817120,27.4677,0.000000
2,1 May 2024 20:08:55.000,-203.975159,-10.7938,0.000187,16.0005,0.028555,478,0.4770,0.4787,30.000,-129.204,3.456,0.000,97.557365,27.5099,0.000000
2,1 May 2024 20:08:58.000,-203.975159,-10.8457,0.000186,16.0027,0.027946,484,0.4830,0.4847,30.000,-129.204,3.455,0.000,98.297614,27.5597,0.000000
2,1 May 2024 20:09:01.000,-203.975159,-10.8974,0.000185,16.0045,0.027283,490,0.4890,0.4907,30.000,-129.204,3.454,0.000,99.037867,27.6091,0.000000
2,1 May 2024 20:09:04.000,-203.975159,-10.9490,0.000184,16.0058,0.026735,496,0.4950,0.4967,30.000,-129.204,3.453,0.000,99.778124,27.6576,0.000000
2,1 May 2024 20:09:07.000,-203.975159,-11.0005,0.000183,16.0066,0.026133,502,0.5010,0.5027,30.000,-129.204,3.451,0.000,100.518384,27.7057,0.000000
2,1 May 2024 20:09:10.000,-203.975159,-11.0517,0.000182,16.0069,0.025477,508,0.5070,0.5087,30.000,-129.204,3.450,0.000,101.258649,27.7535,0.000000
2,1 May 2024 20:09:13.000,-203.975159,-11.1029,0.000180,15.9898,0.024764,512,0.5110,0.5127,30.000,-129.204,3.449,0.000,101.998917,27.7847,0.000000
2,1 May 2024 20:09:16.000,-203.975159,-11.1538,0.000179,15.9389,0.023636,512,0.5110,0.5127,30.000,-129.204,3.448,0.000,102.739189,27.7847,0.000000
2,1 May 2024 20:09:19.000,-203.975159,-11.2047,0.000178,15.8880,0.022563,512,0.5110,0.5127,30.000,-129.204,3.446,0.000,103.479464,27.7847,0.000000
2,1 May 2024 20:09:22.000,-203.975159,-11.2553,0.000177,15.8374,0.021590,512,0.5110,0.5127,30.000,-129.204,3.445,0.000,104.219744,27.7847,0.000000
2,1 May 2024 20:09:25.000,-203.975159,-11.3059,0.000176,15.7868,0.020622,512,0.5110,0.5127,30.000,-129.204,3.444,0.000,104.960027,27.7847,0.000000
2,1 May 2024 20:09:28.000,-203.975159,-11.3563,0.000175,15.7364,0.019743,512,0.5110,0.5127,30.000,-129.204,3.443,0.000,105.700313,27.7847,0.000000
2,1 May 2024 20:09:31.000,-203.975159,-11.4065,0.000175,15.6862,0.018868,512,0.5110,0.5127,30.000,-129.204,3.442,0.000,106.440603,27.7847,0.000000
2,1 May 2024 20:09:34.000,-203.975159,-11.4566,0.000174,15.6361,0.018074,512,0.5110,0.5127,30.000,-129.204,3.441,0.000,107.180897,27.7847,0.000000
2,1 May 2024 20:09:37.000,-203.975159,-11.5066,0.000173,15.5861,0.017284,512,0.5110,0.5127,30.000,-129.204,3.439,0.000,107.921194,27.7847,0.000000
2,1 May 2024 20:09:40.000,-203.975159,-11.5564,0.000172,15.5363,0.016566,512,0.5110,0.5127,30.000,-129.204,3.438,0.000,108.661495,27.7847,0.000000
2,1 May 2024 20:09:43.000,-203.975159,-11.6060,0.000171,15.4867,0.015851,512,0.5110,0.5127,30.000,-129.204,3.437,0.000,109.401798,27.7847,0.000000
2,1 May 2024 20:09:46.000,-203.975159,-11.6556,0.000170,15.4371,0.015202,512,0.5110,0.5127,30.000,-129.204,3.436,0.000,110.142106,27.7847,0.000000
2,1 May 2024 20:09:49.000,-203.975159,-11.7050,0.000169,15.3877,0.014554,512,0.5110,0.5127,30.000,-129.204,3.435,0.000,110.882416,27.7847,0.000000
2,1 May 2024 20:09:52.000,-203.975159,-11.7542,0.000168,15.3385,0.013967,512,0.5110,0.5127,30.000,-129.204,3.434,0.000,111.622731,27.7847,0.000000
2,1 May 2024 20:09:55.000,-203.975159,-11.8033,0.000167,15.2894,0.013380,512,0.5110,0.5127,30.000,-129.204,3.433,0.000,112.363048,27.7847,0.000000
2,1 May 2024 20:09:58.000,-203.975159,-11.8523,0.000167,15.2404,0.012847,512,0.5110,0.5128,30.000,-129.204,3.432,0.000,113.103369,27.7847,0.000000
2,1 May 2024 20:10:01.000,-203.975159,-11.9011,0.000166,15.1916,0.012314,512,0.5110,0.5128,30.000,-129.204,3.431,0.000,113.843693,27.7847,0.000000
2,1 May 2024 20:10:04.000,-203.975159,-11.9498,0.000165,15.1429,0.011832,512,0.5110,0.5128,30.000,-129.204,3.430,0.000,114.584020,27.7847,0.000000
2,1 May 2024 20:10:07.000,-203.975159,-11.9984,0.000164,15.0943,0.011347,512,0.5110,0.5128,30.000,-129.204,3.429,0.000,115.324350,27.7847,0.000000
2,1 May 2024 20:10:10.000,-203.975159,-12.0468,0.000163,15.0459,0.010910,512,0.5110,0.5128,30.000,-129.204,3.427,0.000,116.064684,27.7847,0.000000
2,1 May 2024 20:10:13.000,-203.975159,-12.0951,0.000163,14.9976,0.010469,512,0.5110,0.5128,30.000,-129.204,3.426,0.000,116.805021,27.7847,0.000000
2,1 May 2024 20:10:16.000,-203.975159,-12.1432,0.000162,14.9495,0.010072,512,0.5110,0.5128,30.000,-129.204,3.425,0.000,117.545361,27.7847,0.000000
2,1 May 2024 20:10:19.000,-203.975159,-12.1913,0.000161,14.9014,0.009670,512,0.5110,0.5128,30.000,-129.204,3.424,0.000,118.285704,27.7847,0.000000
2,1 May 2024 20:10:22.000,-203.975159,-12.2391,0.000160,14.8536,0.009310,512,0.5110,0.5128,30.000,-129.204,3.423,0.000,119.026050,27.7847,0.000000
2,1 May 2024 20:10:25.000,-203.975159,-12.2869,0.000160,14.8058,0.008964,512,0.5110,0.5128,30.000,-129.204,3.423,0.000,119.766399,27.7847,0.000000
2,1 May 2024 20:10:28.000,-203.975159,-12.3345,0.000159,14.7582,0.008615,512,0.5110,0.5128,30.000,-129.204,3.422,0.000,120.506751,27.7847,0.000000
2,1 May 2024 20:10:31.000,-203.975159,-12.3820,0.000158,14.7107,0.008301,512,0.5110,0.5128,30.000,-129.204,3.421,0.000,121.247106,27.7847,0.000000
2,1 May 2024 20:10:34.000,-203.975159,-12.4294,0.000158,14.6633,0.007982,512,0.5110,0.5128,30.000,-129.204,3.420,0.000,121.987464,27.7847,0.000000
2,1 May 2024 20:10:37.000,-203.975159,-12.4766,0.000157,14.6161,0.007696,512,0.5110,0.5128,30.000,-129.204,3.419,0.000,122.727825,27.7847,0.000000
2,1 May 2024 20:10:40.000,-203.975159,-12.5237,0.000156,14.5689,0.007421,512,0.5110,0.5128,30.000,-129.204,3.418,0.000,123.468188,27.7847,0.000000
2,1 May 2024 20:10:43.000,-203.975159,-12.5707,0.000156,14.5220,0.007143,512,0.5110,0.5128,30.000,-129.204,3.417,0.000,124.208555,27.7847,0.000000
2,1 May 2024 20:10:46.000,-203.975159,-12.6176,0.000155,14.4751,0.006893,512,0.5110,0.5128,30.000,-129.204,3.416,0.000,124.948924,27.7847,0.000000
2,1 May 2024 20:10:49.000,-203.975159,-12.6643,0.000154,14.4284,0.006638,512,0.5110,0.5128,30.000,-129.204,3.415,0.000,125.689297,27.7847,0.000000
2,1 May 2024 20:10:52.000,-203.975159,-12.7109,0.000154,14.3818,0.006409,512,0.5110,0.5128,30.000,-129.204,3.414,0.000,126.429671,27.7847,0.000000
2,1 May 2024 20:10:55.000,-203.975159,-12.7574,0.000153,14.3353,0.006190,512,0.5110,0.5128,30.000,-129.204,3.413,0.000,127.170049,27.7847,0.000000
2,1 May 2024 20:10:58.000,-203.975159,-12.8038,0.000153,14.2889,0.005967,512,0.5110,0.5129,30.000,-129.204,3.412,0.000,127.910429,27.7847,0.000000
2,1 May 2024 20:11:01.000,-203.975159,-12.8500,0.000152,14.2427,0.005767,512,0.5110,0.5129,30.000,-129.204,3.411,0.000,128.650813,27.7847,0.000000
2,1 May 2024 20:11:04.000,-203.975159,-12.8961,0.000151,14.1966,0.005560,512,0.5110,0.5129,30.000,-129.204,3.411,0.000,129.391198,27.7847,0.000000
2,1 May 2024 20:11:07.000,-203.975159,-12.9421,0.000151,14.1506,0.005378,512,0.5110,0.5129,30.000,-129.204,3.410,0.000,130.131587,27.7847,0.000000
2,1 May 2024 20:11:10.000,-203.975159,-12.9880,0.000150,14.1047,0.005202,512,0.5110,0.5129,30.000,-129.204,3.409,0.000,130.871978,27.7847,0.000000
2,1 May 2024 20:11:13.000,-203.975159,-13.0337,0.000150,14.0590,0.005020,512,0.5110,0.5129,30.000,-129.204,3.408,0.000,131.612372,27.7847,0.000000
2,1 May 2024 20:11:16.000,-203.975159,-13.0794,0.000149,14.0133,0.004859,512,0.5110,0.5129,30.000,-129.204,3.407,0.000,132.352769,27.7847,0.000000
2,1 May 2024 20:11:19.000,-203.975159,-13.1249,0.000149,13.9678,0.004704,512,0.5110,0.5129,30.000,-129.204,3.406,0.000,133.093167,27.7847,0.000000
2,1 May 2024 20:11:22.000,-203.975159,-13.1703,0.000148,13.9224,0.004544,512,0.5110,0.5129,30.000,-129.204,3.406,0.000,133.833569,27.7847,0.000000
2,1 May 2024 20:11:25.000,-203.975159,-13.2155,0.000147,13.8772,0.004402,512,0.5110,0.5129,30.000,-129.204,3.405,0.000,134.573973,27.7847,0.000000
2,1 May 2024 20:11:28.000,-203.975159,-13.2607,0.000147,13.8320,0.004266,512,0.5110,0.5129,30.000,-129.204,3.404,0.000,135.314379,27.7847,0.000000
2,1 May 2024 20:11:31.000,-203.975159,-13.3057,0.000146,13.7870,0.004124,512,0.5110,0.5129,30.000,-129.204,3.403,0.000,136.054788,27.7847,0.000000
2,1 May 2024 20:11:34.000,-203.975159,-13.3507,0.000146,13.7420,0.003998,512,0.5110,0.5129,30.000,-129.204,3.402,0.000,136.795200,27.7847,0.000000
2,1 May 2024 20:11:37.000,-203.975159,-13.3955,0.000145,13.6972,0.003877,512,0.5110,0.5129,30.000,-129.204,3.402,0.000,137.535613,27.7847,0.000000
2,1 May 2024 20:11:40.000,-203.975159,-13.4402,0.000140,13.6525,0.003751,512,0.5110,0.5129,30.000,-129.204,3.401,0.000,138.276029,27.7847,0.000000
2,1 May 2024 20:11:43.000,-203.975159,-13.4847,0.000139,13.6080,0.003640,512,0.5110,0.5129,30.000,-129.204,3.400,0.000,139.016448,27.7847,0.000000
2,1 May 2024 20:11:46.000,-203.975159,-13.5292,0.000139,13.5635,0.003533,512,0.5110,0.5129,30.000,-129.204,3.399,0.000,139.756869,27.7847,0.000000
2,1 May 2024 20:11:49.000,-203.975159,-13.5735,0.000139,13.5192,0.003421,512,0.5110,0.5129,30.000,-129.204,3.399,0.000,140.497292,27.7847,0.000000
2,1 May 2024 20:11:52.000,-203.975159,-13.6178,0.000138,13.4749,0.003323,512,0.5110,0.5129,30.000,-129.204,3.398,0.000,141.237717,27.7847,0.000000
2,1 May 2024 20:11:55.000,-203.975159,-13.6619,0.000138,13.4308,0.003227,512,0.5110,0.5129,30.000,-129.204,3.397,0.000,141.978145,27.7847,0.000000
2,1 May 2024 20:11:58.000,-203.975159,-13.7059,0.000138,13.3868,0.003136,512,0.5110,0.5130,30.000,-129.204,3.396,0.000,142.718575,27.7847,0.000000
2,1 May 2024 20:12:01.000,-203.975159,-13.7498,0.000137,13.3429,0.003040,512,0.5110,0.5130,30.000,-129.204,3.396,0.000,143.459007,27.7847,0.000000
2,1 May 2024 20:12:04.000,-203.975159,-13.7936,0.000137,13.2991,0.002955,512,0.5110,0.5130,30.000,-129.204,3.395,0.000,144.199442,27.7847,0.000000
2,1 May 2024 20:12:07.000,-203.975159,-13.8373,0.000136,13.2554,0.002873,512,0.5110,0.5130,30.000,-129.204,3.394,0.000,144.939879,27.7847,0.000000
2,1 May 2024 20:12:10.000,-203.975159,-13.8809,0.000136,13.2118,0.002787,512,0.5110,0.5130,30.000,-129.204,3.394,0.000,145.680318,27.7847,0.000000
2,1 May 2024 20:12:13.000,-203.975159,-13.9243,0.000136,13.1684,0.002712,512,0.5110,0.5130,30.000,-129.204,3.393,0.000,146.420759,27.7847,0.000000
2,1 May 2024 20:12:16.000,-203.975159,-13.9677,0.000135,13.1250,0.002639,512,0.5110,0.5130,30.000,-129.204,3.392,0.000,147.161202,27.7847,0.000000
2,1 May 2024 20:12:19.000,-203.975159,-14.0109,0.000135,13.0818,0.002568,512,0.5110,0.5130,30.000,-129.204,3.392,0.000,147.901647,27.7847,0.000000
2,1 May 2024 20:12:22.000,-203.975159,-14.0541,0.000135,13.0386,0.002494,512,0.5110,0.5130,30.000,-129.204,3.391,0.000,148.642095,27.7847,0.000000
2,1 May 2024 20:12:25.000,-203.975159,-14.0971,0.000134,12.9956,0.002429,512,0.5110,0.5130,30.000,-129.204,3.390,0.000,149.382544,27.7847,0.000000
2,1 May 2024 20:12:28.000,-203.975159,-14.1400,0.000134,12.9527,0.002366,512,0.5110,0.5130,30.000,-129.204,3.390,0.000,0.226767,27.7847,0.000000
2,1 May 2024 20:12:31.000,-203.975159,-14.1829,0.000134,12.9098,0.002305,512,0.5110,0.5130,30.000,-129.204,3.389,0.000,0.967220,27.7847,0.000000
2,1 May 2024 20:12:34.000,-203.975159,-14.2256,0.000133,12.8671,0.002241,512,0.5110,0.5130,30.000,-129.204,3.388,0.000,1.707675,27.7847,0.000000
2,1 May 2024 20:12:37.000,-203.975159,-14.2682,0.000133,12.8245,0.002184,512,0.5110,0.5130,30.000,-129.204,3.388,0.000,2.448133,27.7847,0.000000
2,1 May 2024 20:12:40.000,-203.975159,-14.3107,0.000133,12.7820,0.002130,512,0.5110,0.5130,30.000,-129.204,3.387,0.000,3.188592,27.7847,0.000000
2,1 May 2024 20:12:43.000,-203.975159,-14.3531,0.000133,12.7396,0.002077,512,0.5110,0.5130,30.000,-129.204,3.386,0.000,3.929054,27.7847,0.000000
2,1 May 2024 20:12:46.000,-203.975159,-14.3954,0.000132,12.6973,0.002021,512,0.5110,0.5130,30.000,-129.204,3.386,0.000,4.669517,27.7847,0.000000
2,1 May 2024 20:12:49.000,-203.975159,-14.4376,0.000132,12.6551,0.001972,512,0.5110,0.5130,30.000,-129.204,3.385,0.000,5.409982,27.7847,0.000000
2,1 May 2024 20:12:52.000,-203.975159,-14.4797,0.000132,12.6130,0.001924,512,0.5110,0.5130,30.000,-129.204,3.385,0.000,6.150449,27.7847,0.000000
2,1 May 2024 20:12:55.000,-203.975159,-14.5217,0.000131,12.5710,0.001878,512,0.5110,0.5130,30.000,-129.204,3.384,0.000,6.890919,27.7847,0.000000
2,1 May 2024 20:12:58.000,-203.975159,-14.5636,0.000131,12.5291,0.001829,512,0.5110,0.5131,30.000,-129.204,3.383,0.000,7.631390,27.7847,0.000000
2,1 May 2024 20:13:01.000,-203.975159,-14.6054,0.000131,12.4873,0.001786,512,0.5110,0.5131,30.000,-129.204,3.383,0.000,8.371862,27.7847,0.000000
2,1 May 2024 20:13:04.000,-203.975159,-14.6471,0.000130,12.4456,0.001745,512,0.5110,0.5131,30.000,-129.204,3.382,0.000,9.112337,27.7847,0.000000
2,1 May 2024 20:13:07.000,-203.975159,-14.6886,0.000130,12.4041,0.001704,512,0.5110,0.5131,30.000,-129.204,3.382,0.000,9.852813,27.7847,0.000000
2,1 May 2024 20:13:10.000,-203.975159,-14.7301,0.000130,12.3626,0.001661,512,0.5110,0.5131,30.000,-129.204,3.381,0.000,10.593292,27.7847,0.000000
2,1 May 2024 20:13:13.000,-203.975159,-14.7715,0.000130,12.3212,0.001624,512,0.5110,0.5131,30.000,-129.204,3.380,0.000,11.333771,27.7847,0.000000
2,1 May 2024 20:13:16.000,-203.975159,-14.8128,0.000129,12.2799,0.001588,512,0.5110,0.5131,30.000,-129.204,3.380,0.000,12.074253,27.7847,0.000000
2,1 May 2024 20:13:19.000,-203.975159,-14.8540,0.000129,12.2387,0.001552,512,0.5110,0.5131,30.000,-129.204,3.379,0.000,12.814737,27.7847,0.000000
2,1 May 2024 20:13:22.000,-203.975159,-14.8951,0.000129,12.1976,0.001514,512,0.5110,0.5131,30.000,-129.204,3.379,0.000,13.555222,27.7847,0.000000
2,1 May 2024 20:13:25.000,-203.975159,-14.9361,0.000129,12.1566,0.001481,512,0.5110,0.5131,30.000,-129.204,3.378,0.000,14.295709,27.7847,0.000000
2,1 May 2024 20:13:28.000,-203.975159,-14.9770,0.000128,12.1157,0.001449,512,0.5110,0.5131,30.000,-129.204,3.378,0.000,15.036198,27.7847,0.000000
2,1 May 2024 20:13:31.000,-203.975159,-15.0179,0.000128,12.0748,0.001419,512,0.5110,0.5131,30.000,-129.204,3.377,0.000,15.776688,27.7847,0.000000
2,1 May 2024 20:13:34.000,-203.975159,-15.0586,0.000128,12.0341,0.001388,512,0.5110,0.5131,30.000,-129.204,3.377,0.000,16.517180,27.7847,0.000000
2,1 May 2024 20:13:37.000,-203.975159,-15.0992,0.000128,11.9935,0.001356,512,0.5110,0.5131,30.000,-129.204,3.376,0.000,17.257674,27.7847,0.000000
2,1 May 2024 20:13:40.000,-203.975159,-15.1397,0.000127,11.9530,0.001328,512,0.5110,0.5131,30.000,-129.204,3.376,0.000,17.998169,27.7847,0.000000
2,1 May 2024 20:13:43.000,-203.975159,-15.1801,0.000127,11.9126,0.001300,512,0.5110,0.5131,30.000,-129.204,3.375,0.000,18.738666,27.7847,0.000000
2,1 May 2024 20:13:46.000,-203.975159,-15.2205,0.000127,11.8722,0.001274,512,0.5110,0.5131,30.000,-129.204,3.375,0.000,19.479165,27.7847,0.000000
2,1 May 2024 20:13:49.000,-203.975159,-15.2607,0.000127,11.8320,0.001248,512,0.5110,0.5131,30.000,-129.204,3.374,0.000,20.219665,27.7847,0.000000
2,1 May 2024 20:13:52.000,-203.975159,-15.3009,0.000126,11.7918,0.001220,512,0.5110,0.5131,30.000,-129.204,3.374,0.000,20.960167,27.7847,0.000000
2,1 May 2024 20:13:55.000,-203.975159,-15.3409,0.000126,11.7518,0.001196,512,0.5110,0.5131,30.000,-129.204,3.373,0.000,21.700670,27.7847,0.000000
2,1 May 2024 20:13:58.000,-203.975159,-15.3809,0.000126,11.7118,0.001172,512,0.5110,0.5131,30.000,-129.204,3.373,0.000,22.441175,27.7847,0.000000
2,1 May 2024 20:14:01.000,-203.975159,-15.4208,0.000126,11.6719,0.001150,512,0.5110,0.5132,30.000,-129.204,3.372,0.000,23.181681,27.7847,0.000000
2,1 May 2024 20:14:04.000,-203.975159,-15.4606,0.000125,11.6321,0.001127,512,0.5110,0.5132,30.000,-129.204,3.372,0.000,23.922189,27.7847,0.000000
2,1 May 2024 20:14:07.000,-203.975159,-15.5003,0.000125,11.5924,0.001103,512,0.5110,0.5132,30.000,-129.204,3.371,0.000,24.662698,27.7847,0.000000
2,1 May 2024 20:14:10.000,-203.975159,-15.5399,0.000125,11.5528,0.001082,512,0.5110,0.5132,30.000,-129.204,3.371,0.000,25.403208,27.7847,0.000000
2,1 May 2024 20:14:13.000,-203.975159,-15.5794,0.000125,11.5133,0.001062,512,0.5110,0.5132,30.000,-129.204,3.370,0.000,26.143720,27.7847,0.000000
2,1 May 2024 20:14:16.000,-203.975159,-15.6188,0.000125,11.4739,0.001042,512,0.5110,0.5132,30.000,-129.204,3.370,0.000,26.884233,27.7847,0.000000
2,1 May 2024 20:14:19.000,-203.975159,-15.6581,0.000124,11.4346,0.001023,512,0.5110,0.5132,30.000,-129.204,3.369,0.000,27.624748,27.7847,0.000000
2,1 May 2024 20:14:22.000,-203.975159,-15.6974,0.000124,11.3953,0.001004,512,0.5110,0.5132,30.000,-129.204,3.369,0.000,28.365264,27.7847,0.000000
2,1 May 2024 20:14:25.000,-203.975159,-15.7365,0.000124,11.3562,0.000983,512,0.5110,0.5132,30.000,-129.204,3.369,0.000,29.105782,27.7847,0.000000
2,1 May 2024 20:14:28.000,-203.975159,-15.7756,0.000124,11.3171,0.000966,512,0.5110,0.5132,30.000,-129.204,3.368,0.000,29.846300,27.7847,0.000000
2,1 May 2024 20:14:31.000,-203.975159,-15.8146,0.000123,11.2781,0.000949,512,0.5110,0.5132,30.000,-129.204,3.368,0.000,30.586821,27.7847,0.000000
2,1 May 2024 20:14:34.000,-203.975159,-15.8535,0.000123,11.2392,0.000932,512,0.5110,0.5132,30.000,-129.204,3.367,0.000,31.327343,27.7847,0.000000
2,1 May 2024 20:14:37.000,-203.975159,-15.8923,0.000123,11.2004,0.000916,512,0.5110,0.5132,30.000,-129.204,3.367,0.000,32.067865,27.7847,0.000000
2,1 May 2024 20:14:40.000,-203.975159,-15.9310,0.000123,11.1617,0.000900,512,0.5110,0.5132,30.000,-129.204,3.366,0.000,32.808390,27.7847,0.000000
2,1 May 2024 20:14:43.000,-203.975159,-15.9696,0.000123,11.1231,0.000882,512,0.5110,0.5132,30.000,-129.204,3.366,0.000,33.548915,27.7847,0.000000
2,1 May 2024 20:14:46.000,-203.975159,-16.0082,0.000122,11.0845,0.000868,512,0.5110,0.5132,30.000,-129.204,3.366,0.000,34.289442,27.7847,0.000000
2,1 May 2024 20:14:49.000,-203.975159,-16.0467,0.000122,11.0460,0.000853,512,0.5110,0.5132,30.000,-129.204,3.365,0.000,35.029971,27.7847,0.000000
2,1 May 2024 20:14:52.000,-203.975159,-16.0850,0.000122,11.0077,0.000839,512,0.5110,0.5132,30.000,-129.204,3.365,0.000,35.770500,27.7847,0.000000
2,1 May 2024 20:14:55.000,-203.975159,-16.1233,0.000122,10.9694,0.000825,512,0.5110,0.5132,30.000,-129.204,3.364,0.000,36.511031,27.7847,0.000000
2,1 May 2024 20:14:58.000,-203.975159,-16.1615,0.000122,10.9312,0.000811,512,0.5110,0.5132,30.000,-129.204,3.364,0.000,37.251563,27.7847,0.000000
2,1 May 2024 20:15:01.000,-203.975159,-16.1997,0.000122,10.8930,0.000796,512,0.5110,0.5133,30.000,-129.204,3.364,0.000,37.992096,27.7847,0.000000
2,1 May 2024 20:15:04.000,-203.975159,-16.2377,0.000121,10.8550,0.000784,512,0.5110,0.5133,30.000,-129.204,3.363,0.000,38.732631,27.7847,0.000000
2,1 May 2024 20:15:07.000,-203.975159,-16.2757,0.000121,10.8170,0.000771,512,0.5110,0.5133,30.000,-129.204,3.363,0.000,39.473166,27.7847,0.000000
2,1 May 2024 20:15:10.000,-203.975159,-16.3135,0.000121,10.7792,0.000759,512,0.5110,0.5133,30.000,-129.204,3.362,0.000,40.213704,27.7847,0.000000
2,1 May 2024 20:15:13.000,-203.975159,-16.3513,0.000121,10.7414,0.000747,512,0.5110,0.5133,30.000,-129.204,3.362,0.000,40.954242,27.7847,0.000000
2,1 May 2024 20:15:16.000,-203.975159,-16.3890,0.000121,10.7036,0.000736,512,0.5110,0.5133,30.000,-129.204,3.362,0.000,41.694781,27.7847,0.000000
2,1 May 2024 20:15:19.000,-203.975159,-16.4267,0.000120,10.6660,0.000724,512,0.5110,0.5133,30.000,-129.204,3.361,0.000,42.435322,27.7847,0.000000
2,1 May 2024 20:15:22.000,-203.975159,-16.4642,0.000120,10.6285,0.000712,512,0.5110,0.5133,30.000,-129.204,3.361,0.000,43.175863,27.7847,0.000000
2,1 May 2024 20:15:25.000,-203.975159,-16.5017,0.000120,10.5910,0.000701,512,0.5110,0.5133,30.000,-129.204,3.361,0.000,43.916406,27.7847,0.000000
2,1 May 2024 20:15:28.000,-203.975159,-16.5391,0.000120,10.5536,0.000691,512,0.5110,0.5133,30.000,-129.204,3.360,0.000,44.656950,27.7847,0.000000
2,1 May 2024 20:15:31.000,-203.975159,-16.5764,0.000120,10.5163,0.000680,512,0.5110,0.5133,30.000,-129.204,3.360,0.000,45.397495,27.7847,0.000000
2,1 May 2024 20:15:34.000,-203.975159,-16.6136,0.000120,10.4791,0.000670,512,0.5110,0.5133,30.000,-129.204,3.360,0.000,46.138042,27.7847,0.000000
2,1 May 2024 20:15:37.000,-203.975159,-16.6508,0.000119,10.4419,0.000661,512,0.5110,0.5133,30.000,-129.204,3.359,0.000,46.878589,27.7847,0.000000
2,1 May 2024 20:15:40.000,-203.975159,-16.6878,0.000119,10.4049,0.000651,512,0.5110,0.5133,30.000,-129.204,3.359,0.000,47.619137,27.7847,0.000000
2,1 May 2024 20:15:43.000,-203.975159,-16.7248,0.000119,10.3679,0.000640,512,0.5110,0.5133,30.000,-129.204,3.359,0.000,48.359686,27.7847,0.000000
2,1 May 2024 20:15:46.000,-203.975159,-16.7617,0.000119,10.3310,0.000631,512,0.5110,0.5133,30.000,-129.204,3.358,0.000,49.100236,27.7847,0.000000
2,1 May 2024 20:15:49.000,-203.975159,-16.7986,0.000119,10.2941,0.000623,512,0.5110,0.5133,30.000,-129.204,3.358,0.000,49.840787,27.7847,0.000000
2,1 May 2024 20:15:52.000,-203.975159,-16.8353,0.000119,10.2574,0.000614,512,0.5110,0.5133,30.000,-129.204,3.358,0.000,50.581339,27.7847,0.000000
2,1 May 2024 20:15:55.000,-203.975159,-16.8720,0.000119,10.2207,0.000606,512,0.5110,0.5133,30.000,-129.204,3.357,0.000,51.321892,27.7847,0.000000
2,1 May 2024 20:15:58.000,-203.975159,-16.9086,0.000118,10.1841,0.000597,512,0.5110,0.5133,30.000,-129.204,3.357,0.000,52.062446,27.7847,0.000000
2,1 May 2024 20:16:01.000,-203.975159,-16.9451,0.000118,10.1476,0.000589,512,0.5110,0.5134,30.000,-129.204,3.357,0.000,52.803001,27.7847,0.000000
2,1 May 2024 20:16:04.000,-203.975159,-16.9816,0.000118,10.1111,0.000580,512,0.5110,0.5134,30.000,-129.204,3.356,0.000,53.543557,27.7847,0.000000
2,1 May 2024 20:16:07.000,-203.975159,-17.0180,0.000118,10.0747,0.000572,512,0.5110,0.5134,30.000,-129.204,3.356,0.000,54.284114,27.7847,0.000000
2,1 May 2024 20:16:10.000,-203.975159,-17.0543,0.000118,10.0384,0.000565,512,0.5110,0.5134,30.000,-129.204,3.356,0.000,55.024672,27.7847,0.000000
2,1 May 2024 20:16:13.000,-203.975159,-17.0905,0.000118,10.0022,0.000558,512,0.5110,0.5134,30.000,-129.204,3.356,0.000,55.765231,27.7847,0.000000
2,1 May 2024 20:16:16.000,-203.975159,-17.1266,0.000117,9.9661,0.000550,512,0.5110,0.5134,30.000,-129.204,3.355,0.000,56.505791,27.7847,0.000000
2,1 May 2024 20:16:19.000,-203.975159,-17.1627,0.000117,9.9300,0.000543,512,0.5110,0.5134,30.000,-129.204,3.355,0.000,57.246352,27.7847,0.000000
2,1 May 2024 20:16:22.000,-203.975159,-17.1987,0.000117,9.8940,0.000537,512,0.5110,0.5134,30.000,-129.204,3.355,0.000,57.986913,27.7847,0.000000
2,1 May 2024 20:16:25.000,-203.975159,-17.2346,0.000117,9.8581,0.000530,512,0.5110,0.5134,30.000,-129.204,3.354,0.000,58.727476,27.7847,0.000000
2,1 May 2024 20:16:28.000,-203.975159,-17.2704,0.000117,9.8223,0.000522,512,0.5110,0.5134,30.000,-129.204,3.354,0.000,59.468039,27.7847,0.000000
2,1 May 2024 20:16:31.000,-203.975159,-17.3062,0.000117,9.7865,0.000516,512,0.5110,0.5134,30.000,-129.204,3.354,0.000,60.208603,27.7847,0.000000
2,1 May 2024 20:16:34.000,-203.975159,-17.3419,0.000117,9.7508,0.000509,512,0.5110,0.5134,30.000,-129.204,3.354,0.000,60.949169,27.7847,0.000000
2,1 May 2024 20:16:37.000,-203.975159,-17.3775,0.000117,9.7152,0.000503,512,0.5110,0.5134,30.000,-129.204,3.353,0.000,61.689734,27.7847,0.000000
2,1 May 2024 20:16:40.000,-203.975159,-17.4131,0.000116,9.6796,0.000497,512,0.5110,0.5134,30.000,-129.204,3.353,0.000,62.430301,27.7847,0.000000
2,1 May 2024 20:16:43.000,-203.975159,-17.4486,0.000116,9.6441,0.000491,512,0.5110,0.5134,30.000,-129.204,3.353,0.000,63.170869,27.7847,0.000000
2,1 May 2024 20:16:46.000,-203.975159,-17.4840,0.000116,9.6087,0.000486,512,0.5110,0.5134,30.000,-129.204,3.353,0.000,63.911438,27.7847,0.000000
2,1 May 2024 20:16:49.000,-203.975159,-17.5193,0.000116,9.5734,0.000480,512,0.5110,0.5134,30.000,-129.204,3.352,0.000,64.652007,27.7847,0.000000
2,1 May 2024 20:16:52.000,-203.975159,-17.5546,0.000116,9.5381,0.000474,512,0.5110,0.5134,30.000,-129.204,3.352,0.000,65.392577,27.7847,0.000000
2,1 May 2024 20:16:55.000,-203.975159,-17.5898,0.000116,9.5029,0.000468,512,0.5110,0.5134,30.000,-129.204,3.352,0.000,66.133148,27.7847,0.000000
2,1 May 2024 20:16:58.000,-203.975159,-17.6249,0.000116,9.4678,0.000462,512,0.5110,0.5134,30.000,-129.204,3.352,0.000,66.873720,27.7847,0.000000
2,1 May 2024 20:17:01.000,-203.975159,-17.6600,0.000116,9.4327,0.000457,512,0.5110,0.5135,30.000,-129.204,3.351,0.000,67.614293,27.7847,0.000000
2,1 May 2024 20:17:04.000,-203.975159,-17.6949,0.000115,9.3978,0.000452,512,0.5110,0.5135,30.000,-129.204,3.351,0.000,68.354866,27.7847,0.000000
2,1 May 2024 20:17:07.000,-203.975159,-17.7298,0.000115,9.3629,0.000447,512,0.5110,0.5135,30.000,-129.204,3.351,0.000,69.095440,27.7847,0.000000
2,1 May 2024 20:17:10.000,-203.975159,-17.7647,0.000115,9.3280,0.000442,512,0.5110,0.5135,30.000,-129.204,3.351,0.000,69.836015,27.7847,0.000000
2,1 May 2024 20:17:13.000,-203.975159,-17.7995,0.000115,9.2932,0.000438,512,0.5110,0.5135,30.000,-129.204,3.350,0.000,70.576591,27.7847,0.000000
2,1 May 2024 20:17:16.000,-203.975159,-17.8342,0.000115,9.2585,0.000433,512,0.5110,0.5135,30.000,-129.204,3.350,0.000,71.317167,27.7847,0.000000
2,1 May 2024 20:17:19.000,-203.975159,-17.8688,0.000115,9.2239,0.000428,512,0.5110,0.5135,30.000,-129.204,3.350,0.000,72.057745,27.7847,0.000000
2,1 May 2024 20:17:22.000,-203.975159,-17.9034,0.000115,9.1893,0.000423,512,0.5110,0.5135,30.000,-129.204,3.350,0.000,72.798323,27.7847,0.000000
2,1 May 2024 20:17:25.000,-203.975159,-17.9378,0.000115,9.1549,0.000418,512,0.5110,0.5135,30.000,-129.204,3.350,0.000,73.538901,27.7847,0.000000
2,1 May 2024 20:17:28.000,-203.975159,-17.9723,0.000114,9.1204,0.000414,512,0.5110,0.5135,30.000,-129.204,3.349,0.000,74.279481,27.7847,0.000000
2,1 May 2024 20:17:31.000,-203.975159,-18.0066,0.000114,9.0861,0.000410,512,0.5110,0.5135,30.000,-129.204,3.349,0.000,75.020061,27.7847,0.000000
2,1 May 2024 20:17:34.000,-203.975159,-18.0409,0.000114,9.0518,0.000406,512,0.5110,0.5135,30.000,-129.204,3.349,0.000,75.760641,27.7847,0.000000
2,1 May 2024 20:17:37.000,-203.975159,-18.0751,0.000114,9.0176,0.000401,512,0.5110,0.5135,30.000,-129.204,3.349,0.000,76.501223,27.7847,0.000000
2,1 May 2024 20:17:40.000,-203.975159,-18.1093,0.000114,8.9834,0.000397,512,0.5110,0.5135,30.000,-129.204,3.349,0.000,77.241805,27.7847,0.000000
2,1 May 2024 20:17:43.000,-203.975159,-18.1434,0.000114,8.9493,0.000394,512,0.5110,0.5135,30.000,-129.204,3.348,0.000,77.982388,27.7847,0.000000
2,1 May 2024 20:17:46.000,-203.975159,-18.1774,0.000114,8.9153,0.000390,512,0.5110,0.5135,30.000,-129.204,3.348,0.000,78.722971,27.7847,0.000000
2,1 May 2024 20:17:49.000,-203.975159,-18.2114,0.000114,8.8813,0.000386,512,0.5110,0.5135,30.000,-129.204,3.348,0.000,79.463555,27.7847,0.000000
2,1 May 2024 20:17:52.000,-203.975159,-18.2453,0.000114,8.8474,0.000382,512,0.5110,0.5135,30.000,-129.204,3.348,0.000,80.204139,27.7847,0.000000
2,1 May 2024 20:17:55.000,-203.975159,-18.2791,0.000113,8.8136,0.000378,512,0.5110,0.5135,30.000,-129.204,3.348,0.000,80.944725,27.7847,0.000000
2,1 May 2024 20:17:58.000,-203.975159,-18.3128,0.000113,8.7799,0.000374,512,0.5110,0.5135,30.000,-129.204,3.348,0.000,81.685311,27.7847,0.000000
2,1 May 2024 20:18:01.000,-203.975159,-18.3465,0.000113,8.7462,0.000370,512,0.5110,0.5135,30.000,-129.204,3.347,0.000,82.425897,27.7847,0.000000
2,1 May 2024 20:18:03.545,-203.975159,-18.3751,0.000113,8.7176,0.000368,512,0.5110,0.5136,30.000,-129.204,3.347,0.000,83.054116,27.7847,0.000000

